Datetime,kobuki_bat,powerbank_bat,position_x,position_y,throughput_upload,throughput_download,cpu_usage,ram_usage,completed_service_name,completed_service_duration
15/11/2023 19:28:15.894401,,,1.159615755,1.080771804,,,,,,
15/11/2023 19:28:15.937478,,,1.159615755,1.080771804,,,,,,
15/11/2023 19:28:15.977856,,,1.159615755,1.080771804,,,,,,
15/11/2023 19:28:16.150191,,,1.159615755,1.080771804,,,,,,
15/11/2023 19:28:16.276915,,,1.159615755,1.080771804,,,,,,
15/11/2023 19:28:16.635311,,,1.159615755,1.080771804,,,,,,
15/11/2023 19:28:16.673072,,,1.159615755,1.080771804,,,,,,
15/11/2023 19:28:16.695353,,,1.159615755,1.080771804,,,,,,
15/11/2023 19:28:16.712927,,,1.159615755,1.080771804,,,,,,
15/11/2023 19:28:16.720570,,,1.159615755,1.080771804,,,,,,
15/11/2023 19:28:16.723464,,,1.159615755,1.080771804,,,,,,
15/11/2023 19:28:16.740485,,,1.159615755,1.080771804,,,,,,
15/11/2023 19:28:16.745013,,,1.159615755,1.080771804,,,,,,
15/11/2023 19:28:16.747249,,,,,,,,,,
15/11/2023 19:28:16.770439,,,1.159615755,1.080771804,,,,,,
15/11/2023 19:28:16.771466,,,1.159615755,1.080771804,,,,,,
15/11/2023 19:28:16.807899,,,1.159615755,1.080771804,,,,,,
15/11/2023 19:28:16.825583,,,1.159615755,1.080771804,,,,,,
15/11/2023 19:28:16.827356,,,,,,43.37890625,,,,
15/11/2023 19:28:16.828963,,,,,77.29980469,,,,,
15/11/2023 19:28:16.857802,,,1.159615755,1.080771804,,,,,,
15/11/2023 19:28:16.865532,,,1.159615755,1.080771804,,,,,,
15/11/2023 19:28:16.878016,,,1.159615755,1.080771804,,,,,,
15/11/2023 19:28:16.890125,,,1.159615755,1.080771804,,,,,,
15/11/2023 19:28:16.927522,,,1.159615755,1.080771804,,,,,,
15/11/2023 19:28:16.965035,,,1.159615755,1.080771804,,,,,,
15/11/2023 19:28:17.120371,,,1.159615755,1.080771804,,,,,,
15/11/2023 19:28:17.528598,,,1.159615755,1.080771804,,,,,,
15/11/2023 19:28:17.570163,,,1.159615755,1.080771804,,,,,,
15/11/2023 19:28:17.578794,,,1.159615755,1.080771804,,,,,,
15/11/2023 19:28:17.592507,,,1.159615755,1.080771804,,,,,,
15/11/2023 19:28:17.597384,,,1.159615755,1.080771804,,,,,,
15/11/2023 19:28:17.612652,,,1.159615755,1.080771804,,,,,,
15/11/2023 19:28:17.617389,,,1.159615755,1.080771804,,,,,,
15/11/2023 19:28:17.640218,,,1.159615755,1.080771804,,,,,,
15/11/2023 19:28:17.642881,,,1.159615755,1.080771804,,,,,,
15/11/2023 19:28:17.645199,,,,,,,,,,
15/11/2023 19:28:17.669853,,,1.159615755,1.080771804,,,,,,
15/11/2023 19:28:17.697505,,,1.159615755,1.080771804,,,,,,
15/11/2023 19:28:17.722846,,,1.159615755,1.080771804,,,,,,
15/11/2023 19:28:17.727142,,,1.159615755,1.080771804,,,,,,
15/11/2023 19:28:17.760199,,,1.159615755,1.080771804,,,,,,
15/11/2023 19:28:17.782571,,,1.159615755,1.080771804,,,,,,
15/11/2023 19:28:17.787262,,,1.159615755,1.080771804,,,,,,
15/11/2023 19:28:17.789663,,,,,24.67871094,,,,,
15/11/2023 19:28:17.790009,,,,,,19.05078125,,,,
15/11/2023 19:28:17.815211,,,1.159615755,1.080771804,,,,,,
15/11/2023 19:28:17.830277,,,1.159615755,1.080771804,,,,,,
15/11/2023 19:28:17.844987,,,1.159615755,1.080771804,,,,,,
15/11/2023 19:28:17.882703,,,1.159615755,1.080771804,,,,,,
15/11/2023 19:28:17.930489,,,1.159615755,1.080771804,,,,,,
15/11/2023 19:28:17.973002,,,1.159615755,1.080771804,,,,,,
15/11/2023 19:28:18.103706,,,1.159615755,1.080771804,,,,,,
15/11/2023 19:28:18.175189,,,1.159615755,1.080771804,,,,,,
15/11/2023 19:28:18.630267,,,1.159615755,1.080771804,,,,,,
15/11/2023 19:28:18.660364,,,1.159615755,1.080771804,,,,,,
15/11/2023 19:28:18.667419,,,1.159615755,1.080771804,,,,,,
15/11/2023 19:28:18.702683,,,1.159615755,1.080771804,,,,,,
15/11/2023 19:28:18.724606,,,1.159615755,1.080771804,,,,,,
15/11/2023 19:28:18.725141,,,1.159615755,1.080771804,,,,,,
15/11/2023 19:28:18.753184,,,1.159615755,1.080771804,,,,,,
15/11/2023 19:28:18.780211,,,1.159615755,1.080771804,,,,,,
15/11/2023 19:28:18.781966,,,,,,,,,,
15/11/2023 19:28:18.814573,,,1.159615755,1.080771804,,,,,,
15/11/2023 19:28:18.855241,,,1.159615755,1.080771804,,,,,,
15/11/2023 19:28:18.858002,,,1.159615755,1.080771804,,,,,,
15/11/2023 19:28:18.925129,,,1.159615755,1.080771804,,,,,,
15/11/2023 19:28:18.938253,,,,,43.98925781,,,,,
15/11/2023 19:28:18.938641,,,,,,32.02539063,,,,
15/11/2023 19:28:18.950005,,,1.159615755,1.080771804,,,,,,
15/11/2023 19:28:18.957808,,,1.159615755,1.080771804,,,,,,
15/11/2023 19:28:18.973106,,,1.159615755,1.080771804,,,,,,
15/11/2023 19:28:18.982355,,,1.159615755,1.080771804,,,,,,
15/11/2023 19:28:18.997681,,,1.159615755,1.080771804,,,,,,
15/11/2023 19:28:19.297686,,,1.159615755,1.080771804,,,,,,
15/11/2023 19:28:19.513995,,,1.159615755,1.080771804,,,,,,
15/11/2023 19:28:19.534420,,,1.159615755,1.080771804,,,,,,
15/11/2023 19:28:19.549993,,,1.159615755,1.080771804,,,,,,
15/11/2023 19:28:19.562421,,,1.159615755,1.080771804,,,,,,
15/11/2023 19:28:19.570172,,,1.159615755,1.080771804,,,,,,
15/11/2023 19:28:19.574808,,,1.159615755,1.080771804,,,,,,
15/11/2023 19:28:19.589867,,,1.159615755,1.080771804,,,,,,
15/11/2023 19:28:19.592534,,,1.159615755,1.080771804,,,,,,
15/11/2023 19:28:19.597608,,,1.159615755,1.080771804,,,,,,
15/11/2023 19:28:19.599930,,,,,,,,,,
15/11/2023 19:28:19.622663,,,1.159615755,1.080771804,,,,,,
15/11/2023 19:28:19.623709,,,1.159615755,1.080771804,,,,,,
15/11/2023 19:28:19.626093,,,1.159615755,1.080771804,,,,,,
15/11/2023 19:28:19.634293,,,1.159615755,1.080771804,,,,,,
15/11/2023 19:28:19.636400,,,1.159615755,1.080771804,,,,,,
15/11/2023 19:28:19.662662,,,1.159615755,1.080771804,,,,,,
15/11/2023 19:28:19.687760,,,1.159615755,1.080771804,,,,,,
15/11/2023 19:28:19.713045,,,1.159615755,1.080771804,,,,,,
15/11/2023 19:28:19.713481,,,,,,1.19140625,,,,
15/11/2023 19:28:19.715707,,,,,27.88867188,,,,,
15/11/2023 19:28:19.755521,,,1.159615755,1.080771804,,,,,,
15/11/2023 19:28:19.813031,,,1.159615755,1.080771804,,,,,,
15/11/2023 19:28:19.860367,,,1.159615755,1.080771804,,,,,,
15/11/2023 19:28:19.885097,,,1.159615755,1.080771804,,,,,,
15/11/2023 19:28:19.926372,,,1.159615755,1.080771804,,,,,,
15/11/2023 19:28:19.937107,,,1.159615755,1.080771804,,,,,,
15/11/2023 19:28:19.971254,,,1.159615755,1.080771804,,,,,,
15/11/2023 19:28:20.125572,,,1.159615755,1.080771804,,,,,,
15/11/2023 19:28:20.146743,,,1.159615755,1.080771804,,,,,,
15/11/2023 19:28:20.570099,,,1.159615755,1.080771804,,,,,,
15/11/2023 19:28:20.574167,,,1.159615755,1.080771804,,,,,,
15/11/2023 19:28:20.607908,,,1.159615755,1.080771804,,,,,,
15/11/2023 19:28:20.615312,,,1.159615755,1.080771804,,,,,,
15/11/2023 19:28:20.640552,,,1.159615755,1.080771804,,,,,,
15/11/2023 19:28:20.643445,,,1.159615755,1.080771804,,,,,,
15/11/2023 19:28:20.670011,,,1.159615755,1.080771804,,,,,,
15/11/2023 19:28:20.704150,,,1.159615755,1.080771804,,,,,,
15/11/2023 19:28:20.704332,,,,,,,,,,
15/11/2023 19:28:20.733993,,,1.159615755,1.080771804,,,,,,
15/11/2023 19:28:20.736914,,,1.159615755,1.080771804,,,,,,
15/11/2023 19:28:20.759963,,,1.159615755,1.080771804,,,,,,
15/11/2023 19:28:20.816128,,,1.159615755,1.080771804,,,,,,
15/11/2023 19:28:20.823385,76.9697,35.01,,,,,95.9,8.18737152,,
15/11/2023 19:28:20.825928,,,1.159615755,1.080771804,,,,,,
15/11/2023 19:28:20.841136,,,1.159615755,1.080771804,,,,,,
15/11/2023 19:28:20.858582,,,,,14.90332031,,,,,
15/11/2023 19:28:20.858685,,,,,,0.911132813,,,,
15/11/2023 19:28:20.872771,,,1.159615755,1.080771804,,,,,,
15/11/2023 19:28:20.877248,,,1.159615755,1.080771804,,,,,,
15/11/2023 19:28:20.925455,,,1.159615755,1.080771804,,,,,,
15/11/2023 19:28:20.929748,,,1.159615755,1.080771804,,,,,,
15/11/2023 19:28:20.995180,,,1.159615755,1.080771804,,,,,,
15/11/2023 19:28:21.266368,,,1.159615755,1.080771804,,,,,,
15/11/2023 19:28:21.563086,,,1.159615755,1.080771804,,,,,,
15/11/2023 19:28:21.566058,,,1.159615755,1.080771804,,,,,,
15/11/2023 19:28:21.577733,,,1.159615755,1.080771804,,,,,,
15/11/2023 19:28:21.580180,,,1.159615755,1.080771804,,,,,,
15/11/2023 19:28:21.605248,,,1.159615755,1.080771804,,,,,,
15/11/2023 19:28:21.617835,,,1.159615755,1.080771804,,,,,,
15/11/2023 19:28:21.620568,,,1.159615755,1.080771804,,,,,,
15/11/2023 19:28:21.624926,,,1.159615755,1.080771804,,,,,,
15/11/2023 19:28:21.629963,76.9697,35.48,,,,,97.2,8.18737152,,
15/11/2023 19:28:21.630338,,,,,,,,,,
15/11/2023 19:28:21.650133,,,1.159615755,1.080771804,,,,,,
15/11/2023 19:28:21.651265,,,1.159615755,1.080771804,,,,,,
15/11/2023 19:28:21.652353,,,1.159615755,1.080771804,,,,,,
15/11/2023 19:28:21.653419,,,1.159615755,1.080771804,,,,,,
15/11/2023 19:28:21.687814,,,1.159615755,1.080771804,,,,,,
15/11/2023 19:28:21.733032,,,1.159615755,1.080771804,,,,,,
15/11/2023 19:28:21.768757,,,1.159615755,1.080771804,,,,,,
15/11/2023 19:28:21.768900,,,,,23.90039063,,,,,
15/11/2023 19:28:21.769835,,,1.159615755,1.080771804,,,,,,
15/11/2023 19:28:21.771445,,,,,,1.359375,,,,
15/11/2023 19:28:21.796191,,,1.159615755,1.080771804,,,,,,
15/11/2023 19:28:21.806577,,,1.159615755,1.080771804,,,,,,
15/11/2023 19:28:21.834176,,,1.159615755,1.080771804,,,,,,
15/11/2023 19:28:21.875611,,,1.159615755,1.080771804,,,,,,
15/11/2023 19:28:21.924538,,,1.159615755,1.080771804,,,,,,
15/11/2023 19:28:21.925439,,,1.159615755,1.080771804,,,,,,
15/11/2023 19:28:21.967751,,,1.159615755,1.080771804,,,,,,
15/11/2023 19:28:21.974823,76.9697,35.35,,,,,93.9,8.18737152,,
15/11/2023 19:28:22.153420,,,1.159615755,1.080771804,,,,,,
15/11/2023 19:28:22.553345,,,1.159615755,1.080771804,,,,,,
15/11/2023 19:28:22.636234,,,1.159615755,1.080771804,,,,,,
15/11/2023 19:28:22.648637,,,1.159615755,1.080771804,,,,,,
15/11/2023 19:28:22.663665,,,1.159615755,1.080771804,,,,,,
15/11/2023 19:28:22.678561,,,1.159615755,1.080771804,,,,,,
15/11/2023 19:28:22.700979,,,1.159615755,1.080771804,,,,,,
15/11/2023 19:28:22.720945,,,1.159615755,1.080771804,,,,,,
15/11/2023 19:28:22.735964,,,1.159615755,1.080771804,,,,,,
15/11/2023 19:28:22.738297,,,,,,,,,,
15/11/2023 19:28:22.757070,,,1.159615755,1.080771804,,,,,,
15/11/2023 19:28:22.793567,,,1.159615755,1.080771804,,,,,,
15/11/2023 19:28:22.794384,,,1.159615755,1.080771804,,,,,,
15/11/2023 19:28:22.818427,,,1.159615755,1.080771804,,,,,,
15/11/2023 19:28:22.881059,,,,,16.55273438,,,,,
15/11/2023 19:28:22.881184,,,,,,1.1015625,,,,
15/11/2023 19:28:22.890935,,,1.159615755,1.080771804,,,,,,
15/11/2023 19:28:22.893427,,,1.159615755,1.080771804,,,,,,
15/11/2023 19:28:22.905947,,,1.159615755,1.080771804,,,,,,
15/11/2023 19:28:22.921053,,,1.159615755,1.080771804,,,,,,
15/11/2023 19:28:22.938534,,,1.159615755,1.080771804,,,,,,
15/11/2023 19:28:22.974682,,,1.159615755,1.080771804,,,,,,
15/11/2023 19:28:22.996154,,,1.159615755,1.080771804,,,,,,
15/11/2023 19:28:23.121117,,,1.159615755,1.080771804,,,,,,
15/11/2023 19:28:23.531164,,,1.159615755,1.080771804,,,,,,
15/11/2023 19:28:23.545914,,,1.159615755,1.080771804,,,,,,
15/11/2023 19:28:23.586167,,,1.159615755,1.080771804,,,,,,
15/11/2023 19:28:23.611159,,,1.159615755,1.080771804,,,,,,
15/11/2023 19:28:23.615979,,,1.159615755,1.080771804,,,,,,
15/11/2023 19:28:23.636018,,,1.159615755,1.080771804,,,,,,
15/11/2023 19:28:23.658515,,,1.159615755,1.080771804,,,,,,
15/11/2023 19:28:23.660824,,,,,,,,,,
15/11/2023 19:28:23.681995,,,1.159615755,1.080771804,,,,,,
15/11/2023 19:28:23.685959,,,1.159615755,1.080771804,,,,,,
15/11/2023 19:28:23.710922,,,1.159615755,1.080771804,,,,,,
15/11/2023 19:28:23.711675,,,1.159615755,1.080771804,,,,,,
15/11/2023 19:28:23.720996,,,1.159615755,1.080771804,,,,,,
15/11/2023 19:28:23.721788,,,1.159615755,1.080771804,,,,,,
15/11/2023 19:28:23.730907,,,1.159615755,1.080771804,,,,,,
15/11/2023 19:28:23.753469,,,1.159615755,1.080771804,,,,,,
15/11/2023 19:28:23.755861,,,,,21.89648438,,,,,
15/11/2023 19:28:23.755958,,,,,,1.19140625,,,,
15/11/2023 19:28:23.758412,,,1.159615755,1.080771804,,,,,,
15/11/2023 19:28:23.786098,,,1.159615755,1.080771804,,,,,,
15/11/2023 19:28:23.838632,,,1.159615755,1.080771804,,,,,,
15/11/2023 19:28:23.878684,,,1.159615755,1.080771804,,,,,,
15/11/2023 19:28:23.916101,,,1.159615755,1.080771804,,,,,,
15/11/2023 19:28:24.161758,,,1.159615755,1.080771804,,,,,,
15/11/2023 19:28:24.410785,,,1.159615755,1.080771804,,,,,,
15/11/2023 19:28:24.600198,,,1.159615755,1.080771804,,,,,,
15/11/2023 19:28:24.622389,,,1.159615755,1.080771804,,,,,,
15/11/2023 19:28:24.649997,,,1.159615755,1.080771804,,,,,,
15/11/2023 19:28:24.662061,,,1.159615755,1.080771804,,,,,,
15/11/2023 19:28:24.689247,,,1.159615755,1.080771804,,,,,,
15/11/2023 19:28:24.732948,,,1.159615755,1.080771804,,,,,,
15/11/2023 19:28:24.735401,,,1.159615755,1.080771804,,,,,,
15/11/2023 19:28:24.802302,,,,,,,,,,
15/11/2023 19:28:24.810277,,,1.159615755,1.080771804,,,,,,
15/11/2023 19:28:24.833004,,,1.159615755,1.080771804,,,,,,
15/11/2023 19:28:24.837143,,,1.159615755,1.080771804,,,,,,
15/11/2023 19:28:24.839611,,,1.159615755,1.080771804,,,,,,
15/11/2023 19:28:24.897367,,,1.159615755,1.080771804,,,,,,
15/11/2023 19:28:24.899825,,,1.159615755,1.080771804,,,,,,
15/11/2023 19:28:24.902220,,,1.159615755,1.080771804,,,,,,
15/11/2023 19:28:24.904469,,,,,17.75097656,,,,,
15/11/2023 19:28:24.904799,,,,,,15.0703125,,,,
15/11/2023 19:28:24.916544,,,1.159615755,1.080771804,,,,,,
15/11/2023 19:28:24.929106,,,1.159615755,1.080771804,,,,,,
15/11/2023 19:28:24.930852,,,1.159615755,1.080771804,,,,,,
15/11/2023 19:28:24.934690,,,1.159615755,1.080771804,,,,,,
15/11/2023 19:28:24.975421,,,1.159615755,1.080771804,,,,,,
15/11/2023 19:28:25.107841,,,1.159615755,1.080771804,,,,,,
15/11/2023 19:28:25.179353,,,1.159615755,1.080771804,,,,,,
15/11/2023 19:28:25.206333,,,1.159615755,1.080771804,,,,,,
15/11/2023 19:28:25.801548,,,1.159615755,1.080771804,,,,,,
15/11/2023 19:28:25.847457,,,1.159615755,1.080771804,,,,,,
15/11/2023 19:28:25.897284,,,1.159615755,1.080771804,,,,,,
15/11/2023 19:28:25.905987,,,1.159615755,1.080771804,,,,,,
15/11/2023 19:28:25.973681,,,1.159615755,1.080771804,,,,,,
15/11/2023 19:28:26.126491,,,1.159615755,1.080771804,,,,,,
15/11/2023 19:28:26.152527,,,1.159615755,1.080771804,,,,,,
15/11/2023 19:28:26.167307,,,1.159615755,1.080771804,,,,,,
15/11/2023 19:28:26.167742,,,,,16.71386719,,,,,
15/11/2023 19:28:26.169914,,,,,,19.00585938,,,,
15/11/2023 19:28:26.198757,,,1.159615755,1.080771804,,,,,,
15/11/2023 19:28:26.216133,,,1.159615755,1.080771804,,,,,,
15/11/2023 19:28:26.229258,,,1.159615755,1.080771804,,,,,,
15/11/2023 19:28:26.256622,,,1.159615755,1.080771804,,,,,,
15/11/2023 19:28:26.264212,,,1.159615755,1.080771804,,,,,,
15/11/2023 19:28:26.274270,,,1.159615755,1.080771804,,,,,,
15/11/2023 19:28:26.389626,,,1.159615755,1.080771804,,,,,,
15/11/2023 19:28:26.464258,,,1.159615755,1.080771804,,,,,,
15/11/2023 19:28:26.488793,,,,,,,,,,
15/11/2023 19:28:26.654605,,,1.159615755,1.080771804,,,,,,
15/11/2023 19:28:26.714991,,,1.159615755,1.080771804,,,,,,
15/11/2023 19:28:26.732949,,,1.159615755,1.080771804,,,,,,
15/11/2023 19:28:26.752867,,,1.159615755,1.080771804,,,,,,
15/11/2023 19:28:26.777671,,,1.159615755,1.080771804,,,,,,
15/11/2023 19:28:26.802624,,,1.159615755,1.080771804,,,,,,
15/11/2023 19:28:26.837459,,,1.159615755,1.080771804,,,,,,
15/11/2023 19:28:26.840130,,,1.159615755,1.080771804,,,,,,
15/11/2023 19:28:26.842859,,,1.159615755,1.080771804,,,,,,
15/11/2023 19:28:26.843296,,,,,,,,,,
15/11/2023 19:28:26.868064,,,1.159615755,1.080771804,,,,,,
15/11/2023 19:28:26.881868,,,1.159615755,1.080771804,,,,,,
15/11/2023 19:28:26.970995,,,1.159615755,1.080771804,,,,,,
15/11/2023 19:28:26.971436,,,,,,32.48046875,,,,
15/11/2023 19:28:26.971801,,,,,43.44921875,,,,,
15/11/2023 19:28:26.995300,,,1.159615755,1.080771804,,,,,,
15/11/2023 19:28:27.128326,,,1.159615755,1.080771804,,,,,,
15/11/2023 19:28:27.155310,,,1.159615755,1.080771804,,,,,,
15/11/2023 19:28:27.228628,,,1.159615755,1.080771804,,,,,,
15/11/2023 19:28:27.299180,,,1.159615755,1.080771804,,,,,,
15/11/2023 19:28:27.476021,,,1.159615755,1.080771804,,,,,,
15/11/2023 19:28:27.560001,,,1.159615755,1.080771804,,,,,,
15/11/2023 19:28:27.575360,,,1.159615755,1.080771804,,,,,,
15/11/2023 19:28:27.595294,,,1.159615755,1.080771804,,,,,,
15/11/2023 19:28:27.612693,,,1.159615755,1.080771804,,,,,,
15/11/2023 19:28:27.629873,,,1.159615755,1.080771804,,,,,,
15/11/2023 19:28:27.662507,,,1.159615755,1.080771804,,,,,,
15/11/2023 19:28:27.665187,,,1.159615755,1.080771804,,,,,,
15/11/2023 19:28:27.689538,,,,,,,,,,
15/11/2023 19:28:27.708014,,,1.159615755,1.080771804,,,,,,
15/11/2023 19:28:27.747699,,,1.159615755,1.080771804,,,,,,
15/11/2023 19:28:27.782494,,,1.159615755,1.080771804,,,,,,
15/11/2023 19:28:27.832869,,,1.159615755,1.080771804,,,,,,
15/11/2023 19:28:27.840146,,,1.159615755,1.080771804,,,,,,
15/11/2023 19:28:27.892628,,,1.159615755,1.080771804,,,,,,
15/11/2023 19:28:27.899900,,,1.159615755,1.080771804,,,,,,
15/11/2023 19:28:27.947782,,,1.159615755,1.080771804,,,,,,
15/11/2023 19:28:27.952163,,,,,22.61132813,,,,,
15/11/2023 19:28:27.952506,,,,,,1.30859375,,,,
15/11/2023 19:28:27.962761,,,1.159615755,1.080771804,,,,,,
15/11/2023 19:28:27.984988,,,1.159615755,1.080771804,,,,,,
15/11/2023 19:28:27.997665,,,1.159615755,1.080771804,,,,,,
15/11/2023 19:28:28.175862,,,1.159615755,1.080771804,,,,,,
15/11/2023 19:28:28.403994,,,1.159615755,1.080771804,,,,,,
15/11/2023 19:28:28.512065,,,1.159615755,1.080771804,,,,,,
15/11/2023 19:28:28.645256,,,1.159615755,1.080771804,,,,,,
15/11/2023 19:28:28.647993,,,1.159615755,1.080771804,,,,,,
15/11/2023 19:28:28.655631,,,1.159615755,1.080771804,,,,,,
15/11/2023 19:28:28.702480,,,1.159615755,1.080771804,,,,,,
15/11/2023 19:28:28.729335,,,1.159615755,1.080771804,,,,,,
15/11/2023 19:28:28.741609,,,1.159615755,1.080771804,,,,,,
15/11/2023 19:28:28.775378,,,1.159615755,1.080771804,,,,,,
15/11/2023 19:28:28.798616,,,1.159615755,1.080771804,,,,,,
15/11/2023 19:28:28.807903,,,1.159615755,1.080771804,,,,,,
15/11/2023 19:28:28.850156,,,1.159615755,1.080771804,,,,,,
15/11/2023 19:28:28.857106,,,,,,,,,,
15/11/2023 19:28:28.875598,,,1.159615755,1.080771804,,,,,,
15/11/2023 19:28:28.883855,,,1.159615755,1.080771804,,,,,,
15/11/2023 19:28:28.910387,,,1.159615755,1.080771804,,,,,,
15/11/2023 19:28:28.921167,,,1.159615755,1.080771804,,,,,,
15/11/2023 19:28:28.930325,,,1.159615755,1.080771804,,,,,,
15/11/2023 19:28:28.947745,,,1.159615755,1.080771804,,,,,,
15/11/2023 19:28:28.950238,,,,,17.06445313,,,,,
15/11/2023 19:28:28.950578,,,,,,0.84765625,,,,
15/11/2023 19:28:28.974880,,,1.159615755,1.080771804,,,,,,
15/11/2023 19:28:28.977561,,,1.159615755,1.080771804,,,,,,
15/11/2023 19:28:28.997500,,,1.159615755,1.080771804,,,,,,
15/11/2023 19:28:29.103642,,,1.159615755,1.080771804,,,,,,
15/11/2023 19:28:29.109669,,,1.159615755,1.080771804,,,,,,
15/11/2023 19:28:29.134350,,,1.159615755,1.080771804,,,,,,
15/11/2023 19:28:29.159463,,,1.159615755,1.080771804,,,,,,
15/11/2023 19:28:29.233863,,,1.159615755,1.080771804,,,,,,
15/11/2023 19:28:29.445045,,,1.159615755,1.080771804,,,,,,
15/11/2023 19:28:29.454869,,,1.159615755,1.080771804,,,,,,
15/11/2023 19:28:29.462142,,,1.159615755,1.080771804,,,,,,
15/11/2023 19:28:29.473485,,,1.159615755,1.080771804,,,,,,
15/11/2023 19:28:29.474308,,,1.159615755,1.080771804,,,,,,
15/11/2023 19:28:29.475934,,,1.159615755,1.080771804,,,,,,
15/11/2023 19:28:29.476059,,,,,,,,,,
15/11/2023 19:28:29.494673,,,1.159615755,1.080771804,,,,,,
15/11/2023 19:28:29.503629,,,1.159615755,1.080771804,,,,,,
15/11/2023 19:28:29.553684,,,1.159615755,1.080771804,,,,,,
15/11/2023 19:28:29.564341,,,1.159615755,1.080771804,,,,,,
15/11/2023 19:28:29.596226,,,1.159615755,1.080771804,,,,,,
15/11/2023 19:28:29.641757,,,1.159615755,1.080771804,,,,,,
15/11/2023 19:28:29.659986,,,1.159615755,1.080771804,,,,,,
15/11/2023 19:28:29.689991,,,1.159615755,1.080771804,,,,,,
15/11/2023 19:28:29.733207,,,1.159615755,1.080771804,,,,,,
15/11/2023 19:28:29.733676,,,,,,6.21484375,,,,
15/11/2023 19:28:29.736115,,,,,27.81445313,,,,,
15/11/2023 19:28:29.779972,,,1.159615755,1.080771804,,,,,,
15/11/2023 19:28:29.852682,,,1.159615755,1.080771804,,,,,,
15/11/2023 19:28:29.875475,,,1.159615755,1.080771804,,,,,,
15/11/2023 19:28:29.902459,,,1.159615755,1.080771804,,,,,,
15/11/2023 19:28:29.945406,,,1.159615755,1.080771804,,,,,,
15/11/2023 19:28:30.437118,,,1.159615755,1.080771804,,,,,,
15/11/2023 19:28:30.470291,,,1.159615755,1.080771804,,,,,,
15/11/2023 19:28:30.502568,,,1.159615755,1.080771804,,,,,,
15/11/2023 19:28:30.505271,,,1.159615755,1.080771804,,,,,,
15/11/2023 19:28:30.522407,,,1.159615755,1.080771804,,,,,,
15/11/2023 19:28:30.524474,,,1.159615755,1.080771804,,,,,,
15/11/2023 19:28:30.529791,,,1.159615755,1.080771804,,,,,,
15/11/2023 19:28:30.532439,,,1.159615755,1.080771804,,,,,,
15/11/2023 19:28:30.535054,,,1.159615755,1.080771804,,,,,,
15/11/2023 19:28:30.537669,,,1.159615755,1.080771804,,,,,,
15/11/2023 19:28:30.559603,,,,,,,,,,
15/11/2023 19:28:30.577897,,,1.159615755,1.080771804,,,,,,
15/11/2023 19:28:30.583727,,,1.159615755,1.080771804,,,,,,
15/11/2023 19:28:30.605207,,,1.159615755,1.080771804,,,,,,
15/11/2023 19:28:30.615022,,,1.159615755,1.080771804,,,,,,
15/11/2023 19:28:30.630157,,,1.159615755,1.080771804,,,,,,
15/11/2023 19:28:30.639699,76.9697,35.35,,,,,96.5,8.18737152,,
15/11/2023 19:28:30.657400,,,1.159615755,1.080771804,,,,,,
15/11/2023 19:28:30.684994,,,1.159615755,1.080771804,,,,,,
15/11/2023 19:28:30.725988,,,,,21.64453125,,,,,
15/11/2023 19:28:30.726512,,,,,,1.109375,,,,
15/11/2023 19:28:30.736123,,,1.159615755,1.080771804,,,,,,
15/11/2023 19:28:30.776112,,,1.159615755,1.080771804,,,,,,
15/11/2023 19:28:30.818752,,,1.159615755,1.080771804,,,,,,
15/11/2023 19:28:30.837783,,,1.159615755,1.080771804,,,,,,
15/11/2023 19:28:30.873757,,,1.159615755,1.080771804,,,,,,
15/11/2023 19:28:30.908843,,,1.159615755,1.080771804,,,,,,
15/11/2023 19:28:30.948690,,,1.159615755,1.080771804,,,,,,
15/11/2023 19:28:30.996826,,,1.159615755,1.080771804,,,,,,
15/11/2023 19:28:31.476077,,,1.159615755,1.080771804,,,,,,
15/11/2023 19:28:31.517430,,,1.159615755,1.080771804,,,,,,
15/11/2023 19:28:31.547740,,,1.159615755,1.080771804,,,,,,
15/11/2023 19:28:31.550622,,,1.159615755,1.080771804,,,,,,
15/11/2023 19:28:31.610260,,,1.159615755,1.080771804,,,,,,
15/11/2023 19:28:31.627608,,,1.159615755,1.080771804,,,,,,
15/11/2023 19:28:31.630388,,,1.159615755,1.080771804,,,,,,
15/11/2023 19:28:31.642209,,,,,,,,,,
15/11/2023 19:28:31.659581,76.9697,35.67,,,,,93.5,8.18737152,,
15/11/2023 19:28:31.660261,,,1.159615755,1.080771804,,,,,,
15/11/2023 19:28:31.666888,,,1.159615755,1.080771804,,,,,,
15/11/2023 19:28:31.702512,,,1.159615755,1.080771804,,,,,,
15/11/2023 19:28:31.722706,,,1.159615755,1.080771804,,,,,,
15/11/2023 19:28:31.730300,,,1.159615755,1.080771804,,,,,,
15/11/2023 19:28:31.747569,,,1.159615755,1.080771804,,,,,,
15/11/2023 19:28:31.805244,,,1.159615755,1.080771804,,,,,,
15/11/2023 19:28:31.805678,,,,,,1.109375,,,,
15/11/2023 19:28:31.807123,,,,,18.35742188,,,,,
15/11/2023 19:28:31.817818,,,1.159615755,1.080771804,,,,,,
15/11/2023 19:28:31.827598,,,1.159615755,1.080771804,,,,,,
15/11/2023 19:28:31.829788,,,1.159615755,1.080771804,,,,,,
15/11/2023 19:28:31.852808,,,1.159615755,1.080771804,,,,,,
15/11/2023 19:28:31.858456,,,1.159615755,1.080771804,,,,,,
15/11/2023 19:28:31.891593,,,1.159615755,1.080771804,,,,,,
15/11/2023 19:28:31.939025,,,1.159615755,1.080771804,,,,,,
15/11/2023 19:28:31.974121,76.9697,35.31,,,,,97.2,8.18737152,,
15/11/2023 19:28:31.984165,,,1.159615755,1.080771804,,,,,,
15/11/2023 19:28:32.227898,,,1.159615755,1.080771804,,,,,,
15/11/2023 19:28:32.595294,,,1.159615755,1.080771804,,,,,,
15/11/2023 19:28:32.617964,,,1.159615755,1.080771804,,,,,,
15/11/2023 19:28:32.627694,,,1.159615755,1.080771804,,,,,,
15/11/2023 19:28:32.630563,,,1.159615755,1.080771804,,,,,,
15/11/2023 19:28:32.633456,,,1.159615755,1.080771804,,,,,,
15/11/2023 19:28:32.640481,,,1.159615755,1.080771804,,,,,,
15/11/2023 19:28:32.657680,,,1.159615755,1.080771804,,,,,,
15/11/2023 19:28:32.675133,,,1.159615755,1.080771804,,,,,,
15/11/2023 19:28:32.691823,,,,,,,,,,
15/11/2023 19:28:32.713063,,,1.159615755,1.080771804,,,,,,
15/11/2023 19:28:32.714198,,,1.159615755,1.080771804,,,,,,
15/11/2023 19:28:32.730244,,,1.159615755,1.080771804,,,,,,
15/11/2023 19:28:32.781233,,,1.159615755,1.080771804,,,,,,
15/11/2023 19:28:32.801179,,,1.159615755,1.080771804,,,,,,
15/11/2023 19:28:32.819147,,,1.159615755,1.080771804,,,,,,
15/11/2023 19:28:32.819301,,,,,21.03808594,,,,,
15/11/2023 19:28:32.819383,,,,,,10.0390625,,,,
15/11/2023 19:28:32.826218,,,1.159615755,1.080771804,,,,,,
15/11/2023 19:28:32.828854,,,1.159615755,1.080771804,,,,,,
15/11/2023 19:28:32.862559,,,1.159615755,1.080771804,,,,,,
15/11/2023 19:28:32.902643,,,1.159615755,1.080771804,,,,,,
15/11/2023 19:28:32.953046,,,1.159615755,1.080771804,,,,,,
15/11/2023 19:28:32.997548,,,1.159615755,1.080771804,,,,,,
15/11/2023 19:28:33.107666,,,1.159615755,1.080771804,,,,,,
15/11/2023 19:28:33.185171,,,1.159615755,1.080771804,,,,,,
15/11/2023 19:28:33.529672,,,1.159615755,1.080771804,,,,,,
15/11/2023 19:28:33.684979,,,1.159615755,1.080771804,,,,,,
15/11/2023 19:28:33.692145,,,1.159615755,1.080771804,,,,,,
15/11/2023 19:28:33.694726,,,1.159615755,1.080771804,,,,,,
15/11/2023 19:28:33.721355,,,1.159615755,1.080771804,,,,,,
15/11/2023 19:28:33.722367,,,1.159615755,1.080771804,,,,,,
15/11/2023 19:28:33.805182,,,1.159615755,1.080771804,,,,,,
15/11/2023 19:28:33.833188,,,1.159615755,1.080771804,,,,,,
15/11/2023 19:28:33.835768,,,,,,,,,,
15/11/2023 19:28:33.860652,,,1.159615755,1.080771804,,,,,,
15/11/2023 19:28:33.861956,,,1.159615755,1.080771804,,,,,,
15/11/2023 19:28:33.887774,,,1.159615755,1.080771804,,,,,,
15/11/2023 19:28:33.910232,,,1.159615755,1.080771804,,,,,,
15/11/2023 19:28:33.917745,,,,,16.53808594,,,,,
15/11/2023 19:28:33.918169,,,,,,18.8984375,,,,
15/11/2023 19:28:33.927662,,,1.159615755,1.080771804,,,,,,
15/11/2023 19:28:33.930401,,,1.159615755,1.080771804,,,,,,
15/11/2023 19:28:33.933066,,,1.159615755,1.080771804,,,,,,
15/11/2023 19:28:33.935699,,,1.159615755,1.080771804,,,,,,
15/11/2023 19:28:33.942600,,,1.159615755,1.080771804,,,,,,
15/11/2023 19:28:33.984941,,,1.159615755,1.080771804,,,,,,
15/11/2023 19:28:34.354272,,,1.159615755,1.080771804,,,,,,
15/11/2023 19:28:34.577292,,,1.159615755,1.080771804,,,,,,
15/11/2023 19:28:34.598708,,,1.159615755,1.080771804,,,,,,
15/11/2023 19:28:34.623717,,,1.159615755,1.080771804,,,,,,
15/11/2023 19:28:34.651149,,,1.159615755,1.080771804,,,,,,
15/11/2023 19:28:34.668713,,,1.159615755,1.080771804,,,,,,
15/11/2023 19:28:34.678836,,,1.159615755,1.080771804,,,,,,
15/11/2023 19:28:34.686194,,,1.159615755,1.080771804,,,,,,
15/11/2023 19:28:34.694138,,,1.159615755,1.080771804,,,,,,
15/11/2023 19:28:34.709421,,,1.159615755,1.080771804,,,,,,
15/11/2023 19:28:34.709688,,,,,,,,,,
15/11/2023 19:28:34.726135,,,1.159615755,1.080771804,,,,,,
15/11/2023 19:28:34.736470,,,1.159615755,1.080771804,,,,,,
15/11/2023 19:28:34.742610,,,1.159615755,1.080771804,,,,,,
15/11/2023 19:28:34.757759,,,1.159615755,1.080771804,,,,,,
15/11/2023 19:28:34.770325,,,1.159615755,1.080771804,,,,,,
15/11/2023 19:28:34.776607,,,1.159615755,1.080771804,,,,,,
15/11/2023 19:28:34.777043,,,,,49.20898438,,,,,
15/11/2023 19:28:34.777367,,,,,,32.234375,,,,
15/11/2023 19:28:34.784843,,,1.159615755,1.080771804,,,,,,
15/11/2023 19:28:34.815228,,,1.159615755,1.080771804,,,,,,
15/11/2023 19:28:34.855219,,,1.159615755,1.080771804,,,,,,
15/11/2023 19:28:34.897974,,,1.159615755,1.080771804,,,,,,
15/11/2023 19:28:34.950365,,,1.159615755,1.080771804,,,,,,
15/11/2023 19:28:34.990321,,,1.159615755,1.080771804,,,,,,
15/11/2023 19:28:35.105515,,,1.159615755,1.080771804,,,,,,
15/11/2023 19:28:35.453318,,,1.159615755,1.080771804,,,,,,
15/11/2023 19:28:35.493663,,,1.159615755,1.080771804,,,,,,
15/11/2023 19:28:35.495995,,,1.159615755,1.080771804,,,,,,
15/11/2023 19:28:35.523686,,,1.159615755,1.080771804,,,,,,
15/11/2023 19:28:35.558809,,,1.159615755,1.080771804,,,,,,
15/11/2023 19:28:35.589970,,,1.159615755,1.080771804,,,,,,
15/11/2023 19:28:35.605021,,,1.159615755,1.080771804,,,,,,
15/11/2023 19:28:35.607767,,,1.159615755,1.080771804,,,,,,
15/11/2023 19:28:35.608195,,,,,,,,,,
15/11/2023 19:28:35.646447,,,1.159615755,1.080771804,,,,,,
15/11/2023 19:28:35.649248,,,1.159615755,1.080771804,,,,,,
15/11/2023 19:28:35.652061,,,1.159615755,1.080771804,,,,,,
15/11/2023 19:28:35.654706,,,1.159615755,1.080771804,,,,,,
15/11/2023 19:28:35.664701,,,1.159615755,1.080771804,,,,,,
15/11/2023 19:28:35.684702,,,1.159615755,1.080771804,,,,,,
15/11/2023 19:28:35.692153,,,1.159615755,1.080771804,,,,,,
15/11/2023 19:28:35.732404,,,,,26.67480469,,,,,
15/11/2023 19:28:35.732776,,,,,,2.194335938,,,,
15/11/2023 19:28:35.740376,,,1.159615755,1.080771804,,,,,,
15/11/2023 19:28:35.782534,,,1.159615755,1.080771804,,,,,,
15/11/2023 19:28:35.827585,,,1.159615755,1.080771804,,,,,,
15/11/2023 19:28:35.888755,,,1.159615755,1.080771804,,,,,,
15/11/2023 19:28:35.916736,,,1.159615755,1.080771804,,,,,,
15/11/2023 19:28:35.962846,,,1.159615755,1.080771804,,,,,,
15/11/2023 19:28:35.965708,,,1.159615755,1.080771804,,,,,,
15/11/2023 19:28:36.205044,,,1.159615755,1.080771804,,,,,,
15/11/2023 19:28:36.485173,,,1.159615755,1.080771804,,,,,,
15/11/2023 19:28:36.533057,,,1.159615755,1.080771804,,,,,,
15/11/2023 19:28:36.547880,,,1.159615755,1.080771804,,,,,,
15/11/2023 19:28:36.552250,,,1.159615755,1.080771804,,,,,,
15/11/2023 19:28:36.590132,,,1.159615755,1.080771804,,,,,,
15/11/2023 19:28:36.600276,,,1.159615755,1.080771804,,,,,,
15/11/2023 19:28:36.627692,,,1.159615755,1.080771804,,,,,,
15/11/2023 19:28:36.630474,,,1.159615755,1.080771804,,,,,,
15/11/2023 19:28:36.632805,,,,,,,,,,
15/11/2023 19:28:36.666033,,,1.159615755,1.080771804,,,,,,
15/11/2023 19:28:36.667342,,,1.159615755,1.080771804,,,,,,
15/11/2023 19:28:36.668574,,,1.159615755,1.080771804,,,,,,
15/11/2023 19:28:36.669885,,,1.159615755,1.080771804,,,,,,
15/11/2023 19:28:36.671309,,,1.159615755,1.080771804,,,,,,
15/11/2023 19:28:36.672701,,,1.159615755,1.080771804,,,,,,
15/11/2023 19:28:36.697416,,,1.159615755,1.080771804,,,,,,
15/11/2023 19:28:36.735008,,,,,21.45117188,,,,,
15/11/2023 19:28:36.735376,,,,,,1.01953125,,,,
15/11/2023 19:28:36.745463,,,1.159615755,1.080771804,,,,,,
15/11/2023 19:28:36.787516,,,1.159615755,1.080771804,,,,,,
15/11/2023 19:28:36.826762,,,1.159615755,1.080771804,,,,,,
15/11/2023 19:28:36.837645,,,1.159615755,1.080771804,,,,,,
15/11/2023 19:28:36.885027,,,1.159615755,1.080771804,,,,,,
15/11/2023 19:28:36.887682,,,1.159615755,1.080771804,,,,,,
15/11/2023 19:28:36.922401,,,1.159615755,1.080771804,,,,,,
15/11/2023 19:28:36.959939,,,1.159615755,1.080771804,,,,,,
15/11/2023 19:28:37.503757,,,1.159615755,1.080771804,,,,,,
15/11/2023 19:28:37.641170,,,1.159615755,1.080771804,,,,,,
15/11/2023 19:28:37.661562,,,1.159615755,1.080771804,,,,,,
15/11/2023 19:28:37.676189,,,1.159615755,1.080771804,,,,,,
15/11/2023 19:28:37.694301,,,1.159615755,1.080771804,,,,,,
15/11/2023 19:28:37.715330,,,1.159615755,1.080771804,,,,,,
15/11/2023 19:28:37.725502,,,1.159615755,1.080771804,,,,,,
15/11/2023 19:28:37.730351,,,1.159615755,1.080771804,,,,,,
15/11/2023 19:28:37.732860,,,,,,,,,,
15/11/2023 19:28:37.766341,,,1.159615755,1.080771804,,,,,,
15/11/2023 19:28:37.769170,,,1.159615755,1.080771804,,,,,,
15/11/2023 19:28:37.771814,,,1.159615755,1.080771804,,,,,,
15/11/2023 19:28:37.774461,,,1.159615755,1.080771804,,,,,,
15/11/2023 19:28:37.787643,,,1.159615755,1.080771804,,,,,,
15/11/2023 19:28:37.807565,,,,,16.42675781,,,,,
15/11/2023 19:28:37.807954,,,,,,0.84765625,,,,
15/11/2023 19:28:37.812804,,,1.159615755,1.080771804,,,,,,
15/11/2023 19:28:37.815558,,,1.159615755,1.080771804,,,,,,
15/11/2023 19:28:37.837502,,,1.159615755,1.080771804,,,,,,
15/11/2023 19:28:37.857966,,,1.159615755,1.080771804,,,,,,
15/11/2023 19:28:37.877250,,,1.159615755,1.080771804,,,,,,
15/11/2023 19:28:37.897542,,,1.159615755,1.080771804,,,,,,
15/11/2023 19:28:37.917693,,,1.159615755,1.080771804,,,,,,
15/11/2023 19:28:37.967430,,,1.159615755,1.080771804,,,,,,
15/11/2023 19:28:38.562063,,,1.159615755,1.080771804,,,,,,
15/11/2023 19:28:38.620032,,,1.159615755,1.080771804,,,,,,
15/11/2023 19:28:38.675628,,,1.159615755,1.080771804,,,,,,
15/11/2023 19:28:38.692167,,,1.159615755,1.080771804,,,,,,
15/11/2023 19:28:38.702666,,,1.159615755,1.080771804,,,,,,
15/11/2023 19:28:38.707817,,,1.159615755,1.080771804,,,,,,
15/11/2023 19:28:38.712352,,,1.159615755,1.080771804,,,,,,
15/11/2023 19:28:38.737672,,,1.159615755,1.080771804,,,,,,
15/11/2023 19:28:38.740358,,,1.159615755,1.080771804,,,,,,
15/11/2023 19:28:38.757458,,,,,,,,,,
15/11/2023 19:28:38.788134,,,1.159615755,1.080771804,,,,,,
15/11/2023 19:28:38.827511,,,1.159615755,1.080771804,,,,,,
15/11/2023 19:28:38.847464,,,1.159615755,1.080771804,,,,,,
15/11/2023 19:28:38.897732,,,1.159615755,1.080771804,,,,,,
15/11/2023 19:28:38.917507,,,1.159615755,1.080771804,,,,,,
15/11/2023 19:28:38.919949,,,,,17.17675781,,,,,
15/11/2023 19:28:38.920302,,,,,,1.01953125,,,,
15/11/2023 19:28:38.922875,,,1.159615755,1.080771804,,,,,,
15/11/2023 19:28:38.937432,,,1.159615755,1.080771804,,,,,,
15/11/2023 19:28:38.947210,,,1.159615755,1.080771804,,,,,,
15/11/2023 19:28:38.965228,,,1.159615755,1.080771804,,,,,,
15/11/2023 19:28:38.966513,,,1.159615755,1.080771804,,,,,,
15/11/2023 19:28:38.971208,,,1.159615755,1.080771804,,,,,,
15/11/2023 19:28:38.983591,,,1.159615755,1.080771804,,,,,,
15/11/2023 19:28:39.262982,,,1.159615755,1.080771804,,,,,,
15/11/2023 19:28:39.586188,,,1.159615755,1.080771804,,,,,,
15/11/2023 19:28:39.631157,,,1.159615755,1.080771804,,,,,,
15/11/2023 19:28:39.671130,,,1.159615755,1.080771804,,,,,,
15/11/2023 19:28:39.708665,,,1.159615755,1.080771804,,,,,,
15/11/2023 19:28:39.764681,,,1.159615755,1.080771804,,,,,,
15/11/2023 19:28:39.781161,,,1.159615755,1.080771804,,,,,,
15/11/2023 19:28:39.783430,,,1.159615755,1.080771804,,,,,,
15/11/2023 19:28:39.798539,,,1.159615755,1.080771804,,,,,,
15/11/2023 19:28:39.828622,,,1.159615755,1.080771804,,,,,,
15/11/2023 19:28:39.878725,,,1.159615755,1.080771804,,,,,,
15/11/2023 19:28:39.878873,,,,,,,,,,
15/11/2023 19:28:39.903961,,,1.159615755,1.080771804,,,,,,
15/11/2023 19:28:39.936205,,,1.159615755,1.080771804,,,,,,
15/11/2023 19:28:39.940963,,,1.159615755,1.080771804,,,,,,
15/11/2023 19:28:39.981213,,,1.159615755,1.080771804,,,,,,
15/11/2023 19:28:40.105928,,,1.159615755,1.080771804,,,,,,
15/11/2023 19:28:40.110970,,,1.159615755,1.080771804,,,,,,
15/11/2023 19:28:40.161618,,,1.159615755,1.080771804,,,,,,
15/11/2023 19:28:40.183613,,,,,16.56835938,,,,,
15/11/2023 19:28:40.184580,,,,,,1.01953125,,,,
15/11/2023 19:28:40.384502,,,1.159615755,1.080771804,,,,,,
15/11/2023 19:28:40.503693,,,1.159615755,1.080771804,,,,,,
15/11/2023 19:28:40.513426,,,1.159615755,1.080771804,,,,,,
15/11/2023 19:28:40.523502,,,1.159615755,1.080771804,,,,,,
15/11/2023 19:28:40.530992,,,1.159615755,1.080771804,,,,,,
15/11/2023 19:28:40.538414,,,1.159615755,1.080771804,,,,,,
15/11/2023 19:28:40.553438,,,1.159615755,1.080771804,,,,,,
15/11/2023 19:28:40.583447,,,1.159615755,1.080771804,,,,,,
15/11/2023 19:28:40.598482,,,1.159615755,1.080771804,,,,,,
15/11/2023 19:28:40.608374,,,,,,,,,,
15/11/2023 19:28:40.629549,,,1.159615755,1.080771804,,,,,,
15/11/2023 19:28:40.630398,,,1.159615755,1.080771804,,,,,,
15/11/2023 19:28:40.653550,,,1.159615755,1.080771804,,,,,,
15/11/2023 19:28:40.661029,,,1.159615755,1.080771804,,,,,,
15/11/2023 19:28:40.681027,,,1.159615755,1.080771804,,,,,,
15/11/2023 19:28:40.698491,76.9697,35.29,,,,,96,8.18737152,,
15/11/2023 19:28:40.700962,,,1.159615755,1.080771804,,,,,,
15/11/2023 19:28:40.708477,,,1.159615755,1.080771804,,,,,,
15/11/2023 19:28:40.710821,,,1.159615755,1.080771804,,,,,,
15/11/2023 19:28:40.734567,,,1.159615755,1.080771804,,,,,,
15/11/2023 19:28:40.736088,,,1.159615755,1.080771804,,,,,,
15/11/2023 19:28:40.745933,,,,,31.12890625,,,,,
15/11/2023 19:28:40.746036,,,,,,10.31542969,,,,
15/11/2023 19:28:40.759475,,,1.159615755,1.080771804,,,,,,
15/11/2023 19:28:40.793702,,,1.159615755,1.080771804,,,,,,
15/11/2023 19:28:40.828686,,,1.159615755,1.080771804,,,,,,
15/11/2023 19:28:40.859488,,,1.159615755,1.080771804,,,,,,
15/11/2023 19:28:40.876164,,,1.159615755,1.080771804,,,,,,
15/11/2023 19:28:40.918606,,,1.159615755,1.080771804,,,,,,
15/11/2023 19:28:40.961166,,,1.159615755,1.080771804,,,,,,
15/11/2023 19:28:41.123593,,,1.159615755,1.080771804,,,,,,
15/11/2023 19:28:41.536228,,,1.159615755,1.080771804,,,,,,
15/11/2023 19:28:41.628694,,,1.159615755,1.080771804,,,,,,
15/11/2023 19:28:41.672577,,,1.159615755,1.080771804,,,,,,
15/11/2023 19:28:41.705348,,,1.159615755,1.080771804,,,,,,
15/11/2023 19:28:41.717710,,,1.159615755,1.080771804,,,,,,
15/11/2023 19:28:41.742127,,,1.159615755,1.080771804,,,,,,
15/11/2023 19:28:41.785505,,,1.159615755,1.080771804,,,,,,
15/11/2023 19:28:41.788617,,,1.159615755,1.080771804,,,,,,
15/11/2023 19:28:41.838930,,,1.159615755,1.080771804,,,,,,
15/11/2023 19:28:41.840993,,,,,,,,,,
15/11/2023 19:28:41.871706,76.9697,35.39,,,,,95.9,8.18737152,,
15/11/2023 19:28:41.877131,,,1.159615755,1.080771804,,,,,,
15/11/2023 19:28:41.917807,,,1.159615755,1.080771804,,,,,,
15/11/2023 19:28:41.950259,,,1.159615755,1.080771804,,,,,,
15/11/2023 19:28:42.101177,,,1.159615755,1.080771804,,,,,,
15/11/2023 19:28:42.106110,,,1.159615755,1.080771804,,,,,,
15/11/2023 19:28:42.376150,,,1.159615755,1.080771804,,,,,,
15/11/2023 19:28:42.402245,,,1.159615755,1.080771804,,,,,,
15/11/2023 19:28:42.627452,,,1.159615755,1.080771804,,,,,,
15/11/2023 19:28:42.636592,,,1.159615755,1.080771804,,,,,,
15/11/2023 19:28:42.649096,,,1.159615755,1.080771804,,,,,,
15/11/2023 19:28:42.656104,,,1.159615755,1.080771804,,,,,,
15/11/2023 19:28:42.666078,,,1.159615755,1.080771804,,,,,,
15/11/2023 19:28:42.673163,,,,,14.00390625,,,,,
15/11/2023 19:28:42.676933,,,,,,24.4453125,,,,
15/11/2023 19:28:42.693707,,,1.159615755,1.080771804,,,,,,
15/11/2023 19:28:42.702437,,,1.159615755,1.080771804,,,,,,
15/11/2023 19:28:42.713692,,,1.159615755,1.080771804,,,,,,
15/11/2023 19:28:42.713816,,,,,,,,,,
15/11/2023 19:28:42.732745,,,1.159615755,1.080771804,,,,,,
15/11/2023 19:28:42.774342,,,1.159615755,1.080771804,,,,,,
15/11/2023 19:28:42.787128,,,1.159615755,1.080771804,,,,,,
15/11/2023 19:28:42.820376,,,1.159615755,1.080771804,,,,,,
15/11/2023 19:28:42.821250,,,1.159615755,1.080771804,,,,,,
15/11/2023 19:28:42.847405,,,1.159615755,1.080771804,,,,,,
15/11/2023 19:28:42.847656,,,1.159615755,1.080771804,,,,,,
15/11/2023 19:28:42.857494,,,1.159615755,1.080771804,,,,,,
15/11/2023 19:28:42.869812,,,1.159615755,1.080771804,,,,,,
15/11/2023 19:28:42.870148,,,1.159615755,1.080771804,,,,,,
15/11/2023 19:28:42.872595,,,,,50.78417969,,,,,
15/11/2023 19:28:42.872933,,,,,,32.63671875,,,,
15/11/2023 19:28:42.882452,,,1.159615755,1.080771804,,,,,,
15/11/2023 19:28:42.892109,,,1.159615755,1.080771804,,,,,,
15/11/2023 19:28:42.894375,,,1.159615755,1.080771804,,,,,,
15/11/2023 19:28:42.897163,76.9697,35.72,,,,,97.2,8.18737152,,
15/11/2023 19:28:42.902526,,,1.159615755,1.080771804,,,,,,
15/11/2023 19:28:42.914664,,,1.159615755,1.080771804,,,,,,
15/11/2023 19:28:42.922421,,,1.159615755,1.080771804,,,,,,
15/11/2023 19:28:42.928870,,,1.159615755,1.080771804,,,,,,
15/11/2023 19:28:42.942219,,,1.159615755,1.080771804,,,,,,
15/11/2023 19:28:42.988733,,,1.159615755,1.080771804,,,,,,
15/11/2023 19:28:43.318472,,,1.159615755,1.080771804,,,,,,
15/11/2023 19:28:43.676214,,,1.159615755,1.080771804,,,,,,
15/11/2023 19:28:43.688701,,,1.159615755,1.080771804,,,,,,
15/11/2023 19:28:43.712797,,,1.159615755,1.080771804,,,,,,
15/11/2023 19:28:43.717789,,,1.159615755,1.080771804,,,,,,
15/11/2023 19:28:43.720456,,,1.159615755,1.080771804,,,,,,
15/11/2023 19:28:43.737689,,,1.159615755,1.080771804,,,,,,
15/11/2023 19:28:43.740335,,,1.159615755,1.080771804,,,,,,
15/11/2023 19:28:43.782393,,,1.159615755,1.080771804,,,,,,
15/11/2023 19:28:43.812613,,,1.159615755,1.080771804,,,,,,
15/11/2023 19:28:43.813061,,,,,,,,,,
15/11/2023 19:28:43.826846,,,1.159615755,1.080771804,,,,,,
15/11/2023 19:28:43.846374,,,1.159615755,1.080771804,,,,,,
15/11/2023 19:28:43.897668,,,1.159615755,1.080771804,,,,,,
15/11/2023 19:28:43.920417,,,1.159615755,1.080771804,,,,,,
15/11/2023 19:28:43.922846,,,,,18.69433594,,,,,
15/11/2023 19:28:43.923203,,,,,,0.84765625,,,,
15/11/2023 19:28:43.947543,,,1.159615755,1.080771804,,,,,,
15/11/2023 19:28:43.950183,,,1.159615755,1.080771804,,,,,,
15/11/2023 19:28:43.987691,,,1.159615755,1.080771804,,,,,,
15/11/2023 19:28:44.105317,,,1.159615755,1.080771804,,,,,,
15/11/2023 19:28:44.153229,,,1.159615755,1.080771804,,,,,,
15/11/2023 19:28:44.550936,,,1.159615755,1.080771804,,,,,,
15/11/2023 19:28:44.566227,,,1.159615755,1.080771804,,,,,,
15/11/2023 19:28:44.596134,,,1.159615755,1.080771804,,,,,,
15/11/2023 19:28:44.644413,,,1.159615755,1.080771804,,,,,,
15/11/2023 19:28:44.672756,,,1.159615755,1.080771804,,,,,,
15/11/2023 19:28:44.687189,,,1.159615755,1.080771804,,,,,,
15/11/2023 19:28:44.695142,,,1.159615755,1.080771804,,,,,,
15/11/2023 19:28:44.705223,,,1.159615755,1.080771804,,,,,,
15/11/2023 19:28:44.705678,,,,,,,,,,
15/11/2023 19:28:44.725258,,,1.159615755,1.080771804,,,,,,
15/11/2023 19:28:44.726380,,,1.159615755,1.080771804,,,,,,
15/11/2023 19:28:44.744754,,,1.159615755,1.080771804,,,,,,
15/11/2023 19:28:44.746567,,,1.159615755,1.080771804,,,,,,
15/11/2023 19:28:44.754251,,,1.159615755,1.080771804,,,,,,
15/11/2023 19:28:44.774872,,,1.159615755,1.080771804,,,,,,
15/11/2023 19:28:44.784694,,,1.159615755,1.080771804,,,,,,
15/11/2023 19:28:44.821120,,,1.159615755,1.080771804,,,,,,
15/11/2023 19:28:44.838827,,,,,20.24121094,,,,,
15/11/2023 19:28:44.838965,,,,,,1.19140625,,,,
15/11/2023 19:28:44.840994,,,1.159615755,1.080771804,,,,,,
15/11/2023 19:28:44.921667,,,1.159615755,1.080771804,,,,,,
15/11/2023 19:28:44.972448,,,1.159615755,1.080771804,,,,,,
15/11/2023 19:28:44.997626,,,1.159615755,1.080771804,,,,,,
15/11/2023 19:28:45.105288,,,1.159615755,1.080771804,,,,,,
15/11/2023 19:28:45.127812,,,1.159615755,1.080771804,,,,,,
15/11/2023 19:28:45.177524,,,1.159615755,1.080771804,,,,,,
15/11/2023 19:28:45.426524,,,1.159615755,1.080771804,,,,,,
15/11/2023 19:28:45.595363,,,1.159615755,1.080771804,,,,,,
15/11/2023 19:28:45.629968,,,1.159615755,1.080771804,,,,,,
15/11/2023 19:28:45.647457,,,1.159615755,1.080771804,,,,,,
15/11/2023 19:28:45.662831,,,1.159615755,1.080771804,,,,,,
15/11/2023 19:28:45.692466,,,1.159615755,1.080771804,,,,,,
15/11/2023 19:28:45.697120,,,1.159615755,1.080771804,,,,,,
15/11/2023 19:28:45.703516,,,1.159615755,1.080771804,,,,,,
15/11/2023 19:28:45.729694,,,,,,,,,,
15/11/2023 19:28:45.766516,,,1.159615755,1.080771804,,,,,,
15/11/2023 19:28:45.800053,,,1.159615755,1.080771804,,,,,,
15/11/2023 19:28:45.804672,,,1.159615755,1.080771804,,,,,,
15/11/2023 19:28:45.840076,,,1.159615755,1.080771804,,,,,,
15/11/2023 19:28:45.881515,,,1.159615755,1.080771804,,,,,,
15/11/2023 19:28:45.914040,,,1.159615755,1.080771804,,,,,,
15/11/2023 19:28:45.932688,,,1.159615755,1.080771804,,,,,,
15/11/2023 19:28:45.935076,,,,,17.33007813,,,,,
15/11/2023 19:28:45.935410,,,,,,0.9375,,,,
15/11/2023 19:28:45.939913,,,1.159615755,1.080771804,,,,,,
15/11/2023 19:28:45.957496,,,1.159615755,1.080771804,,,,,,
15/11/2023 19:28:45.985353,,,1.159615755,1.080771804,,,,,,
15/11/2023 19:28:45.995203,,,1.159615755,1.080771804,,,,,,
15/11/2023 19:28:46.203674,,,1.159615755,1.080771804,,,,,,
15/11/2023 19:28:46.376066,,,1.159615755,1.080771804,,,,,,
15/11/2023 19:28:46.476571,,,1.159615755,1.080771804,,,,,,
15/11/2023 19:28:46.512942,,,1.159615755,1.080771804,,,,,,
15/11/2023 19:28:46.522862,,,1.159615755,1.080771804,,,,,,
15/11/2023 19:28:46.525608,,,1.159615755,1.080771804,,,,,,
15/11/2023 19:28:46.537828,,,1.159615755,1.080771804,,,,,,
15/11/2023 19:28:46.540760,,,1.159615755,1.080771804,,,,,,
15/11/2023 19:28:46.544878,,,1.159615755,1.080771804,,,,,,
15/11/2023 19:28:46.549690,,,1.159615755,1.080771804,,,,,,
15/11/2023 19:28:46.572586,,,1.159615755,1.080771804,,,,,,
15/11/2023 19:28:46.574136,,,,,,,,,,
15/11/2023 19:28:46.609012,,,1.159615755,1.080771804,,,,,,
15/11/2023 19:28:46.610313,,,1.159615755,1.080771804,,,,,,
15/11/2023 19:28:46.622278,,,1.159615755,1.080771804,,,,,,
15/11/2023 19:28:46.657561,,,1.159615755,1.080771804,,,,,,
15/11/2023 19:28:46.700339,,,1.159615755,1.080771804,,,,,,
15/11/2023 19:28:46.717757,,,1.159615755,1.080771804,,,,,,
15/11/2023 19:28:46.727588,,,1.159615755,1.080771804,,,,,,
15/11/2023 19:28:46.747729,,,1.159615755,1.080771804,,,,,,
15/11/2023 19:28:46.750500,,,,,26.82519531,,,,,
15/11/2023 19:28:46.750888,,,,,,6.22265625,,,,
15/11/2023 19:28:46.810263,,,1.159615755,1.080771804,,,,,,
15/11/2023 19:28:46.820285,,,1.159615755,1.080771804,,,,,,
15/11/2023 19:28:46.826460,,,1.159615755,1.080771804,,,,,,
15/11/2023 19:28:46.871605,,,1.159615755,1.080771804,,,,,,
15/11/2023 19:28:46.921508,,,1.159615755,1.080771804,,,,,,
15/11/2023 19:28:46.948913,,,1.159615755,1.080771804,,,,,,
15/11/2023 19:28:46.995041,,,1.159615755,1.080771804,,,,,,
15/11/2023 19:28:47.377705,,,1.159615755,1.080771804,,,,,,
15/11/2023 19:28:47.524958,,,1.159615755,1.080771804,,,,,,
15/11/2023 19:28:47.550465,,,1.159615755,1.080771804,,,,,,
15/11/2023 19:28:47.585187,,,1.159615755,1.080771804,,,,,,
15/11/2023 19:28:47.615053,,,1.159615755,1.080771804,,,,,,
15/11/2023 19:28:47.620510,,,1.159615755,1.080771804,,,,,,
15/11/2023 19:28:47.672960,,,1.159615755,1.080771804,,,,,,
15/11/2023 19:28:47.709782,,,,,,,,,,
15/11/2023 19:28:47.727693,,,1.159615755,1.080771804,,,,,,
15/11/2023 19:28:47.757420,,,1.159615755,1.080771804,,,,,,
15/11/2023 19:28:47.823028,,,1.159615755,1.080771804,,,,,,
15/11/2023 19:28:47.839907,,,1.159615755,1.080771804,,,,,,
15/11/2023 19:28:47.853479,,,1.159615755,1.080771804,,,,,,
15/11/2023 19:28:47.881482,,,1.159615755,1.080771804,,,,,,
15/11/2023 19:28:47.889116,,,1.159615755,1.080771804,,,,,,
15/11/2023 19:28:47.922336,,,1.159615755,1.080771804,,,,,,
15/11/2023 19:28:47.960209,,,1.159615755,1.080771804,,,,,,
15/11/2023 19:28:47.991172,,,1.159615755,1.080771804,,,,,,
15/11/2023 19:28:47.998451,,,,,15.72363281,,,,,
15/11/2023 19:28:47.998565,,,,,,1.16015625,,,,
15/11/2023 19:28:48.103845,,,1.159615755,1.080771804,,,,,,
15/11/2023 19:28:48.106090,,,1.159615755,1.080771804,,,,,,
15/11/2023 19:28:48.124175,,,1.159615755,1.080771804,,,,,,
15/11/2023 19:28:48.154116,,,1.159615755,1.080771804,,,,,,
15/11/2023 19:28:48.158851,,,1.159615755,1.080771804,,,,,,
15/11/2023 19:28:48.162263,,,1.159615755,1.080771804,,,,,,
15/11/2023 19:28:48.173545,,,1.159615755,1.080771804,,,,,,
15/11/2023 19:28:48.311647,,,1.159615755,1.080771804,,,,,,
15/11/2023 19:28:48.633096,,,1.159615755,1.080771804,,,,,,
15/11/2023 19:28:48.636031,,,1.159615755,1.080771804,,,,,,
15/11/2023 19:28:48.647786,,,1.159615755,1.080771804,,,,,,
15/11/2023 19:28:48.650707,,,1.159615755,1.080771804,,,,,,
15/11/2023 19:28:48.665105,,,1.159615755,1.080771804,,,,,,
15/11/2023 19:28:48.667774,,,1.159615755,1.080771804,,,,,,
15/11/2023 19:28:48.670366,,,1.159615755,1.080771804,,,,,,
15/11/2023 19:28:48.672684,,,,,,,,,,
15/11/2023 19:28:48.692436,,,1.159615755,1.080771804,,,,,,
15/11/2023 19:28:48.693529,,,1.159615755,1.080771804,,,,,,
15/11/2023 19:28:48.710791,,,1.159615755,1.080771804,,,,,,
15/11/2023 19:28:48.712234,,,1.159615755,1.080771804,,,,,,
15/11/2023 19:28:48.757869,,,1.159615755,1.080771804,,,,,,
15/11/2023 19:28:48.760862,,,1.159615755,1.080771804,,,,,,
15/11/2023 19:28:48.775264,,,1.159615755,1.080771804,,,,,,
15/11/2023 19:28:48.790195,,,1.159615755,1.080771804,,,,,,
15/11/2023 19:28:48.814814,,,,,24.98242188,,,,,
15/11/2023 19:28:48.816504,,,,,,9.80859375,,,,
15/11/2023 19:28:48.822330,,,1.159615755,1.080771804,,,,,,
15/11/2023 19:28:48.841127,,,1.159615755,1.080771804,,,,,,
15/11/2023 19:28:48.876139,,,1.159615755,1.080771804,,,,,,
15/11/2023 19:28:48.962771,,,1.159615755,1.080771804,,,,,,
15/11/2023 19:28:48.997485,,,1.159615755,1.080771804,,,,,,
15/11/2023 19:28:49.451426,,,1.159615755,1.080771804,,,,,,
15/11/2023 19:28:49.502644,,,1.159615755,1.080771804,,,,,,
15/11/2023 19:28:49.512846,,,1.159615755,1.080771804,,,,,,
15/11/2023 19:28:49.519651,,,1.159615755,1.080771804,,,,,,
15/11/2023 19:28:49.522370,,,1.159615755,1.080771804,,,,,,
15/11/2023 19:28:49.525036,,,1.159615755,1.080771804,,,,,,
15/11/2023 19:28:49.529642,,,1.159615755,1.080771804,,,,,,
15/11/2023 19:28:49.547607,,,1.159615755,1.080771804,,,,,,
15/11/2023 19:28:49.549925,,,,,,,,,,
15/11/2023 19:28:49.581126,,,1.159615755,1.080771804,,,,,,
15/11/2023 19:28:49.583979,,,1.159615755,1.080771804,,,,,,
15/11/2023 19:28:49.620198,,,1.159615755,1.080771804,,,,,,
15/11/2023 19:28:49.660262,,,1.159615755,1.080771804,,,,,,
15/11/2023 19:28:49.667310,,,1.159615755,1.080771804,,,,,,
15/11/2023 19:28:49.692656,,,1.159615755,1.080771804,,,,,,
15/11/2023 19:28:49.737873,,,1.159615755,1.080771804,,,,,,
15/11/2023 19:28:49.752231,,,,,,18.87890625,,,,
15/11/2023 19:28:49.754698,,,,,23.09960938,,,,,
15/11/2023 19:28:49.787700,,,1.159615755,1.080771804,,,,,,
15/11/2023 19:28:49.820192,,,1.159615755,1.080771804,,,,,,
15/11/2023 19:28:49.864649,,,1.159615755,1.080771804,,,,,,
15/11/2023 19:28:49.868658,,,1.159615755,1.080771804,,,,,,
15/11/2023 19:28:49.914745,,,1.159615755,1.080771804,,,,,,
15/11/2023 19:28:49.975446,,,1.159615755,1.080771804,,,,,,
15/11/2023 19:28:50.319655,,,1.159615755,1.080771804,,,,,,
15/11/2023 19:28:50.413515,,,1.159615755,1.080771804,,,,,,
15/11/2023 19:28:50.522102,,,1.159615755,1.080771804,,,,,,
15/11/2023 19:28:50.524280,,,1.159615755,1.080771804,,,,,,
15/11/2023 19:28:50.535269,,,1.159615755,1.080771804,,,,,,
15/11/2023 19:28:50.542686,,,1.159615755,1.080771804,,,,,,
15/11/2023 19:28:50.549969,,,1.159615755,1.080771804,,,,,,
15/11/2023 19:28:50.554672,,,1.159615755,1.080771804,,,,,,
15/11/2023 19:28:50.557314,,,1.159615755,1.080771804,,,,,,
15/11/2023 19:28:50.579547,,,,,,,,,,
15/11/2023 19:28:50.600860,,,1.159615755,1.080771804,,,,,,
15/11/2023 19:28:50.602024,,,1.159615755,1.080771804,,,,,,
15/11/2023 19:28:50.603119,,,1.159615755,1.080771804,,,,,,
15/11/2023 19:28:50.614666,,,1.159615755,1.080771804,,,,,,
15/11/2023 19:28:50.620174,,,1.159615755,1.080771804,,,,,,
15/11/2023 19:28:50.647612,,,1.159615755,1.080771804,,,,,,
15/11/2023 19:28:50.650132,76.9697,35.14,,,,,96.7,8.18737152,,
15/11/2023 19:28:50.692402,,,1.159615755,1.080771804,,,,,,
15/11/2023 19:28:50.767560,,,1.159615755,1.080771804,,,,,,
15/11/2023 19:28:50.767971,,,,,48.45996094,,,,,
15/11/2023 19:28:50.769392,,,,,,32.42480469,,,,
15/11/2023 19:28:50.789358,,,1.159615755,1.080771804,,,,,,
15/11/2023 19:28:50.842717,,,1.159615755,1.080771804,,,,,,
15/11/2023 19:28:50.889369,,,1.159615755,1.080771804,,,,,,
15/11/2023 19:28:50.894917,,,1.159615755,1.080771804,,,,,,
15/11/2023 19:28:50.897479,,,1.159615755,1.080771804,,,,,,
15/11/2023 19:28:50.928242,,,1.159615755,1.080771804,,,,,,
15/11/2023 19:28:50.966405,,,1.159615755,1.080771804,,,,,,
15/11/2023 19:28:51.467634,,,1.159615755,1.080771804,,,,,,
15/11/2023 19:28:51.502431,,,1.159615755,1.080771804,,,,,,
15/11/2023 19:28:51.524891,,,1.159615755,1.080771804,,,,,,
15/11/2023 19:28:51.540283,,,1.159615755,1.080771804,,,,,,
15/11/2023 19:28:51.544928,,,1.159615755,1.080771804,,,,,,
15/11/2023 19:28:51.550689,,,1.159615755,1.080771804,,,,,,
15/11/2023 19:28:51.570148,,,1.159615755,1.080771804,,,,,,
15/11/2023 19:28:51.587460,,,1.159615755,1.080771804,,,,,,
15/11/2023 19:28:51.589726,,,,,,,,,,
15/11/2023 19:28:51.620433,76.9697,34.98,,,,,93.7,8.18737152,,
15/11/2023 19:28:51.622124,,,1.159615755,1.080771804,,,,,,
15/11/2023 19:28:51.640247,,,1.159615755,1.080771804,,,,,,
15/11/2023 19:28:51.645364,,,1.159615755,1.080771804,,,,,,
15/11/2023 19:28:51.652802,,,1.159615755,1.080771804,,,,,,
15/11/2023 19:28:51.655684,,,1.159615755,1.080771804,,,,,,
15/11/2023 19:28:51.662642,,,1.159615755,1.080771804,,,,,,
15/11/2023 19:28:51.669893,,,1.159615755,1.080771804,,,,,,
15/11/2023 19:28:51.712732,,,1.159615755,1.080771804,,,,,,
15/11/2023 19:28:51.750194,,,1.159615755,1.080771804,,,,,,
15/11/2023 19:28:51.752656,,,,,22.44238281,,,,,
15/11/2023 19:28:51.753024,,,,,,1.109375,,,,
15/11/2023 19:28:51.798824,,,1.159615755,1.080771804,,,,,,
15/11/2023 19:28:51.836186,,,1.159615755,1.080771804,,,,,,
15/11/2023 19:28:51.865195,,,1.159615755,1.080771804,,,,,,
15/11/2023 19:28:51.881170,,,1.159615755,1.080771804,,,,,,
15/11/2023 19:28:51.969918,,,1.159615755,1.080771804,,,,,,
15/11/2023 19:28:51.975901,,,1.159615755,1.080771804,,,,,,
15/11/2023 19:28:51.992033,76.9697,35.56,,,,,93,8.18737152,,
15/11/2023 19:28:52.259604,,,1.159615755,1.080771804,,,,,,
15/11/2023 19:28:52.425517,,,1.159615755,1.080771804,,,,,,
15/11/2023 19:28:52.581165,,,1.159615755,1.080771804,,,,,,
15/11/2023 19:28:52.621110,,,1.159615755,1.080771804,,,,,,
15/11/2023 19:28:52.651316,,,1.159615755,1.080771804,,,,,,
15/11/2023 19:28:52.682566,,,1.159615755,1.080771804,,,,,,
15/11/2023 19:28:52.710072,,,1.159615755,1.080771804,,,,,,
15/11/2023 19:28:52.722640,,,1.159615755,1.080771804,,,,,,
15/11/2023 19:28:52.756062,,,,,,,,,,
15/11/2023 19:28:52.774667,,,1.159615755,1.080771804,,,,,,
15/11/2023 19:28:52.775538,,,1.159615755,1.080771804,,,,,,
15/11/2023 19:28:52.809087,,,1.159615755,1.080771804,,,,,,
15/11/2023 19:28:52.840084,,,1.159615755,1.080771804,,,,,,
15/11/2023 19:28:52.847691,,,1.159615755,1.080771804,,,,,,
15/11/2023 19:28:52.905187,,,1.159615755,1.080771804,,,,,,
15/11/2023 19:28:52.949355,,,1.159615755,1.080771804,,,,,,
15/11/2023 19:28:52.967883,,,1.159615755,1.080771804,,,,,,
15/11/2023 19:28:52.977365,,,1.159615755,1.080771804,,,,,,
15/11/2023 19:28:52.979862,,,,,12.82519531,,,,,
15/11/2023 19:28:52.980201,,,,,,1.12890625,,,,
15/11/2023 19:28:52.982749,,,1.159615755,1.080771804,,,,,,
15/11/2023 19:28:52.992943,,,1.159615755,1.080771804,,,,,,
15/11/2023 19:28:53.102109,,,1.159615755,1.080771804,,,,,,
15/11/2023 19:28:53.176788,,,1.159615755,1.080771804,,,,,,
15/11/2023 19:28:53.271217,,,1.159615755,1.080771804,,,,,,
15/11/2023 19:28:53.425458,,,1.159615755,1.080771804,,,,,,
15/11/2023 19:28:53.451724,,,1.159615755,1.080771804,,,,,,
15/11/2023 19:28:53.480171,,,1.159615755,1.080771804,,,,,,
15/11/2023 19:28:53.502638,,,1.159615755,1.080771804,,,,,,
15/11/2023 19:28:53.507648,,,1.159615755,1.080771804,,,,,,
15/11/2023 19:28:53.525077,,,1.159615755,1.080771804,,,,,,
15/11/2023 19:28:53.550005,,,1.159615755,1.080771804,,,,,,
15/11/2023 19:28:53.568058,,,1.159615755,1.080771804,,,,,,
15/11/2023 19:28:53.570824,,,1.159615755,1.080771804,,,,,,
15/11/2023 19:28:53.574383,,,1.159615755,1.080771804,,,,,,
15/11/2023 19:28:53.574870,,,,,,,,,,
15/11/2023 19:28:53.597629,,,1.159615755,1.080771804,,,,,,
15/11/2023 19:28:53.598653,,,1.159615755,1.080771804,,,,,,
15/11/2023 19:28:53.601391,,,1.159615755,1.080771804,,,,,,
15/11/2023 19:28:53.614163,,,1.159615755,1.080771804,,,,,,
15/11/2023 19:28:53.620916,,,1.159615755,1.080771804,,,,,,
15/11/2023 19:28:53.656222,,,1.159615755,1.080771804,,,,,,
15/11/2023 19:28:53.696730,,,1.159615755,1.080771804,,,,,,
15/11/2023 19:28:53.745591,,,1.159615755,1.080771804,,,,,,
15/11/2023 19:28:53.758545,,,,,,1.19140625,,,,
15/11/2023 19:28:53.758974,,,,,27.54394531,,,,,
15/11/2023 19:28:53.789958,,,1.159615755,1.080771804,,,,,,
15/11/2023 19:28:53.792593,,,1.159615755,1.080771804,,,,,,
15/11/2023 19:28:53.824823,,,1.159615755,1.080771804,,,,,,
15/11/2023 19:28:53.842673,,,1.159615755,1.080771804,,,,,,
15/11/2023 19:28:53.885335,,,1.159615755,1.080771804,,,,,,
15/11/2023 19:28:53.966128,,,1.159615755,1.080771804,,,,,,
15/11/2023 19:28:54.112830,,,1.159615755,1.080771804,,,,,,
15/11/2023 19:28:54.203796,,,1.159615755,1.080771804,,,,,,
15/11/2023 19:28:54.524391,,,1.159615755,1.080771804,,,,,,
15/11/2023 19:28:54.588648,,,1.159615755,1.080771804,,,,,,
15/11/2023 19:28:54.608597,,,1.159615755,1.080771804,,,,,,
15/11/2023 19:28:54.613565,,,1.159615755,1.080771804,,,,,,
15/11/2023 19:28:54.634088,,,1.159615755,1.080771804,,,,,,
15/11/2023 19:28:54.649026,,,1.159615755,1.080771804,,,,,,
15/11/2023 19:28:54.674785,,,1.159615755,1.080771804,,,,,,
15/11/2023 19:28:54.687155,,,,,,,,,,
15/11/2023 19:28:54.705681,,,1.159615755,1.080771804,,,,,,
15/11/2023 19:28:54.711903,,,1.159615755,1.080771804,,,,,,
15/11/2023 19:28:54.732307,,,1.159615755,1.080771804,,,,,,
15/11/2023 19:28:54.734675,,,1.159615755,1.080771804,,,,,,
15/11/2023 19:28:54.736997,,,1.159615755,1.080771804,,,,,,
15/11/2023 19:28:54.741974,,,1.159615755,1.080771804,,,,,,
15/11/2023 19:28:54.744295,,,1.159615755,1.080771804,,,,,,
15/11/2023 19:28:54.756468,,,1.159615755,1.080771804,,,,,,
15/11/2023 19:28:54.758659,,,,,19.86035156,,,,,
15/11/2023 19:28:54.758826,,,,,,1.109375,,,,
15/11/2023 19:28:54.798635,,,1.159615755,1.080771804,,,,,,
15/11/2023 19:28:54.835000,,,1.159615755,1.080771804,,,,,,
15/11/2023 19:28:54.869932,,,1.159615755,1.080771804,,,,,,
15/11/2023 19:28:54.916984,,,1.159615755,1.080771804,,,,,,
15/11/2023 19:28:54.961274,,,1.159615755,1.080771804,,,,,,
15/11/2023 19:28:54.963529,,,1.159615755,1.080771804,,,,,,
15/11/2023 19:28:55.124979,,,1.159615755,1.080771804,,,,,,
15/11/2023 19:28:55.452153,,,1.159615755,1.080771804,,,,,,
15/11/2023 19:28:55.550421,,,1.159615755,1.080771804,,,,,,
15/11/2023 19:28:55.590093,,,1.159615755,1.080771804,,,,,,
15/11/2023 19:28:55.633036,,,1.159615755,1.080771804,,,,,,
15/11/2023 19:28:55.664947,,,1.159615755,1.080771804,,,,,,
15/11/2023 19:28:55.697402,,,1.159615755,1.080771804,,,,,,
15/11/2023 19:28:55.722793,,,1.159615755,1.080771804,,,,,,
15/11/2023 19:28:55.730280,,,1.159615755,1.080771804,,,,,,
15/11/2023 19:28:55.742402,,,,,,,,,,
15/11/2023 19:28:55.776403,,,1.159615755,1.080771804,,,,,,
15/11/2023 19:28:55.787281,,,1.159615755,1.080771804,,,,,,
15/11/2023 19:28:55.795267,,,1.159615755,1.080771804,,,,,,
15/11/2023 19:28:55.800355,,,1.159615755,1.080771804,,,,,,
15/11/2023 19:28:55.830003,,,1.159615755,1.080771804,,,,,,
15/11/2023 19:28:55.899183,,,1.159615755,1.080771804,,,,,,
15/11/2023 19:28:55.900230,,,1.159615755,1.080771804,,,,,,
15/11/2023 19:28:55.926241,,,1.159615755,1.080771804,,,,,,
15/11/2023 19:28:55.942839,,,1.159615755,1.080771804,,,,,,
15/11/2023 19:28:55.957741,,,1.159615755,1.080771804,,,,,,
15/11/2023 19:28:55.967782,,,,,20.39257813,,,,,
15/11/2023 19:28:55.968184,,,,,,1.809570313,,,,
15/11/2023 19:28:55.970398,,,1.159615755,1.080771804,,,,,,
15/11/2023 19:28:55.989985,,,1.159615755,1.080771804,,,,,,
15/11/2023 19:28:56.152841,,,1.159615755,1.080771804,,,,,,
15/11/2023 19:28:56.202799,,,1.159615755,1.080771804,,,,,,
15/11/2023 19:28:56.453952,,,1.159615755,1.080771804,,,,,,
15/11/2023 19:28:56.583662,,,1.159615755,1.080771804,,,,,,
15/11/2023 19:28:56.595947,,,1.159615755,1.080771804,,,,,,
15/11/2023 19:28:56.616147,,,1.159615755,1.080771804,,,,,,
15/11/2023 19:28:56.638634,,,1.159615755,1.080771804,,,,,,
15/11/2023 19:28:56.643439,,,1.159615755,1.080771804,,,,,,
15/11/2023 19:28:56.653575,,,1.159615755,1.080771804,,,,,,
15/11/2023 19:28:56.676112,,,1.159615755,1.080771804,,,,,,
15/11/2023 19:28:56.693383,,,,,,,,,,
15/11/2023 19:28:56.712466,,,1.159615755,1.080771804,,,,,,
15/11/2023 19:28:56.713505,,,1.159615755,1.080771804,,,,,,
15/11/2023 19:28:56.746152,,,1.159615755,1.080771804,,,,,,
15/11/2023 19:28:56.789845,,,1.159615755,1.080771804,,,,,,
15/11/2023 19:28:56.836176,,,1.159615755,1.080771804,,,,,,
15/11/2023 19:28:56.856177,,,1.159615755,1.080771804,,,,,,
15/11/2023 19:28:56.863501,,,1.159615755,1.080771804,,,,,,
15/11/2023 19:28:56.864294,,,1.159615755,1.080771804,,,,,,
15/11/2023 19:28:56.875944,,,1.159615755,1.080771804,,,,,,
15/11/2023 19:28:56.888381,,,,,26.72949219,,,,,
15/11/2023 19:28:56.888479,,,,,,12.91015625,,,,
15/11/2023 19:28:56.901801,,,1.159615755,1.080771804,,,,,,
15/11/2023 19:28:56.903497,,,1.159615755,1.080771804,,,,,,
15/11/2023 19:28:56.920969,,,1.159615755,1.080771804,,,,,,
15/11/2023 19:28:56.943496,,,1.159615755,1.080771804,,,,,,
15/11/2023 19:28:56.953439,,,1.159615755,1.080771804,,,,,,
15/11/2023 19:28:56.965982,,,1.159615755,1.080771804,,,,,,
15/11/2023 19:28:57.486537,,,1.159615755,1.080771804,,,,,,
15/11/2023 19:28:57.648642,,,1.159615755,1.080771804,,,,,,
15/11/2023 19:28:57.686130,,,1.159615755,1.080771804,,,,,,
15/11/2023 19:28:57.691106,,,1.159615755,1.080771804,,,,,,
15/11/2023 19:28:57.746140,,,1.159615755,1.080771804,,,,,,
15/11/2023 19:28:57.781116,,,1.159615755,1.080771804,,,,,,
15/11/2023 19:28:57.826051,,,1.159615755,1.080771804,,,,,,
15/11/2023 19:28:57.843436,,,1.159615755,1.080771804,,,,,,
15/11/2023 19:28:57.845802,,,,,,,,,,
15/11/2023 19:28:57.869767,,,1.159615755,1.080771804,,,,,,
15/11/2023 19:28:57.878956,,,1.159615755,1.080771804,,,,,,
15/11/2023 19:28:57.885936,,,1.159615755,1.080771804,,,,,,
15/11/2023 19:28:57.923490,,,1.159615755,1.080771804,,,,,,
15/11/2023 19:28:57.948631,,,1.159615755,1.080771804,,,,,,
15/11/2023 19:28:57.955973,,,1.159615755,1.080771804,,,,,,
15/11/2023 19:28:57.956761,,,1.159615755,1.080771804,,,,,,
15/11/2023 19:28:57.961973,,,1.159615755,1.080771804,,,,,,
15/11/2023 19:28:57.963397,,,,,16.14257813,,,,,
15/11/2023 19:28:57.963525,,,,,,18.796875,,,,
15/11/2023 19:28:57.965990,,,1.159615755,1.080771804,,,,,,
15/11/2023 19:28:57.968449,,,1.159615755,1.080771804,,,,,,
15/11/2023 19:28:57.973626,,,1.159615755,1.080771804,,,,,,
15/11/2023 19:28:57.976012,,,1.159615755,1.080771804,,,,,,
15/11/2023 19:28:57.993599,,,1.159615755,1.080771804,,,,,,
15/11/2023 19:28:58.386248,,,1.159615755,1.080771804,,,,,,
15/11/2023 19:28:58.597629,,,1.159615755,1.080771804,,,,,,
15/11/2023 19:28:58.617401,,,1.159615755,1.080771804,,,,,,
15/11/2023 19:28:58.636042,,,1.159615755,1.080771804,,,,,,
15/11/2023 19:28:58.659046,,,1.159615755,1.080771804,,,,,,
15/11/2023 19:28:58.669606,,,1.159615755,1.080771804,,,,,,
15/11/2023 19:28:58.671778,,,1.159615755,1.080771804,,,,,,
15/11/2023 19:28:58.734921,,,,,,,,,,
15/11/2023 19:28:58.760939,,,1.159615755,1.080771804,,,,,,
15/11/2023 19:28:58.762470,,,1.159615755,1.080771804,,,,,,
15/11/2023 19:28:58.763896,,,1.159615755,1.080771804,,,,,,
15/11/2023 19:28:58.790192,,,1.159615755,1.080771804,,,,,,
15/11/2023 19:28:58.792902,,,1.159615755,1.080771804,,,,,,
15/11/2023 19:28:58.810244,,,1.159615755,1.080771804,,,,,,
15/11/2023 19:28:58.810782,,,1.159615755,1.080771804,,,,,,
15/11/2023 19:28:58.829991,,,1.159615755,1.080771804,,,,,,
15/11/2023 19:28:58.837201,,,1.159615755,1.080771804,,,,,,
15/11/2023 19:28:58.842119,,,,,50.90917969,,,,,
15/11/2023 19:28:58.842458,,,,,,37.66015625,,,,
15/11/2023 19:28:58.855028,,,1.159615755,1.080771804,,,,,,
15/11/2023 19:28:58.857692,,,1.159615755,1.080771804,,,,,,
15/11/2023 19:28:58.867832,,,1.159615755,1.080771804,,,,,,
15/11/2023 19:28:58.907678,,,1.159615755,1.080771804,,,,,,
15/11/2023 19:28:58.950014,,,1.159615755,1.080771804,,,,,,
15/11/2023 19:28:58.995260,,,1.159615755,1.080771804,,,,,,
15/11/2023 19:28:59.399962,,,1.159615755,1.080771804,,,,,,
15/11/2023 19:28:59.575286,,,1.159615755,1.080771804,,,,,,
15/11/2023 19:28:59.603664,,,1.159615755,1.080771804,,,,,,
15/11/2023 19:28:59.643949,,,1.159615755,1.080771804,,,,,,
15/11/2023 19:28:59.674219,,,1.159615755,1.080771804,,,,,,
15/11/2023 19:28:59.700015,,,1.159615755,1.080771804,,,,,,
15/11/2023 19:28:59.717817,,,1.159615755,1.080771804,,,,,,
15/11/2023 19:28:59.725382,,,1.159615755,1.080771804,,,,,,
15/11/2023 19:28:59.747245,,,,,,,,,,
15/11/2023 19:28:59.770164,,,1.159615755,1.080771804,,,,,,
15/11/2023 19:28:59.776720,,,1.159615755,1.080771804,,,,,,
15/11/2023 19:28:59.807826,,,1.159615755,1.080771804,,,,,,
15/11/2023 19:28:59.874110,,,1.159615755,1.080771804,,,,,,
15/11/2023 19:28:59.897625,,,1.159615755,1.080771804,,,,,,
15/11/2023 19:28:59.901195,,,1.159615755,1.080771804,,,,,,
15/11/2023 19:28:59.942647,,,1.159615755,1.080771804,,,,,,
15/11/2023 19:28:59.965006,,,1.159615755,1.080771804,,,,,,
15/11/2023 19:28:59.967629,,,1.159615755,1.080771804,,,,,,
15/11/2023 19:28:59.976792,,,,,19.71875,,,,,
15/11/2023 19:28:59.981756,,,,,,0.9375,,,,
15/11/2023 19:28:59.987116,,,1.159615755,1.080771804,,,,,,
15/11/2023 19:28:59.999218,,,1.159615755,1.080771804,,,,,,
15/11/2023 19:29:00.111699,,,1.159615755,1.080771804,,,,,,
15/11/2023 19:29:00.411829,,,1.159615755,1.080771804,,,,,,
15/11/2023 19:29:00.486398,,,1.159615755,1.080771804,,,,,,
15/11/2023 19:29:00.565043,,,1.159615755,1.080771804,,,,,,
15/11/2023 19:29:00.615275,,,1.159615755,1.080771804,,,,,,
15/11/2023 19:29:00.627608,,,1.159615755,1.080771804,,,,,,
15/11/2023 19:29:00.642493,,,1.159615755,1.080771804,,,,,,
15/11/2023 19:29:00.669961,,,1.159615755,1.080771804,,,,,,
15/11/2023 19:29:00.682339,,,1.159615755,1.080771804,,,,,,
15/11/2023 19:29:00.704910,,,1.159615755,1.080771804,,,,,,
15/11/2023 19:29:00.746153,,,1.159615755,1.080771804,,,,,,
15/11/2023 19:29:00.791207,,,1.159615755,1.080771804,,,,,,
15/11/2023 19:29:00.796255,,,1.159615755,1.080771804,,,,,,
15/11/2023 19:29:00.796399,,,,,,,,,,
15/11/2023 19:29:00.869800,,,1.159615755,1.080771804,,,,,,
15/11/2023 19:29:00.889616,,,1.159615755,1.080771804,,,,,,
15/11/2023 19:29:00.895397,,,1.159615755,1.080771804,,,,,,
15/11/2023 19:29:00.898105,,,1.159615755,1.080771804,,,,,,
15/11/2023 19:29:00.927078,76.9697,35.09,,,,,96.9,8.18737152,,
15/11/2023 19:29:00.963670,,,1.159615755,1.080771804,,,,,,
15/11/2023 19:29:00.976205,,,1.159615755,1.080771804,,,,,,
15/11/2023 19:29:01.112830,,,1.159615755,1.080771804,,,,,,
15/11/2023 19:29:01.141015,,,1.159615755,1.080771804,,,,,,
15/11/2023 19:29:01.192513,,,1.159615755,1.080771804,,,,,,
15/11/2023 19:29:01.217868,,,1.159615755,1.080771804,,,,,,
15/11/2023 19:29:01.267174,,,1.159615755,1.080771804,,,,,,
15/11/2023 19:29:01.397450,,,1.159615755,1.080771804,,,,,,
15/11/2023 19:29:01.457759,,,1.159615755,1.080771804,,,,,,
15/11/2023 19:29:01.477559,,,1.159615755,1.080771804,,,,,,
15/11/2023 19:29:01.484748,,,1.159615755,1.080771804,,,,,,
15/11/2023 19:29:01.495330,,,1.159615755,1.080771804,,,,,,
15/11/2023 19:29:01.505031,,,1.159615755,1.080771804,,,,,,
15/11/2023 19:29:01.527555,,,1.159615755,1.080771804,,,,,,
15/11/2023 19:29:01.547637,,,1.159615755,1.080771804,,,,,,
15/11/2023 19:29:01.565356,,,1.159615755,1.080771804,,,,,,
15/11/2023 19:29:01.567589,,,,,,,,,,
15/11/2023 19:29:01.590406,76.9697,34.86,,,,,96.2,8.18737152,,
15/11/2023 19:29:01.591097,,,1.159615755,1.080771804,,,,,,
15/11/2023 19:29:01.592339,,,1.159615755,1.080771804,,,,,,
15/11/2023 19:29:01.593569,,,1.159615755,1.080771804,,,,,,
15/11/2023 19:29:01.594763,,,1.159615755,1.080771804,,,,,,
15/11/2023 19:29:01.599506,,,1.159615755,1.080771804,,,,,,
15/11/2023 19:29:01.606974,,,1.159615755,1.080771804,,,,,,
15/11/2023 19:29:01.642605,,,1.159615755,1.080771804,,,,,,
15/11/2023 19:29:01.692587,,,1.159615755,1.080771804,,,,,,
15/11/2023 19:29:01.735415,,,1.159615755,1.080771804,,,,,,
15/11/2023 19:29:01.775032,,,,,,1.37109375,,,,
15/11/2023 19:29:01.776713,,,,,27.90820313,,,,,
15/11/2023 19:29:01.778851,,,1.159615755,1.080771804,,,,,,
15/11/2023 19:29:01.831229,,,1.159615755,1.080771804,,,,,,
15/11/2023 19:29:01.861470,,,1.159615755,1.080771804,,,,,,
15/11/2023 19:29:01.880239,,,1.159615755,1.080771804,,,,,,
15/11/2023 19:29:01.887691,,,,,19.39746094,,,,,
15/11/2023 19:29:01.901515,,,,,,1.08203125,,,,
15/11/2023 19:29:01.907452,,,1.159615755,1.080771804,,,,,,
15/11/2023 19:29:01.962738,,,1.159615755,1.080771804,,,,,,
15/11/2023 19:29:02.199305,,,1.159615755,1.080771804,,,,,,
15/11/2023 19:29:02.221475,76.9697,35.09,,,,,97.6,8.18737152,,
15/11/2023 19:29:02.366323,,,1.159615755,1.080771804,,,,,,
15/11/2023 19:29:02.482510,,,1.159615755,1.080771804,,,,,,
15/11/2023 19:29:02.492247,,,1.159615755,1.080771804,,,,,,
15/11/2023 19:29:02.537902,,,1.159615755,1.080771804,,,,,,
15/11/2023 19:29:02.540868,,,1.159615755,1.080771804,,,,,,
15/11/2023 19:29:02.575314,,,1.159615755,1.080771804,,,,,,
15/11/2023 19:29:02.578211,,,1.159615755,1.080771804,,,,,,
15/11/2023 19:29:02.597050,,,,,,,,,,
15/11/2023 19:29:02.618160,,,1.159615755,1.080771804,,,,,,
15/11/2023 19:29:02.619328,,,1.159615755,1.080771804,,,,,,
15/11/2023 19:29:02.620447,,,1.159615755,1.080771804,,,,,,
15/11/2023 19:29:02.621670,,,1.159615755,1.080771804,,,,,,
15/11/2023 19:29:02.623748,,,1.159615755,1.080771804,,,,,,
15/11/2023 19:29:02.677490,,,1.159615755,1.080771804,,,,,,
15/11/2023 19:29:02.717595,,,1.159615755,1.080771804,,,,,,
15/11/2023 19:29:02.769181,,,1.159615755,1.080771804,,,,,,
15/11/2023 19:29:02.769404,,,,,22.01464844,,,,,
15/11/2023 19:29:02.769563,,,,,,1.26171875,,,,
15/11/2023 19:29:02.806171,,,1.159615755,1.080771804,,,,,,
15/11/2023 19:29:02.811866,,,1.159615755,1.080771804,,,,,,
15/11/2023 19:29:02.835725,,,1.159615755,1.080771804,,,,,,
15/11/2023 19:29:02.882249,,,1.159615755,1.080771804,,,,,,
15/11/2023 19:29:02.932673,,,1.159615755,1.080771804,,,,,,
15/11/2023 19:29:02.957841,,,1.159615755,1.080771804,,,,,,
15/11/2023 19:29:02.987518,,,1.159615755,1.080771804,,,,,,
15/11/2023 19:29:03.424607,,,1.159615755,1.080771804,,,,,,
15/11/2023 19:29:03.535460,,,1.159615755,1.080771804,,,,,,
15/11/2023 19:29:03.547835,,,1.159615755,1.080771804,,,,,,
15/11/2023 19:29:03.550502,,,1.159615755,1.080771804,,,,,,
15/11/2023 19:29:03.580194,,,1.159615755,1.080771804,,,,,,
15/11/2023 19:29:03.627720,,,1.159615755,1.080771804,,,,,,
15/11/2023 19:29:03.650070,,,1.159615755,1.080771804,,,,,,
15/11/2023 19:29:03.663105,,,1.159615755,1.080771804,,,,,,
15/11/2023 19:29:03.663639,,,,,,,,,,
15/11/2023 19:29:03.684965,,,1.159615755,1.080771804,,,,,,
15/11/2023 19:29:03.685934,,,1.159615755,1.080771804,,,,,,
15/11/2023 19:29:03.686850,,,1.159615755,1.080771804,,,,,,
15/11/2023 19:29:03.687758,,,1.159615755,1.080771804,,,,,,
15/11/2023 19:29:03.691052,,,1.159615755,1.080771804,,,,,,
15/11/2023 19:29:03.693512,,,1.159615755,1.080771804,,,,,,
15/11/2023 19:29:03.696024,,,1.159615755,1.080771804,,,,,,
15/11/2023 19:29:03.721259,,,1.159615755,1.080771804,,,,,,
15/11/2023 19:29:03.772604,,,1.159615755,1.080771804,,,,,,
15/11/2023 19:29:03.779517,,,,,20.13671875,,,,,
15/11/2023 19:29:03.780010,,,,,,6.23046875,,,,
15/11/2023 19:29:03.814962,,,1.159615755,1.080771804,,,,,,
15/11/2023 19:29:03.851153,,,1.159615755,1.080771804,,,,,,
15/11/2023 19:29:03.876907,,,1.159615755,1.080771804,,,,,,
15/11/2023 19:29:03.881129,,,1.159615755,1.080771804,,,,,,
15/11/2023 19:29:03.921601,,,1.159615755,1.080771804,,,,,,
15/11/2023 19:29:03.970285,,,1.159615755,1.080771804,,,,,,
15/11/2023 19:29:04.103939,,,1.159615755,1.080771804,,,,,,
15/11/2023 19:29:04.150009,,,1.159615755,1.080771804,,,,,,
15/11/2023 19:29:04.452689,,,1.159615755,1.080771804,,,,,,
15/11/2023 19:29:04.470211,,,1.159615755,1.080771804,,,,,,
15/11/2023 19:29:04.505256,,,1.159615755,1.080771804,,,,,,
15/11/2023 19:29:04.516031,,,1.159615755,1.080771804,,,,,,
15/11/2023 19:29:04.523456,,,1.159615755,1.080771804,,,,,,
15/11/2023 19:29:04.525977,,,1.159615755,1.080771804,,,,,,
15/11/2023 19:29:04.533656,,,1.159615755,1.080771804,,,,,,
15/11/2023 19:29:04.533796,,,,,,,,,,
15/11/2023 19:29:04.552854,,,1.159615755,1.080771804,,,,,,
15/11/2023 19:29:04.553748,,,1.159615755,1.080771804,,,,,,
15/11/2023 19:29:04.554833,,,1.159615755,1.080771804,,,,,,
15/11/2023 19:29:04.561045,,,1.159615755,1.080771804,,,,,,
15/11/2023 19:29:04.581225,,,1.159615755,1.080771804,,,,,,
15/11/2023 19:29:04.625008,,,1.159615755,1.080771804,,,,,,
15/11/2023 19:29:04.637150,,,1.159615755,1.080771804,,,,,,
15/11/2023 19:29:04.673106,,,1.159615755,1.080771804,,,,,,
15/11/2023 19:29:04.720472,,,1.159615755,1.080771804,,,,,,
15/11/2023 19:29:04.767821,,,1.159615755,1.080771804,,,,,,
15/11/2023 19:29:04.774765,,,,,23.98535156,,,,,
15/11/2023 19:29:04.775139,,,,,,9.80859375,,,,
15/11/2023 19:29:04.800002,,,1.159615755,1.080771804,,,,,,
15/11/2023 19:29:04.891160,,,1.159615755,1.080771804,,,,,,
15/11/2023 19:29:04.936514,,,1.159615755,1.080771804,,,,,,
15/11/2023 19:29:04.987701,,,1.159615755,1.080771804,,,,,,
15/11/2023 19:29:05.474435,,,1.159615755,1.080771804,,,,,,
15/11/2023 19:29:05.687814,,,1.159615755,1.080771804,,,,,,
15/11/2023 19:29:05.712880,,,1.159615755,1.080771804,,,,,,
15/11/2023 19:29:05.732867,,,1.159615755,1.080771804,,,,,,
15/11/2023 19:29:05.740442,,,1.159615755,1.080771804,,,,,,
15/11/2023 19:29:05.743308,,,1.159615755,1.080771804,,,,,,
15/11/2023 19:29:05.745954,,,1.159615755,1.080771804,,,,,,
15/11/2023 19:29:05.749738,,,1.159615755,1.080771804,,,,,,
15/11/2023 19:29:05.750190,,,,,,,,,,
15/11/2023 19:29:05.788768,,,1.159615755,1.080771804,,,,,,
15/11/2023 19:29:05.807749,,,1.159615755,1.080771804,,,,,,
15/11/2023 19:29:05.812749,,,1.159615755,1.080771804,,,,,,
15/11/2023 19:29:05.850710,,,1.159615755,1.080771804,,,,,,
15/11/2023 19:29:05.894121,,,1.159615755,1.080771804,,,,,,
15/11/2023 19:29:05.904162,,,1.159615755,1.080771804,,,,,,
15/11/2023 19:29:05.916636,,,,,14.12109375,,,,,
15/11/2023 19:29:05.916801,,,,,,19.0546875,,,,
15/11/2023 19:29:05.921776,,,1.159615755,1.080771804,,,,,,
15/11/2023 19:29:05.924323,,,1.159615755,1.080771804,,,,,,
15/11/2023 19:29:05.939793,,,1.159615755,1.080771804,,,,,,
15/11/2023 19:29:05.962523,,,1.159615755,1.080771804,,,,,,
15/11/2023 19:29:05.980000,,,1.159615755,1.080771804,,,,,,
15/11/2023 19:29:06.100006,,,1.159615755,1.080771804,,,,,,
15/11/2023 19:29:06.227983,,,1.159615755,1.080771804,,,,,,
15/11/2023 19:29:06.244774,,,1.159615755,1.080771804,,,,,,
15/11/2023 19:29:06.537900,,,1.159615755,1.080771804,,,,,,
15/11/2023 19:29:06.575549,,,1.159615755,1.080771804,,,,,,
15/11/2023 19:29:06.577683,,,1.159615755,1.080771804,,,,,,
15/11/2023 19:29:06.610300,,,1.159615755,1.080771804,,,,,,
15/11/2023 19:29:06.613114,,,1.159615755,1.080771804,,,,,,
15/11/2023 19:29:06.650276,,,1.159615755,1.080771804,,,,,,
15/11/2023 19:29:06.655018,,,1.159615755,1.080771804,,,,,,
15/11/2023 19:29:06.655447,,,,,,,,,,
15/11/2023 19:29:06.672685,,,1.159615755,1.080771804,,,,,,
15/11/2023 19:29:06.673841,,,1.159615755,1.080771804,,,,,,
15/11/2023 19:29:06.678984,,,1.159615755,1.080771804,,,,,,
15/11/2023 19:29:06.705397,,,1.159615755,1.080771804,,,,,,
15/11/2023 19:29:06.717794,,,1.159615755,1.080771804,,,,,,
15/11/2023 19:29:06.722310,,,1.159615755,1.080771804,,,,,,
15/11/2023 19:29:06.750058,,,1.159615755,1.080771804,,,,,,
15/11/2023 19:29:06.767873,,,1.159615755,1.080771804,,,,,,
15/11/2023 19:29:06.772154,,,,,51.53710938,,,,,
15/11/2023 19:29:06.772512,,,,,,32.31640625,,,,
15/11/2023 19:29:06.802504,,,1.159615755,1.080771804,,,,,,
15/11/2023 19:29:06.847582,,,1.159615755,1.080771804,,,,,,
15/11/2023 19:29:06.889984,,,1.159615755,1.080771804,,,,,,
15/11/2023 19:29:06.937753,,,1.159615755,1.080771804,,,,,,
15/11/2023 19:29:06.982573,,,1.159615755,1.080771804,,,,,,
15/11/2023 19:29:07.115051,,,1.159615755,1.080771804,,,,,,
15/11/2023 19:29:07.227733,,,1.159615755,1.080771804,,,,,,
15/11/2023 19:29:07.546142,,,1.159615755,1.080771804,,,,,,
15/11/2023 19:29:07.591090,,,1.159615755,1.080771804,,,,,,
15/11/2023 19:29:07.598399,,,1.159615755,1.080771804,,,,,,
15/11/2023 19:29:07.625940,,,1.159615755,1.080771804,,,,,,
15/11/2023 19:29:07.635922,,,1.159615755,1.080771804,,,,,,
15/11/2023 19:29:07.675293,,,1.159615755,1.080771804,,,,,,
15/11/2023 19:29:07.678050,,,1.159615755,1.080771804,,,,,,
15/11/2023 19:29:07.679211,,,1.159615755,1.080771804,,,,,,
15/11/2023 19:29:07.691889,,,,,,,,,,
15/11/2023 19:29:07.723588,,,1.159615755,1.080771804,,,,,,
15/11/2023 19:29:07.726476,,,1.159615755,1.080771804,,,,,,
15/11/2023 19:29:07.740059,,,1.159615755,1.080771804,,,,,,
15/11/2023 19:29:07.780032,,,1.159615755,1.080771804,,,,,,
15/11/2023 19:29:07.833050,,,1.159615755,1.080771804,,,,,,
15/11/2023 19:29:07.837225,,,1.159615755,1.080771804,,,,,,
15/11/2023 19:29:07.845285,,,1.159615755,1.080771804,,,,,,
15/11/2023 19:29:07.849814,,,1.159615755,1.080771804,,,,,,
15/11/2023 19:29:07.854364,,,,,16.52148438,,,,,
15/11/2023 19:29:07.854705,,,,,,1.01953125,,,,
15/11/2023 19:29:07.862581,,,1.159615755,1.080771804,,,,,,
15/11/2023 19:29:07.877664,,,1.159615755,1.080771804,,,,,,
15/11/2023 19:29:07.897640,,,1.159615755,1.080771804,,,,,,
15/11/2023 19:29:07.942763,,,1.159615755,1.080771804,,,,,,
15/11/2023 19:29:07.987620,,,1.159615755,1.080771804,,,,,,
15/11/2023 19:29:08.352790,,,1.159615755,1.080771804,,,,,,
15/11/2023 19:29:08.502524,,,1.159615755,1.080771804,,,,,,
15/11/2023 19:29:08.527678,,,1.159615755,1.080771804,,,,,,
15/11/2023 19:29:08.540557,,,1.159615755,1.080771804,,,,,,
15/11/2023 19:29:08.545425,,,1.159615755,1.080771804,,,,,,
15/11/2023 19:29:08.562962,,,1.159615755,1.080771804,,,,,,
15/11/2023 19:29:08.567735,,,1.159615755,1.080771804,,,,,,
15/11/2023 19:29:08.597637,,,1.159615755,1.080771804,,,,,,
15/11/2023 19:29:08.600014,,,,,,,,,,
15/11/2023 19:29:08.623073,,,1.159615755,1.080771804,,,,,,
15/11/2023 19:29:08.624114,,,1.159615755,1.080771804,,,,,,
15/11/2023 19:29:08.625071,,,1.159615755,1.080771804,,,,,,
15/11/2023 19:29:08.629236,,,1.159615755,1.080771804,,,,,,
15/11/2023 19:29:08.636683,,,1.159615755,1.080771804,,,,,,
15/11/2023 19:29:08.677573,,,1.159615755,1.080771804,,,,,,
15/11/2023 19:29:08.739978,,,1.159615755,1.080771804,,,,,,
15/11/2023 19:29:08.775598,,,1.159615755,1.080771804,,,,,,
15/11/2023 19:29:08.797612,,,1.159615755,1.080771804,,,,,,
15/11/2023 19:29:08.802609,,,,,23.20898438,,,,,
15/11/2023 19:29:08.802982,,,,,,1.01953125,,,,
15/11/2023 19:29:08.812837,,,1.159615755,1.080771804,,,,,,
15/11/2023 19:29:08.885209,,,1.159615755,1.080771804,,,,,,
15/11/2023 19:29:08.928653,,,1.159615755,1.080771804,,,,,,
15/11/2023 19:29:08.968690,,,1.159615755,1.080771804,,,,,,
15/11/2023 19:29:08.983605,,,1.159615755,1.080771804,,,,,,
15/11/2023 19:29:09.289471,,,1.159615755,1.080771804,,,,,,
15/11/2023 19:29:09.519976,,,1.159615755,1.080771804,,,,,,
15/11/2023 19:29:09.542753,,,1.159615755,1.080771804,,,,,,
15/11/2023 19:29:09.552818,,,1.159615755,1.080771804,,,,,,
15/11/2023 19:29:09.555807,,,1.159615755,1.080771804,,,,,,
15/11/2023 19:29:09.570128,,,1.159615755,1.080771804,,,,,,
15/11/2023 19:29:09.602477,,,1.159615755,1.080771804,,,,,,
15/11/2023 19:29:09.605156,,,1.159615755,1.080771804,,,,,,
15/11/2023 19:29:09.607781,,,1.159615755,1.080771804,,,,,,
15/11/2023 19:29:09.610411,,,1.159615755,1.080771804,,,,,,
15/11/2023 19:29:09.612701,,,,,,,,,,
15/11/2023 19:29:09.638308,,,1.159615755,1.080771804,,,,,,
15/11/2023 19:29:09.639650,,,1.159615755,1.080771804,,,,,,
15/11/2023 19:29:09.641061,,,1.159615755,1.080771804,,,,,,
15/11/2023 19:29:09.646973,,,1.159615755,1.080771804,,,,,,
15/11/2023 19:29:09.700222,,,1.159615755,1.080771804,,,,,,
15/11/2023 19:29:09.721809,,,1.159615755,1.080771804,,,,,,
15/11/2023 19:29:09.797460,,,1.159615755,1.080771804,,,,,,
15/11/2023 19:29:09.840431,,,1.159615755,1.080771804,,,,,,
15/11/2023 19:29:09.842238,,,,,19.90820313,,,,,
15/11/2023 19:29:09.842612,,,,,,1.01953125,,,,
15/11/2023 19:29:09.858019,,,1.159615755,1.080771804,,,,,,
15/11/2023 19:29:09.915261,,,1.159615755,1.080771804,,,,,,
15/11/2023 19:29:09.949930,,,1.159615755,1.080771804,,,,,,
15/11/2023 19:29:09.996362,,,1.159615755,1.080771804,,,,,,
15/11/2023 19:29:10.367476,,,1.159615755,1.080771804,,,,,,
15/11/2023 19:29:10.413693,,,1.159615755,1.080771804,,,,,,
15/11/2023 19:29:10.620376,,,1.159615755,1.080771804,,,,,,
15/11/2023 19:29:10.630275,,,1.159615755,1.080771804,,,,,,
15/11/2023 19:29:10.662876,,,1.159615755,1.080771804,,,,,,
15/11/2023 19:29:10.686328,,,1.159615755,1.080771804,,,,,,
15/11/2023 19:29:10.690226,,,1.159615755,1.080771804,,,,,,
15/11/2023 19:29:10.709224,,,1.159615755,1.080771804,,,,,,
15/11/2023 19:29:10.711584,,,1.159615755,1.080771804,,,,,,
15/11/2023 19:29:10.724452,,,,,,,,,,
15/11/2023 19:29:10.748839,,,1.159615755,1.080771804,,,,,,
15/11/2023 19:29:10.751670,,,1.159615755,1.080771804,,,,,,
15/11/2023 19:29:10.754297,,,1.159615755,1.080771804,,,,,,
15/11/2023 19:29:10.756947,,,1.159615755,1.080771804,,,,,,
15/11/2023 19:29:10.820265,76.9697,35.05,,,,,95.8,8.18737152,,
15/11/2023 19:29:10.821135,,,1.159615755,1.080771804,,,,,,
15/11/2023 19:29:10.835091,,,1.159615755,1.080771804,,,,,,
15/11/2023 19:29:10.837175,,,1.159615755,1.080771804,,,,,,
15/11/2023 19:29:10.860487,,,1.159615755,1.080771804,,,,,,
15/11/2023 19:29:10.900450,,,1.159615755,1.080771804,,,,,,
15/11/2023 19:29:10.900864,,,,,,1.146484375,,,,
15/11/2023 19:29:10.903002,,,,,18.359375,,,,,
15/11/2023 19:29:10.905709,,,1.159615755,1.080771804,,,,,,
15/11/2023 19:29:10.925113,,,1.159615755,1.080771804,,,,,,
15/11/2023 19:29:10.929845,,,1.159615755,1.080771804,,,,,,
15/11/2023 19:29:10.974914,,,1.159615755,1.080771804,,,,,,
15/11/2023 19:29:11.100308,,,1.159615755,1.080771804,,,,,,
15/11/2023 19:29:11.487431,,,1.159615755,1.080771804,,,,,,
15/11/2023 19:29:11.534727,,,1.159615755,1.080771804,,,,,,
15/11/2023 19:29:11.545437,,,1.159615755,1.080771804,,,,,,
15/11/2023 19:29:11.549921,,,1.159615755,1.080771804,,,,,,
15/11/2023 19:29:11.552558,,,1.159615755,1.080771804,,,,,,
15/11/2023 19:29:11.555154,,,1.159615755,1.080771804,,,,,,
15/11/2023 19:29:11.559628,,,1.159615755,1.080771804,,,,,,
15/11/2023 19:29:11.562218,,,1.159615755,1.080771804,,,,,,
15/11/2023 19:29:11.575407,,,1.159615755,1.080771804,,,,,,
15/11/2023 19:29:11.575841,,,,,,,,,,
15/11/2023 19:29:11.597339,76.9697,35.09,,,,,98.1,8.18737152,,
15/11/2023 19:29:11.598025,,,1.159615755,1.080771804,,,,,,
15/11/2023 19:29:11.599120,,,1.159615755,1.080771804,,,,,,
15/11/2023 19:29:11.600202,,,1.159615755,1.080771804,,,,,,
15/11/2023 19:29:11.611812,,,1.159615755,1.080771804,,,,,,
15/11/2023 19:29:11.613749,,,1.159615755,1.080771804,,,,,,
15/11/2023 19:29:11.653678,,,1.159615755,1.080771804,,,,,,
15/11/2023 19:29:11.706608,,,1.159615755,1.080771804,,,,,,
15/11/2023 19:29:11.747572,,,1.159615755,1.080771804,,,,,,
15/11/2023 19:29:11.780022,,,,,24.66894531,,,,,
15/11/2023 19:29:11.780438,,,,,,1.61328125,,,,
15/11/2023 19:29:11.797540,,,1.159615755,1.080771804,,,,,,
15/11/2023 19:29:11.845019,,,1.159615755,1.080771804,,,,,,
15/11/2023 19:29:11.886206,,,1.159615755,1.080771804,,,,,,
15/11/2023 19:29:11.918626,,,1.159615755,1.080771804,,,,,,
15/11/2023 19:29:11.956394,,,1.159615755,1.080771804,,,,,,
15/11/2023 19:29:11.963759,,,1.159615755,1.080771804,,,,,,
15/11/2023 19:29:11.974852,,,1.159615755,1.080771804,,,,,,
15/11/2023 19:29:12.202913,,,1.159615755,1.080771804,,,,,,
15/11/2023 19:29:12.225111,76.9697,35.33,,,,,96.7,8.18737152,,
15/11/2023 19:29:12.637956,,,1.159615755,1.080771804,,,,,,
15/11/2023 19:29:12.650088,,,1.159615755,1.080771804,,,,,,
15/11/2023 19:29:12.667886,,,1.159615755,1.080771804,,,,,,
15/11/2023 19:29:12.680193,,,1.159615755,1.080771804,,,,,,
15/11/2023 19:29:12.695113,,,1.159615755,1.080771804,,,,,,
15/11/2023 19:29:12.700296,,,1.159615755,1.080771804,,,,,,
15/11/2023 19:29:12.705338,,,1.159615755,1.080771804,,,,,,
15/11/2023 19:29:12.706831,,,,,,,,,,
15/11/2023 19:29:12.730701,,,1.159615755,1.080771804,,,,,,
15/11/2023 19:29:12.731877,,,1.159615755,1.080771804,,,,,,
15/11/2023 19:29:12.746970,,,1.159615755,1.080771804,,,,,,
15/11/2023 19:29:12.784996,,,1.159615755,1.080771804,,,,,,
15/11/2023 19:29:12.811414,,,1.159615755,1.080771804,,,,,,
15/11/2023 19:29:12.826266,,,1.159615755,1.080771804,,,,,,
15/11/2023 19:29:12.838694,,,1.159615755,1.080771804,,,,,,
15/11/2023 19:29:12.846092,,,1.159615755,1.080771804,,,,,,
15/11/2023 19:29:12.848559,,,,,,9.8984375,,,,
15/11/2023 19:29:12.848663,,,,,18.90917969,,,,,
15/11/2023 19:29:12.880109,,,1.159615755,1.080771804,,,,,,
15/11/2023 19:29:12.907530,,,1.159615755,1.080771804,,,,,,
15/11/2023 19:29:12.942661,,,1.159615755,1.080771804,,,,,,
15/11/2023 19:29:12.967723,,,1.159615755,1.080771804,,,,,,
15/11/2023 19:29:13.241394,,,1.159615755,1.080771804,,,,,,
15/11/2023 19:29:13.349477,,,1.159615755,1.080771804,,,,,,
15/11/2023 19:29:13.461072,,,1.159615755,1.080771804,,,,,,
15/11/2023 19:29:13.483604,,,1.159615755,1.080771804,,,,,,
15/11/2023 19:29:13.485986,,,1.159615755,1.080771804,,,,,,
15/11/2023 19:29:13.491008,,,1.159615755,1.080771804,,,,,,
15/11/2023 19:29:13.493482,,,1.159615755,1.080771804,,,,,,
15/11/2023 19:29:13.498445,,,1.159615755,1.080771804,,,,,,
15/11/2023 19:29:13.500921,,,1.159615755,1.080771804,,,,,,
15/11/2023 19:29:13.505972,,,1.159615755,1.080771804,,,,,,
15/11/2023 19:29:13.521066,,,1.159615755,1.080771804,,,,,,
15/11/2023 19:29:13.521203,,,,,,,,,,
15/11/2023 19:29:13.546417,,,1.159615755,1.080771804,,,,,,
15/11/2023 19:29:13.561059,,,1.159615755,1.080771804,,,,,,
15/11/2023 19:29:13.563478,,,1.159615755,1.080771804,,,,,,
15/11/2023 19:29:13.613693,,,1.159615755,1.080771804,,,,,,
15/11/2023 19:29:13.658734,,,1.159615755,1.080771804,,,,,,
15/11/2023 19:29:13.686168,,,1.159615755,1.080771804,,,,,,
15/11/2023 19:29:13.746109,,,1.159615755,1.080771804,,,,,,
15/11/2023 19:29:13.801098,,,1.159615755,1.080771804,,,,,,
15/11/2023 19:29:13.804418,,,1.159615755,1.080771804,,,,,,
15/11/2023 19:29:13.805898,,,,,24.75585938,,,,,
15/11/2023 19:29:13.805994,,,,,,18.9921875,,,,
15/11/2023 19:29:13.846083,,,1.159615755,1.080771804,,,,,,
15/11/2023 19:29:13.888494,,,1.159615755,1.080771804,,,,,,
15/11/2023 19:29:13.903381,,,1.159615755,1.080771804,,,,,,
15/11/2023 19:29:13.956114,,,1.159615755,1.080771804,,,,,,
15/11/2023 19:29:14.103529,,,1.159615755,1.080771804,,,,,,
15/11/2023 19:29:14.111219,,,1.159615755,1.080771804,,,,,,
15/11/2023 19:29:14.511755,,,1.159615755,1.080771804,,,,,,
15/11/2023 19:29:14.651178,,,1.159615755,1.080771804,,,,,,
15/11/2023 19:29:14.653428,,,1.159615755,1.080771804,,,,,,
15/11/2023 19:29:14.660966,,,1.159615755,1.080771804,,,,,,
15/11/2023 19:29:14.665996,,,1.159615755,1.080771804,,,,,,
15/11/2023 19:29:14.673441,,,1.159615755,1.080771804,,,,,,
15/11/2023 19:29:14.686097,,,1.159615755,1.080771804,,,,,,
15/11/2023 19:29:14.688489,,,1.159615755,1.080771804,,,,,,
15/11/2023 19:29:14.688616,,,,,,,,,,
15/11/2023 19:29:14.712111,,,1.159615755,1.080771804,,,,,,
15/11/2023 19:29:14.728494,,,1.159615755,1.080771804,,,,,,
15/11/2023 19:29:14.730932,,,1.159615755,1.080771804,,,,,,
15/11/2023 19:29:14.776092,,,1.159615755,1.080771804,,,,,,
15/11/2023 19:29:14.806004,,,1.159615755,1.080771804,,,,,,
15/11/2023 19:29:14.850898,,,,,45.69238281,,,,,
15/11/2023 19:29:14.851005,,,,,,32.14453125,,,,
15/11/2023 19:29:14.855965,,,1.159615755,1.080771804,,,,,,
15/11/2023 19:29:14.893651,,,1.159615755,1.080771804,,,,,,
15/11/2023 19:29:14.906007,,,1.159615755,1.080771804,,,,,,
15/11/2023 19:29:14.928539,,,1.159615755,1.080771804,,,,,,
15/11/2023 19:29:14.968690,,,1.159615755,1.080771804,,,,,,
15/11/2023 19:29:14.986332,,,1.159615755,1.080771804,,,,,,
15/11/2023 19:29:15.136708,,,1.159615755,1.080771804,,,,,,
15/11/2023 19:29:15.137644,,,1.159615755,1.080771804,,,,,,
15/11/2023 19:29:15.648686,,,1.159615755,1.080771804,,,,,,
15/11/2023 19:29:15.674505,,,1.159615755,1.080771804,,,,,,
15/11/2023 19:29:15.689525,,,1.159615755,1.080771804,,,,,,
15/11/2023 19:29:15.700272,,,1.159615755,1.080771804,,,,,,
15/11/2023 19:29:15.707529,,,1.159615755,1.080771804,,,,,,
15/11/2023 19:29:15.725389,,,1.159615755,1.080771804,,,,,,
15/11/2023 19:29:15.742717,,,1.159615755,1.080771804,,,,,,
15/11/2023 19:29:15.760174,,,1.159615755,1.080771804,,,,,,
15/11/2023 19:29:15.762477,,,,,,,,,,
15/11/2023 19:29:15.795746,,,1.159615755,1.080771804,,,,,,
15/11/2023 19:29:15.798561,,,1.159615755,1.080771804,,,,,,
15/11/2023 19:29:15.802234,,,1.159615755,1.080771804,,,,,,
15/11/2023 19:29:15.807861,,,1.159615755,1.080771804,,,,,,
15/11/2023 19:29:15.812372,,,1.159615755,1.080771804,,,,,,
15/11/2023 19:29:15.820164,,,1.159615755,1.080771804,,,,,,
15/11/2023 19:29:15.822617,,,,,16.29785156,,,,,
15/11/2023 19:29:15.822955,,,,,,6.2578125,,,,
15/11/2023 19:29:15.825537,,,1.159615755,1.080771804,,,,,,
15/11/2023 19:29:15.844701,,,1.159615755,1.080771804,,,,,,
15/11/2023 19:29:15.888880,,,1.159615755,1.080771804,,,,,,
15/11/2023 19:29:15.937708,,,1.159615755,1.080771804,,,,,,
15/11/2023 19:29:15.984947,,,1.159615755,1.080771804,,,,,,
15/11/2023 19:29:16.126417,,,1.159615755,1.080771804,,,,,,
15/11/2023 19:29:16.311818,,,1.159615755,1.080771804,,,,,,
15/11/2023 19:29:16.572908,,,1.159615755,1.080771804,,,,,,
15/11/2023 19:29:16.595318,,,1.159615755,1.080771804,,,,,,
15/11/2023 19:29:16.607839,,,1.159615755,1.080771804,,,,,,
15/11/2023 19:29:16.610455,,,1.159615755,1.080771804,,,,,,
15/11/2023 19:29:16.632851,,,1.159615755,1.080771804,,,,,,
15/11/2023 19:29:16.640235,,,1.159615755,1.080771804,,,,,,
15/11/2023 19:29:16.642913,,,1.159615755,1.080771804,,,,,,
15/11/2023 19:29:16.664957,,,,,,,,,,
15/11/2023 19:29:16.685065,,,1.159615755,1.080771804,,,,,,
15/11/2023 19:29:16.693866,,,1.159615755,1.080771804,,,,,,
15/11/2023 19:29:16.702124,,,1.159615755,1.080771804,,,,,,
15/11/2023 19:29:16.740320,,,1.159615755,1.080771804,,,,,,
15/11/2023 19:29:16.743019,,,1.159615755,1.080771804,,,,,,
15/11/2023 19:29:16.747255,,,1.159615755,1.080771804,,,,,,
15/11/2023 19:29:16.754698,,,1.159615755,1.080771804,,,,,,
15/11/2023 19:29:16.761784,,,1.159615755,1.080771804,,,,,,
15/11/2023 19:29:16.769747,,,1.159615755,1.080771804,,,,,,
15/11/2023 19:29:16.786031,,,,,24.91113281,,,,,
15/11/2023 19:29:16.786147,,,,,,1.1015625,,,,
15/11/2023 19:29:16.831209,,,1.159615755,1.080771804,,,,,,
15/11/2023 19:29:16.853937,,,1.159615755,1.080771804,,,,,,
15/11/2023 19:29:16.916229,,,1.159615755,1.080771804,,,,,,
15/11/2023 19:29:16.981094,,,1.159615755,1.080771804,,,,,,
15/11/2023 19:29:16.996035,,,1.159615755,1.080771804,,,,,,
15/11/2023 19:29:17.439596,,,1.159615755,1.080771804,,,,,,
15/11/2023 19:29:17.487688,,,1.159615755,1.080771804,,,,,,
15/11/2023 19:29:17.505423,,,1.159615755,1.080771804,,,,,,
15/11/2023 19:29:17.522845,,,1.159615755,1.080771804,,,,,,
15/11/2023 19:29:17.525574,,,1.159615755,1.080771804,,,,,,
15/11/2023 19:29:17.528177,,,1.159615755,1.080771804,,,,,,
15/11/2023 19:29:17.545325,,,1.159615755,1.080771804,,,,,,
15/11/2023 19:29:17.549957,,,1.159615755,1.080771804,,,,,,
15/11/2023 19:29:17.552281,,,,,,,,,,
15/11/2023 19:29:17.570656,,,1.159615755,1.080771804,,,,,,
15/11/2023 19:29:17.571812,,,1.159615755,1.080771804,,,,,,
15/11/2023 19:29:17.572930,,,1.159615755,1.080771804,,,,,,
15/11/2023 19:29:17.574144,,,1.159615755,1.080771804,,,,,,
15/11/2023 19:29:17.622856,,,1.159615755,1.080771804,,,,,,
15/11/2023 19:29:17.685259,,,1.159615755,1.080771804,,,,,,
15/11/2023 19:29:17.712850,,,1.159615755,1.080771804,,,,,,
15/11/2023 19:29:17.754912,,,1.159615755,1.080771804,,,,,,
15/11/2023 19:29:17.800478,,,,,19.83789063,,,,,
15/11/2023 19:29:17.800884,,,,,,1.01953125,,,,
15/11/2023 19:29:17.803557,,,1.159615755,1.080771804,,,,,,
15/11/2023 19:29:17.806140,,,1.159615755,1.080771804,,,,,,
15/11/2023 19:29:17.847652,,,1.159615755,1.080771804,,,,,,
15/11/2023 19:29:17.878660,,,1.159615755,1.080771804,,,,,,
15/11/2023 19:29:17.913703,,,1.159615755,1.080771804,,,,,,
15/11/2023 19:29:17.953125,,,1.159615755,1.080771804,,,,,,
15/11/2023 19:29:17.962497,,,1.159615755,1.080771804,,,,,,
15/11/2023 19:29:18.109910,,,1.159615755,1.080771804,,,,,,
15/11/2023 19:29:18.461265,,,1.159615755,1.080771804,,,,,,
15/11/2023 19:29:18.540406,,,1.159615755,1.080771804,,,,,,
15/11/2023 19:29:18.562772,,,1.159615755,1.080771804,,,,,,
15/11/2023 19:29:18.607456,,,1.159615755,1.080771804,,,,,,
15/11/2023 19:29:18.616048,,,1.159615755,1.080771804,,,,,,
15/11/2023 19:29:18.666197,,,1.159615755,1.080771804,,,,,,
15/11/2023 19:29:18.712953,,,1.159615755,1.080771804,,,,,,
15/11/2023 19:29:18.725347,,,1.159615755,1.080771804,,,,,,
15/11/2023 19:29:18.730224,,,1.159615755,1.080771804,,,,,,
15/11/2023 19:29:18.732563,,,,,,,,,,
15/11/2023 19:29:18.757414,,,1.159615755,1.080771804,,,,,,
15/11/2023 19:29:18.758435,,,1.159615755,1.080771804,,,,,,
15/11/2023 19:29:18.759391,,,1.159615755,1.080771804,,,,,,
15/11/2023 19:29:18.769114,,,1.159615755,1.080771804,,,,,,
15/11/2023 19:29:18.782003,,,1.159615755,1.080771804,,,,,,
15/11/2023 19:29:18.797530,,,1.159615755,1.080771804,,,,,,
15/11/2023 19:29:18.810081,,,1.159615755,1.080771804,,,,,,
15/11/2023 19:29:18.837121,,,,,19.15039063,,,,,
15/11/2023 19:29:18.837509,,,,,,1.146484375,,,,
15/11/2023 19:29:18.840191,,,1.159615755,1.080771804,,,,,,
15/11/2023 19:29:18.847546,,,1.159615755,1.080771804,,,,,,
15/11/2023 19:29:18.877461,,,1.159615755,1.080771804,,,,,,
15/11/2023 19:29:18.927545,,,1.159615755,1.080771804,,,,,,
15/11/2023 19:29:18.975318,,,1.159615755,1.080771804,,,,,,
15/11/2023 19:29:19.103743,,,1.159615755,1.080771804,,,,,,
15/11/2023 19:29:19.254632,,,1.159615755,1.080771804,,,,,,
15/11/2023 19:29:19.670368,,,1.159615755,1.080771804,,,,,,
15/11/2023 19:29:19.695272,,,1.159615755,1.080771804,,,,,,
15/11/2023 19:29:19.717781,,,1.159615755,1.080771804,,,,,,
15/11/2023 19:29:19.735343,,,1.159615755,1.080771804,,,,,,
15/11/2023 19:29:19.755445,,,1.159615755,1.080771804,,,,,,
15/11/2023 19:29:19.757722,,,1.159615755,1.080771804,,,,,,
15/11/2023 19:29:19.760491,,,1.159615755,1.080771804,,,,,,
15/11/2023 19:29:19.763234,,,1.159615755,1.080771804,,,,,,
15/11/2023 19:29:19.763689,,,,,,,,,,
15/11/2023 19:29:19.782813,,,1.159615755,1.080771804,,,,,,
15/11/2023 19:29:19.783953,,,1.159615755,1.080771804,,,,,,
15/11/2023 19:29:19.785045,,,1.159615755,1.080771804,,,,,,
15/11/2023 19:29:19.794348,,,1.159615755,1.080771804,,,,,,
15/11/2023 19:29:19.815174,,,1.159615755,1.080771804,,,,,,
15/11/2023 19:29:19.827075,,,,,18.34375,,,,,
15/11/2023 19:29:19.829464,,,,,,1.16015625,,,,
15/11/2023 19:29:19.830283,,,1.159615755,1.080771804,,,,,,
15/11/2023 19:29:19.852154,,,1.159615755,1.080771804,,,,,,
15/11/2023 19:29:19.885046,,,1.159615755,1.080771804,,,,,,
15/11/2023 19:29:19.926186,,,1.159615755,1.080771804,,,,,,
15/11/2023 19:29:19.968616,,,1.159615755,1.080771804,,,,,,
15/11/2023 19:29:20.112994,,,1.159615755,1.080771804,,,,,,
15/11/2023 19:29:20.568212,,,1.159615755,1.080771804,,,,,,
15/11/2023 19:29:20.593672,,,1.159615755,1.080771804,,,,,,
15/11/2023 19:29:20.632846,,,1.159615755,1.080771804,,,,,,
15/11/2023 19:29:20.662655,,,1.159615755,1.080771804,,,,,,
15/11/2023 19:29:20.687456,,,1.159615755,1.080771804,,,,,,
15/11/2023 19:29:20.705160,,,1.159615755,1.080771804,,,,,,
15/11/2023 19:29:20.710278,,,1.159615755,1.080771804,,,,,,
15/11/2023 19:29:20.730044,,,1.159615755,1.080771804,,,,,,
15/11/2023 19:29:20.744962,,,,,,,,,,
15/11/2023 19:29:20.768214,,,1.159615755,1.080771804,,,,,,
15/11/2023 19:29:20.769203,,,1.159615755,1.080771804,,,,,,
15/11/2023 19:29:20.770153,,,1.159615755,1.080771804,,,,,,
15/11/2023 19:29:20.830438,,,1.159615755,1.080771804,,,,,,
15/11/2023 19:29:20.850128,,,1.159615755,1.080771804,,,,,,
15/11/2023 19:29:20.852417,76.9697,35.39,,,,,96.2,8.18737152,,
15/11/2023 19:29:20.862110,,,1.159615755,1.080771804,,,,,,
15/11/2023 19:29:20.864017,,,1.159615755,1.080771804,,,,,,
15/11/2023 19:29:20.874852,,,1.159615755,1.080771804,,,,,,
15/11/2023 19:29:20.875258,,,,,19.97265625,,,,,
15/11/2023 19:29:20.877124,,,,,,14.96582031,,,,
15/11/2023 19:29:20.877677,,,1.159615755,1.080771804,,,,,,
15/11/2023 19:29:20.883800,,,1.159615755,1.080771804,,,,,,
15/11/2023 19:29:20.896196,,,1.159615755,1.080771804,,,,,,
15/11/2023 19:29:20.951694,,,1.159615755,1.080771804,,,,,,
15/11/2023 19:29:21.100119,,,1.159615755,1.080771804,,,,,,
15/11/2023 19:29:21.260428,,,1.159615755,1.080771804,,,,,,
15/11/2023 19:29:21.354511,,,1.159615755,1.080771804,,,,,,
15/11/2023 19:29:21.872737,,,1.159615755,1.080771804,,,,,,
15/11/2023 19:29:21.899810,,,1.159615755,1.080771804,,,,,,
15/11/2023 19:29:21.910156,,,1.159615755,1.080771804,,,,,,
15/11/2023 19:29:21.937922,,,1.159615755,1.080771804,,,,,,
15/11/2023 19:29:21.957258,,,1.159615755,1.080771804,,,,,,
15/11/2023 19:29:21.990186,,,1.159615755,1.080771804,,,,,,
15/11/2023 19:29:22.129789,,,,,12.38476563,,,,,
15/11/2023 19:29:22.130168,,,,,,18.8984375,,,,
15/11/2023 19:29:22.132864,,,1.159615755,1.080771804,,,,,,
15/11/2023 19:29:22.157458,,,1.159615755,1.080771804,,,,,,
15/11/2023 19:29:22.162253,,,1.159615755,1.080771804,,,,,,
15/11/2023 19:29:22.176257,76.9697,34.96,,,,,99.5,8.18737152,,
15/11/2023 19:29:22.176680,,,1.159615755,1.080771804,,,,,,
15/11/2023 19:29:22.178693,,,1.159615755,1.080771804,,,,,,
15/11/2023 19:29:22.181141,,,1.159615755,1.080771804,,,,,,
15/11/2023 19:29:22.388601,,,1.159615755,1.080771804,,,,,,
15/11/2023 19:29:22.420254,76.9697,35.27,,,,,96.9,8.18737152,,
15/11/2023 19:29:22.448199,,,1.159615755,1.080771804,,,,,,
15/11/2023 19:29:22.578014,,,1.159615755,1.080771804,,,,,,
15/11/2023 19:29:22.618396,,,,,,,,,,
15/11/2023 19:29:22.643674,,,1.159615755,1.080771804,,,,,,
15/11/2023 19:29:22.666105,,,1.159615755,1.080771804,,,,,,
15/11/2023 19:29:22.681154,,,1.159615755,1.080771804,,,,,,
15/11/2023 19:29:22.683424,,,1.159615755,1.080771804,,,,,,
15/11/2023 19:29:22.713942,,,1.159615755,1.080771804,,,,,,
15/11/2023 19:29:22.739373,,,1.159615755,1.080771804,,,,,,
15/11/2023 19:29:22.784091,,,1.159615755,1.080771804,,,,,,
15/11/2023 19:29:22.786107,,,,,,,,,,
15/11/2023 19:29:22.844913,,,1.159615755,1.080771804,,,,,,
15/11/2023 19:29:22.857000,,,1.159615755,1.080771804,,,,,,
15/11/2023 19:29:22.858899,,,1.159615755,1.080771804,,,,,,
15/11/2023 19:29:22.900763,,,1.159615755,1.080771804,,,,,,
15/11/2023 19:29:22.937812,,,1.159615755,1.080771804,,,,,,
15/11/2023 19:29:22.970090,,,1.159615755,1.080771804,,,,,,
15/11/2023 19:29:23.101855,,,1.159615755,1.080771804,,,,,,
15/11/2023 19:29:23.102635,,,1.159615755,1.080771804,,,,,,
15/11/2023 19:29:23.127695,,,,,48.74609375,,,,,
15/11/2023 19:29:23.131290,,,,,,32.4140625,,,,
15/11/2023 19:29:23.202119,,,1.159615755,1.080771804,,,,,,
15/11/2023 19:29:23.275185,,,1.159615755,1.080771804,,,,,,
15/11/2023 19:29:23.301201,,,1.159615755,1.080771804,,,,,,
15/11/2023 19:29:23.485218,,,1.159615755,1.080771804,,,,,,
15/11/2023 19:29:23.500363,,,1.159615755,1.080771804,,,,,,
15/11/2023 19:29:23.507851,,,1.159615755,1.080771804,,,,,,
15/11/2023 19:29:23.532977,,,1.159615755,1.080771804,,,,,,
15/11/2023 19:29:23.555160,,,1.159615755,1.080771804,,,,,,
15/11/2023 19:29:23.575468,,,1.159615755,1.080771804,,,,,,
15/11/2023 19:29:23.592203,,,1.159615755,1.080771804,,,,,,
15/11/2023 19:29:23.594469,,,,,,,,,,
15/11/2023 19:29:23.616630,,,1.159615755,1.080771804,,,,,,
15/11/2023 19:29:23.618684,,,1.159615755,1.080771804,,,,,,
15/11/2023 19:29:23.643692,,,1.159615755,1.080771804,,,,,,
15/11/2023 19:29:23.648491,,,1.159615755,1.080771804,,,,,,
15/11/2023 19:29:23.653522,,,1.159615755,1.080771804,,,,,,
15/11/2023 19:29:23.661114,,,1.159615755,1.080771804,,,,,,
15/11/2023 19:29:23.696255,,,1.159615755,1.080771804,,,,,,
15/11/2023 19:29:23.742160,,,1.159615755,1.080771804,,,,,,
15/11/2023 19:29:23.753238,,,1.159615755,1.080771804,,,,,,
15/11/2023 19:29:23.801139,,,1.159615755,1.080771804,,,,,,
15/11/2023 19:29:23.803424,,,,,24.34277344,,,,,
15/11/2023 19:29:23.803534,,,,,,1.33203125,,,,
15/11/2023 19:29:23.822588,,,1.159615755,1.080771804,,,,,,
15/11/2023 19:29:23.838793,,,1.159615755,1.080771804,,,,,,
15/11/2023 19:29:23.839603,,,1.159615755,1.080771804,,,,,,
15/11/2023 19:29:23.877574,,,1.159615755,1.080771804,,,,,,
15/11/2023 19:29:23.920450,,,1.159615755,1.080771804,,,,,,
15/11/2023 19:29:23.957820,,,1.159615755,1.080771804,,,,,,
15/11/2023 19:29:24.104741,,,1.159615755,1.080771804,,,,,,
15/11/2023 19:29:24.242384,,,1.159615755,1.080771804,,,,,,
15/11/2023 19:29:24.486819,,,1.159615755,1.080771804,,,,,,
15/11/2023 19:29:24.622735,,,1.159615755,1.080771804,,,,,,
15/11/2023 19:29:24.642556,,,1.159615755,1.080771804,,,,,,
15/11/2023 19:29:24.673134,,,1.159615755,1.080771804,,,,,,
15/11/2023 19:29:24.697597,,,1.159615755,1.080771804,,,,,,
15/11/2023 19:29:24.717798,,,1.159615755,1.080771804,,,,,,
15/11/2023 19:29:24.757794,,,1.159615755,1.080771804,,,,,,
15/11/2023 19:29:24.765653,,,1.159615755,1.080771804,,,,,,
15/11/2023 19:29:24.766153,,,,,,,,,,
15/11/2023 19:29:24.790828,,,1.159615755,1.080771804,,,,,,
15/11/2023 19:29:24.792168,,,1.159615755,1.080771804,,,,,,
15/11/2023 19:29:24.793502,,,1.159615755,1.080771804,,,,,,
15/11/2023 19:29:24.794927,,,1.159615755,1.080771804,,,,,,
15/11/2023 19:29:24.796373,,,1.159615755,1.080771804,,,,,,
15/11/2023 19:29:24.797786,,,1.159615755,1.080771804,,,,,,
15/11/2023 19:29:24.812702,,,1.159615755,1.080771804,,,,,,
15/11/2023 19:29:24.815563,,,1.159615755,1.080771804,,,,,,
15/11/2023 19:29:24.815978,,,,,19.79492188,,,,,
15/11/2023 19:29:24.816266,,,,,,1.01953125,,,,
15/11/2023 19:29:24.880299,,,1.159615755,1.080771804,,,,,,
15/11/2023 19:29:24.882983,,,1.159615755,1.080771804,,,,,,
15/11/2023 19:29:24.940504,,,1.159615755,1.080771804,,,,,,
15/11/2023 19:29:24.997616,,,1.159615755,1.080771804,,,,,,
15/11/2023 19:29:25.107538,,,1.159615755,1.080771804,,,,,,
15/11/2023 19:29:25.157638,,,1.159615755,1.080771804,,,,,,
15/11/2023 19:29:25.176651,,,1.159615755,1.080771804,,,,,,
15/11/2023 19:29:25.645494,,,1.159615755,1.080771804,,,,,,
15/11/2023 19:29:25.655303,,,1.159615755,1.080771804,,,,,,
15/11/2023 19:29:25.658208,,,1.159615755,1.080771804,,,,,,
15/11/2023 19:29:25.662241,,,1.159615755,1.080771804,,,,,,
15/11/2023 19:29:25.680265,,,1.159615755,1.080771804,,,,,,
15/11/2023 19:29:25.735635,,,1.159615755,1.080771804,,,,,,
15/11/2023 19:29:25.736142,,,,,,,,,,
15/11/2023 19:29:25.770523,,,1.159615755,1.080771804,,,,,,
15/11/2023 19:29:25.771841,,,1.159615755,1.080771804,,,,,,
15/11/2023 19:29:25.787040,,,1.159615755,1.080771804,,,,,,
15/11/2023 19:29:25.805378,,,1.159615755,1.080771804,,,,,,
15/11/2023 19:29:25.846189,,,1.159615755,1.080771804,,,,,,
15/11/2023 19:29:25.892516,,,1.159615755,1.080771804,,,,,,
15/11/2023 19:29:25.945233,,,1.159615755,1.080771804,,,,,,
15/11/2023 19:29:25.985132,,,1.159615755,1.080771804,,,,,,
15/11/2023 19:29:25.992552,,,,,16.69238281,,,,,
15/11/2023 19:29:25.992944,,,,,,1.236328125,,,,
15/11/2023 19:29:26.109946,,,1.159615755,1.080771804,,,,,,
15/11/2023 19:29:26.112597,,,1.159615755,1.080771804,,,,,,
15/11/2023 19:29:26.160186,,,1.159615755,1.080771804,,,,,,
15/11/2023 19:29:26.177546,,,1.159615755,1.080771804,,,,,,
15/11/2023 19:29:26.184717,,,1.159615755,1.080771804,,,,,,
15/11/2023 19:29:26.300402,,,1.159615755,1.080771804,,,,,,
15/11/2023 19:29:26.551563,,,1.159615755,1.080771804,,,,,,
15/11/2023 19:29:26.597366,,,1.159615755,1.080771804,,,,,,
15/11/2023 19:29:26.669254,,,1.159615755,1.080771804,,,,,,
15/11/2023 19:29:26.671721,,,1.159615755,1.080771804,,,,,,
15/11/2023 19:29:26.684121,,,1.159615755,1.080771804,,,,,,
15/11/2023 19:29:26.695071,,,1.159615755,1.080771804,,,,,,
15/11/2023 19:29:26.702188,,,1.159615755,1.080771804,,,,,,
15/11/2023 19:29:26.710302,,,1.159615755,1.080771804,,,,,,
15/11/2023 19:29:26.713104,,,1.159615755,1.080771804,,,,,,
15/11/2023 19:29:26.713537,,,,,,,,,,
15/11/2023 19:29:26.746480,,,1.159615755,1.080771804,,,,,,
15/11/2023 19:29:26.749354,,,1.159615755,1.080771804,,,,,,
15/11/2023 19:29:26.752013,,,1.159615755,1.080771804,,,,,,
15/11/2023 19:29:26.767970,,,1.159615755,1.080771804,,,,,,
15/11/2023 19:29:26.772699,,,1.159615755,1.080771804,,,,,,
15/11/2023 19:29:26.792255,,,1.159615755,1.080771804,,,,,,
15/11/2023 19:29:26.797142,,,,,23.51074219,,,,,
15/11/2023 19:29:26.797477,,,,,,1.29296875,,,,
15/11/2023 19:29:26.839884,,,1.159615755,1.080771804,,,,,,
15/11/2023 19:29:26.887727,,,1.159615755,1.080771804,,,,,,
15/11/2023 19:29:26.890356,,,1.159615755,1.080771804,,,,,,
15/11/2023 19:29:26.952873,,,1.159615755,1.080771804,,,,,,
15/11/2023 19:29:26.970142,,,1.159615755,1.080771804,,,,,,
15/11/2023 19:29:27.144592,,,1.159615755,1.080771804,,,,,,
15/11/2023 19:29:27.569662,,,1.159615755,1.080771804,,,,,,
15/11/2023 19:29:27.687520,,,1.159615755,1.080771804,,,,,,
15/11/2023 19:29:27.700113,,,1.159615755,1.080771804,,,,,,
15/11/2023 19:29:27.708004,,,1.159615755,1.080771804,,,,,,
15/11/2023 19:29:27.718014,,,1.159615755,1.080771804,,,,,,
15/11/2023 19:29:27.720963,,,1.159615755,1.080771804,,,,,,
15/11/2023 19:29:27.737637,,,1.159615755,1.080771804,,,,,,
15/11/2023 19:29:27.747647,,,1.159615755,1.080771804,,,,,,
15/11/2023 19:29:27.748100,,,,,,,,,,
15/11/2023 19:29:27.776197,,,1.159615755,1.080771804,,,,,,
15/11/2023 19:29:27.797238,,,1.159615755,1.080771804,,,,,,
15/11/2023 19:29:27.843646,,,1.159615755,1.080771804,,,,,,
15/11/2023 19:29:27.876497,,,1.159615755,1.080771804,,,,,,
15/11/2023 19:29:27.892517,,,1.159615755,1.080771804,,,,,,
15/11/2023 19:29:27.935555,,,1.159615755,1.080771804,,,,,,
15/11/2023 19:29:27.962956,,,1.159615755,1.080771804,,,,,,
15/11/2023 19:29:27.966947,,,,,,1.16015625,,,,
15/11/2023 19:29:27.968573,,,,,15.80273438,,,,,
15/11/2023 19:29:27.988793,,,1.159615755,1.080771804,,,,,,
15/11/2023 19:29:28.104753,,,1.159615755,1.080771804,,,,,,
15/11/2023 19:29:28.131297,,,1.159615755,1.080771804,,,,,,
15/11/2023 19:29:28.161104,,,1.159615755,1.080771804,,,,,,
15/11/2023 19:29:28.178828,,,1.159615755,1.080771804,,,,,,
15/11/2023 19:29:28.501366,,,1.159615755,1.080771804,,,,,,
15/11/2023 19:29:28.531359,,,1.159615755,1.080771804,,,,,,
15/11/2023 19:29:28.574021,,,1.159615755,1.080771804,,,,,,
15/11/2023 19:29:28.600075,,,1.159615755,1.080771804,,,,,,
15/11/2023 19:29:28.627455,,,1.159615755,1.080771804,,,,,,
15/11/2023 19:29:28.630112,,,1.159615755,1.080771804,,,,,,
15/11/2023 19:29:28.632730,,,1.159615755,1.080771804,,,,,,
15/11/2023 19:29:28.642659,,,1.159615755,1.080771804,,,,,,
15/11/2023 19:29:28.647416,,,1.159615755,1.080771804,,,,,,
15/11/2023 19:29:28.647884,,,,,,,,,,
15/11/2023 19:29:28.683788,,,1.159615755,1.080771804,,,,,,
15/11/2023 19:29:28.686636,,,1.159615755,1.080771804,,,,,,
15/11/2023 19:29:28.689316,,,1.159615755,1.080771804,,,,,,
15/11/2023 19:29:28.692104,,,1.159615755,1.080771804,,,,,,
15/11/2023 19:29:28.694805,,,1.159615755,1.080771804,,,,,,
15/11/2023 19:29:28.697470,,,1.159615755,1.080771804,,,,,,
15/11/2023 19:29:28.710245,,,1.159615755,1.080771804,,,,,,
15/11/2023 19:29:28.757795,,,1.159615755,1.080771804,,,,,,
15/11/2023 19:29:28.760720,,,1.159615755,1.080771804,,,,,,
15/11/2023 19:29:28.805290,,,1.159615755,1.080771804,,,,,,
15/11/2023 19:29:28.807736,,,,,26.48242188,,,,,
15/11/2023 19:29:28.808068,,,,,,9.80859375,,,,
15/11/2023 19:29:28.823314,,,1.159615755,1.080771804,,,,,,
15/11/2023 19:29:28.842474,,,1.159615755,1.080771804,,,,,,
15/11/2023 19:29:28.891387,,,1.159615755,1.080771804,,,,,,
15/11/2023 19:29:28.967665,,,1.159615755,1.080771804,,,,,,
15/11/2023 19:29:28.997594,,,1.159615755,1.080771804,,,,,,
15/11/2023 19:29:29.113928,,,1.159615755,1.080771804,,,,,,
15/11/2023 19:29:29.555045,,,1.159615755,1.080771804,,,,,,
15/11/2023 19:29:29.585179,,,1.159615755,1.080771804,,,,,,
15/11/2023 19:29:29.600260,,,1.159615755,1.080771804,,,,,,
15/11/2023 19:29:29.603182,,,1.159615755,1.080771804,,,,,,
15/11/2023 19:29:29.606003,,,1.159615755,1.080771804,,,,,,
15/11/2023 19:29:29.609602,,,1.159615755,1.080771804,,,,,,
15/11/2023 19:29:29.617427,,,1.159615755,1.080771804,,,,,,
15/11/2023 19:29:29.618980,,,,,,,,,,
15/11/2023 19:29:29.651188,,,1.159615755,1.080771804,,,,,,
15/11/2023 19:29:29.654062,,,1.159615755,1.080771804,,,,,,
15/11/2023 19:29:29.662843,,,1.159615755,1.080771804,,,,,,
15/11/2023 19:29:29.672318,,,1.159615755,1.080771804,,,,,,
15/11/2023 19:29:29.697513,,,1.159615755,1.080771804,,,,,,
15/11/2023 19:29:29.712482,,,1.159615755,1.080771804,,,,,,
15/11/2023 19:29:29.732954,,,1.159615755,1.080771804,,,,,,
15/11/2023 19:29:29.737453,,,1.159615755,1.080771804,,,,,,
15/11/2023 19:29:29.787455,,,1.159615755,1.080771804,,,,,,
15/11/2023 19:29:29.817990,,,,,20.65625,,,,,
15/11/2023 19:29:29.818416,,,,,,18.87890625,,,,
15/11/2023 19:29:29.827602,,,1.159615755,1.080771804,,,,,,
15/11/2023 19:29:29.869376,,,1.159615755,1.080771804,,,,,,
15/11/2023 19:29:29.918679,,,1.159615755,1.080771804,,,,,,
15/11/2023 19:29:29.958918,,,1.159615755,1.080771804,,,,,,
15/11/2023 19:29:29.961012,,,1.159615755,1.080771804,,,,,,
15/11/2023 19:29:30.511834,,,1.159615755,1.080771804,,,,,,
15/11/2023 19:29:30.646144,,,1.159615755,1.080771804,,,,,,
15/11/2023 19:29:30.655966,,,1.159615755,1.080771804,,,,,,
15/11/2023 19:29:30.708632,,,1.159615755,1.080771804,,,,,,
15/11/2023 19:29:30.773597,,,1.159615755,1.080771804,,,,,,
15/11/2023 19:29:30.775935,,,1.159615755,1.080771804,,,,,,
15/11/2023 19:29:30.788414,,,1.159615755,1.080771804,,,,,,
15/11/2023 19:29:30.805932,,,1.159615755,1.080771804,,,,,,
15/11/2023 19:29:30.808372,,,,,,,,,,
15/11/2023 19:29:30.827015,,,1.159615755,1.080771804,,,,,,
15/11/2023 19:29:30.846131,,,1.159615755,1.080771804,,,,,,
15/11/2023 19:29:30.850960,,,1.159615755,1.080771804,,,,,,
15/11/2023 19:29:30.852348,,,1.159615755,1.080771804,,,,,,
15/11/2023 19:29:30.881131,76.9697,34.64,,,,,96.2,8.18737152,,
15/11/2023 19:29:30.881428,,,1.159615755,1.080771804,,,,,,
15/11/2023 19:29:30.883443,,,1.159615755,1.080771804,,,,,,
15/11/2023 19:29:30.893486,,,1.159615755,1.080771804,,,,,,
15/11/2023 19:29:30.904592,,,1.159615755,1.080771804,,,,,,
15/11/2023 19:29:30.906345,,,1.159615755,1.080771804,,,,,,
15/11/2023 19:29:30.906482,,,,,40.39941406,,,,,
15/11/2023 19:29:30.906561,,,,,,32.07714844,,,,
15/11/2023 19:29:30.908457,,,1.159615755,1.080771804,,,,,,
15/11/2023 19:29:30.915920,,,1.159615755,1.080771804,,,,,,
15/11/2023 19:29:30.923443,,,1.159615755,1.080771804,,,,,,
15/11/2023 19:29:30.968644,,,1.159615755,1.080771804,,,,,,
15/11/2023 19:29:31.553690,,,1.159615755,1.080771804,,,,,,
15/11/2023 19:29:31.563437,,,1.159615755,1.080771804,,,,,,
15/11/2023 19:29:31.573487,,,1.159615755,1.080771804,,,,,,
15/11/2023 19:29:31.580923,,,1.159615755,1.080771804,,,,,,
15/11/2023 19:29:31.605999,,,1.159615755,1.080771804,,,,,,
15/11/2023 19:29:31.610887,,,1.159615755,1.080771804,,,,,,
15/11/2023 19:29:31.613582,,,1.159615755,1.080771804,,,,,,
15/11/2023 19:29:31.615941,,,1.159615755,1.080771804,,,,,,
15/11/2023 19:29:31.628295,,,,,,,,,,
15/11/2023 19:29:31.647063,,,1.159615755,1.080771804,,,,,,
15/11/2023 19:29:31.660941,76.9697,34.82,,,,,98.5,8.18737152,,
15/11/2023 19:29:31.661165,,,1.159615755,1.080771804,,,,,,
15/11/2023 19:29:31.675980,,,1.159615755,1.080771804,,,,,,
15/11/2023 19:29:31.678408,,,1.159615755,1.080771804,,,,,,
15/11/2023 19:29:31.703464,,,1.159615755,1.080771804,,,,,,
15/11/2023 19:29:31.730971,,,1.159615755,1.080771804,,,,,,
15/11/2023 19:29:31.735913,,,1.159615755,1.080771804,,,,,,
15/11/2023 19:29:31.745919,,,1.159615755,1.080771804,,,,,,
15/11/2023 19:29:31.786402,,,1.159615755,1.080771804,,,,,,
15/11/2023 19:29:31.793599,,,1.159615755,1.080771804,,,,,,
15/11/2023 19:29:31.803545,,,,,28.17285156,,,,,
15/11/2023 19:29:31.803668,,,,,,1.421875,,,,
15/11/2023 19:29:31.833686,,,1.159615755,1.080771804,,,,,,
15/11/2023 19:29:31.876176,,,1.159615755,1.080771804,,,,,,
15/11/2023 19:29:31.876976,,,1.159615755,1.080771804,,,,,,
15/11/2023 19:29:31.923740,,,1.159615755,1.080771804,,,,,,
15/11/2023 19:29:31.958706,,,1.159615755,1.080771804,,,,,,
15/11/2023 19:29:32.240415,,,1.159615755,1.080771804,,,,,,
15/11/2023 19:29:32.269850,76.9697,35.12,,,,,98.1,8.18737152,,
15/11/2023 19:29:32.423295,,,1.159615755,1.080771804,,,,,,
15/11/2023 19:29:32.490127,,,1.159615755,1.080771804,,,,,,
15/11/2023 19:29:32.535376,,,1.159615755,1.080771804,,,,,,
15/11/2023 19:29:32.550147,,,1.159615755,1.080771804,,,,,,
15/11/2023 19:29:32.570314,,,1.159615755,1.080771804,,,,,,
15/11/2023 19:29:32.572934,,,1.159615755,1.080771804,,,,,,
15/11/2023 19:29:32.592472,,,1.159615755,1.080771804,,,,,,
15/11/2023 19:29:32.610086,,,1.159615755,1.080771804,,,,,,
15/11/2023 19:29:32.612442,,,,,,,,,,
15/11/2023 19:29:32.635615,,,1.159615755,1.080771804,,,,,,
15/11/2023 19:29:32.636751,,,1.159615755,1.080771804,,,,,,
15/11/2023 19:29:32.637815,,,1.159615755,1.080771804,,,,,,
15/11/2023 19:29:32.654395,,,1.159615755,1.080771804,,,,,,
15/11/2023 19:29:32.667428,,,1.159615755,1.080771804,,,,,,
15/11/2023 19:29:32.670086,,,1.159615755,1.080771804,,,,,,
15/11/2023 19:29:32.672922,,,1.159615755,1.080771804,,,,,,
15/11/2023 19:29:32.716110,,,1.159615755,1.080771804,,,,,,
15/11/2023 19:29:32.746212,,,1.159615755,1.080771804,,,,,,
15/11/2023 19:29:32.807470,,,,,22.29296875,,,,,
15/11/2023 19:29:32.809676,,,,,,6.5,,,,
15/11/2023 19:29:32.832836,,,1.159615755,1.080771804,,,,,,
15/11/2023 19:29:32.877580,,,1.159615755,1.080771804,,,,,,
15/11/2023 19:29:32.922529,,,1.159615755,1.080771804,,,,,,
15/11/2023 19:29:32.948649,,,1.159615755,1.080771804,,,,,,
15/11/2023 19:29:32.962793,,,1.159615755,1.080771804,,,,,,
15/11/2023 19:29:33.107800,,,1.159615755,1.080771804,,,,,,
15/11/2023 19:29:33.592471,,,1.159615755,1.080771804,,,,,,
15/11/2023 19:29:33.617450,,,1.159615755,1.080771804,,,,,,
15/11/2023 19:29:33.646118,,,1.159615755,1.080771804,,,,,,
15/11/2023 19:29:33.650893,,,1.159615755,1.080771804,,,,,,
15/11/2023 19:29:33.699264,,,1.159615755,1.080771804,,,,,,
15/11/2023 19:29:33.706822,,,1.159615755,1.080771804,,,,,,
15/11/2023 19:29:33.735351,,,1.159615755,1.080771804,,,,,,
15/11/2023 19:29:33.754790,,,,,,,,,,
15/11/2023 19:29:33.773037,,,1.159615755,1.080771804,,,,,,
15/11/2023 19:29:33.794154,,,1.159615755,1.080771804,,,,,,
15/11/2023 19:29:33.796938,,,1.159615755,1.080771804,,,,,,
15/11/2023 19:29:33.842642,,,1.159615755,1.080771804,,,,,,
15/11/2023 19:29:33.887550,,,1.159615755,1.080771804,,,,,,
15/11/2023 19:29:33.897530,,,1.159615755,1.080771804,,,,,,
15/11/2023 19:29:33.900192,,,1.159615755,1.080771804,,,,,,
15/11/2023 19:29:33.912516,,,1.159615755,1.080771804,,,,,,
15/11/2023 19:29:33.915428,,,1.159615755,1.080771804,,,,,,
15/11/2023 19:29:33.915864,,,,,14.78808594,,,,,
15/11/2023 19:29:33.916147,,,,,,1.109375,,,,
15/11/2023 19:29:33.918709,,,1.159615755,1.080771804,,,,,,
15/11/2023 19:29:33.927454,,,1.159615755,1.080771804,,,,,,
15/11/2023 19:29:33.932821,,,1.159615755,1.080771804,,,,,,
15/11/2023 19:29:33.980231,,,1.159615755,1.080771804,,,,,,
15/11/2023 19:29:33.992653,,,1.159615755,1.080771804,,,,,,
15/11/2023 19:29:34.125080,,,1.159615755,1.080771804,,,,,,
15/11/2023 19:29:34.440179,,,1.159615755,1.080771804,,,,,,
15/11/2023 19:29:34.449682,,,1.159615755,1.080771804,,,,,,
15/11/2023 19:29:34.484955,,,1.159615755,1.080771804,,,,,,
15/11/2023 19:29:34.497363,,,1.159615755,1.080771804,,,,,,
15/11/2023 19:29:34.506087,,,1.159615755,1.080771804,,,,,,
15/11/2023 19:29:34.508447,,,1.159615755,1.080771804,,,,,,
15/11/2023 19:29:34.526987,,,1.159615755,1.080771804,,,,,,
15/11/2023 19:29:34.533733,,,1.159615755,1.080771804,,,,,,
15/11/2023 19:29:34.533878,,,,,,,,,,
15/11/2023 19:29:34.554770,,,1.159615755,1.080771804,,,,,,
15/11/2023 19:29:34.555953,,,1.159615755,1.080771804,,,,,,
15/11/2023 19:29:34.568696,,,1.159615755,1.080771804,,,,,,
15/11/2023 19:29:34.583836,,,1.159615755,1.080771804,,,,,,
15/11/2023 19:29:34.584667,,,1.159615755,1.080771804,,,,,,
15/11/2023 19:29:34.630124,,,1.159615755,1.080771804,,,,,,
15/11/2023 19:29:34.680347,,,1.159615755,1.080771804,,,,,,
15/11/2023 19:29:34.730366,,,1.159615755,1.080771804,,,,,,
15/11/2023 19:29:34.787643,,,1.159615755,1.080771804,,,,,,
15/11/2023 19:29:34.800371,,,1.159615755,1.080771804,,,,,,
15/11/2023 19:29:34.809811,,,,,26.44726563,,,,,
15/11/2023 19:29:34.812101,,,,,,1.01953125,,,,
15/11/2023 19:29:34.886135,,,1.159615755,1.080771804,,,,,,
15/11/2023 19:29:34.916222,,,1.159615755,1.080771804,,,,,,
15/11/2023 19:29:34.951210,,,1.159615755,1.080771804,,,,,,
15/11/2023 19:29:34.961162,,,1.159615755,1.080771804,,,,,,
15/11/2023 19:29:35.125418,,,1.159615755,1.080771804,,,,,,
15/11/2023 19:29:35.371144,,,1.159615755,1.080771804,,,,,,
15/11/2023 19:29:35.627750,,,1.159615755,1.080771804,,,,,,
15/11/2023 19:29:35.642675,,,1.159615755,1.080771804,,,,,,
15/11/2023 19:29:35.656389,,,1.159615755,1.080771804,,,,,,
15/11/2023 19:29:35.657208,,,1.159615755,1.080771804,,,,,,
15/11/2023 19:29:35.676047,,,1.159615755,1.080771804,,,,,,
15/11/2023 19:29:35.691189,,,1.159615755,1.080771804,,,,,,
15/11/2023 19:29:35.709049,,,1.159615755,1.080771804,,,,,,
15/11/2023 19:29:35.735095,,,,,,,,,,
15/11/2023 19:29:35.770064,,,1.159615755,1.080771804,,,,,,
15/11/2023 19:29:35.772945,,,1.159615755,1.080771804,,,,,,
15/11/2023 19:29:35.775672,,,1.159615755,1.080771804,,,,,,
15/11/2023 19:29:35.820545,,,1.159615755,1.080771804,,,,,,
15/11/2023 19:29:35.829782,,,1.159615755,1.080771804,,,,,,
15/11/2023 19:29:35.866310,,,1.159615755,1.080771804,,,,,,
15/11/2023 19:29:35.868583,,,1.159615755,1.080771804,,,,,,
15/11/2023 19:29:35.896262,,,1.159615755,1.080771804,,,,,,
15/11/2023 19:29:35.898988,,,,,17.03613281,,,,,
15/11/2023 19:29:35.899129,,,,,,2.014648438,,,,
15/11/2023 19:29:35.935383,,,1.159615755,1.080771804,,,,,,
15/11/2023 19:29:35.952536,,,1.159615755,1.080771804,,,,,,
15/11/2023 19:29:35.965363,,,1.159615755,1.080771804,,,,,,
15/11/2023 19:29:35.985201,,,1.159615755,1.080771804,,,,,,
15/11/2023 19:29:36.129722,,,1.159615755,1.080771804,,,,,,
15/11/2023 19:29:36.135018,,,1.159615755,1.080771804,,,,,,
15/11/2023 19:29:36.560462,,,1.159615755,1.080771804,,,,,,
15/11/2023 19:29:36.590160,,,1.159615755,1.080771804,,,,,,
15/11/2023 19:29:36.615433,,,1.159615755,1.080771804,,,,,,
15/11/2023 19:29:36.645317,,,1.159615755,1.080771804,,,,,,
15/11/2023 19:29:36.647953,,,1.159615755,1.080771804,,,,,,
15/11/2023 19:29:36.674962,,,1.159615755,1.080771804,,,,,,
15/11/2023 19:29:36.705287,,,1.159615755,1.080771804,,,,,,
15/11/2023 19:29:36.707591,,,,,,,,,,
15/11/2023 19:29:36.740180,,,1.159615755,1.080771804,,,,,,
15/11/2023 19:29:36.744713,,,1.159615755,1.080771804,,,,,,
15/11/2023 19:29:36.746904,,,1.159615755,1.080771804,,,,,,
15/11/2023 19:29:36.815459,,,1.159615755,1.080771804,,,,,,
15/11/2023 19:29:36.857717,,,1.159615755,1.080771804,,,,,,
15/11/2023 19:29:36.873058,,,1.159615755,1.080771804,,,,,,
15/11/2023 19:29:36.876239,,,1.159615755,1.080771804,,,,,,
15/11/2023 19:29:36.917687,,,1.159615755,1.080771804,,,,,,
15/11/2023 19:29:36.935278,,,1.159615755,1.080771804,,,,,,
15/11/2023 19:29:36.937728,,,,,21.61816406,,,,,
15/11/2023 19:29:36.938064,,,,,,9.80859375,,,,
15/11/2023 19:29:36.942180,,,1.159615755,1.080771804,,,,,,
15/11/2023 19:29:36.947164,,,1.159615755,1.080771804,,,,,,
15/11/2023 19:29:36.954857,,,1.159615755,1.080771804,,,,,,
15/11/2023 19:29:36.974962,,,1.159615755,1.080771804,,,,,,
15/11/2023 19:29:37.105281,,,1.159615755,1.080771804,,,,,,
15/11/2023 19:29:37.124493,,,1.159615755,1.080771804,,,,,,
15/11/2023 19:29:37.649153,,,1.159615755,1.080771804,,,,,,
15/11/2023 19:29:37.732912,,,1.159615755,1.080771804,,,,,,
15/11/2023 19:29:37.749969,,,1.159615755,1.080771804,,,,,,
15/11/2023 19:29:37.787364,,,1.159615755,1.080771804,,,,,,
15/11/2023 19:29:37.792242,,,1.159615755,1.080771804,,,,,,
15/11/2023 19:29:37.827703,,,1.159615755,1.080771804,,,,,,
15/11/2023 19:29:37.842700,,,1.159615755,1.080771804,,,,,,
15/11/2023 19:29:37.867537,,,1.159615755,1.080771804,,,,,,
15/11/2023 19:29:37.869847,,,,,,,,,,
15/11/2023 19:29:37.892399,,,1.159615755,1.080771804,,,,,,
15/11/2023 19:29:37.893411,,,1.159615755,1.080771804,,,,,,
15/11/2023 19:29:37.906626,,,1.159615755,1.080771804,,,,,,
15/11/2023 19:29:37.990251,,,1.159615755,1.080771804,,,,,,
15/11/2023 19:29:38.147863,,,1.159615755,1.080771804,,,,,,
15/11/2023 19:29:38.256779,,,1.159615755,1.080771804,,,,,,
15/11/2023 19:29:38.310833,,,1.159615755,1.080771804,,,,,,
15/11/2023 19:29:38.461260,,,1.159615755,1.080771804,,,,,,
15/11/2023 19:29:38.504128,,,,,15.58398438,,,,,
15/11/2023 19:29:38.538621,,,,,,23.82421875,,,,
15/11/2023 19:29:38.664017,,,1.159615755,1.080771804,,,,,,
15/11/2023 19:29:38.795309,,,1.159615755,1.080771804,,,,,,
15/11/2023 19:29:38.803640,,,1.159615755,1.080771804,,,,,,
15/11/2023 19:29:38.805335,,,1.159615755,1.080771804,,,,,,
15/11/2023 19:29:38.837764,,,1.159615755,1.080771804,,,,,,
15/11/2023 19:29:38.852702,,,1.159615755,1.080771804,,,,,,
15/11/2023 19:29:38.855427,,,1.159615755,1.080771804,,,,,,
15/11/2023 19:29:38.868650,,,1.159615755,1.080771804,,,,,,
15/11/2023 19:29:38.873050,,,1.159615755,1.080771804,,,,,,
15/11/2023 19:29:38.892280,,,1.159615755,1.080771804,,,,,,
15/11/2023 19:29:38.904984,,,1.159615755,1.080771804,,,,,,
15/11/2023 19:29:38.909656,,,1.159615755,1.080771804,,,,,,
15/11/2023 19:29:38.911986,,,,,,,,,,
15/11/2023 19:29:38.947791,,,1.159615755,1.080771804,,,,,,
15/11/2023 19:29:39.123800,,,1.159615755,1.080771804,,,,,,
15/11/2023 19:29:39.159129,,,1.159615755,1.080771804,,,,,,
15/11/2023 19:29:39.195271,,,1.159615755,1.080771804,,,,,,
15/11/2023 19:29:39.220553,,,1.159615755,1.080771804,,,,,,
15/11/2023 19:29:39.475047,,,,,42.33105469,,,,,
15/11/2023 19:29:39.479620,,,,,,32.234375,,,,
15/11/2023 19:29:39.573837,,,1.159615755,1.080771804,,,,,,
15/11/2023 19:29:39.674281,,,1.159615755,1.080771804,,,,,,
15/11/2023 19:29:39.708065,,,1.159615755,1.080771804,,,,,,
15/11/2023 19:29:39.750097,,,1.159615755,1.080771804,,,,,,
15/11/2023 19:29:39.787763,,,1.159615755,1.080771804,,,,,,
15/11/2023 19:29:39.827799,,,1.159615755,1.080771804,,,,,,
15/11/2023 19:29:39.853085,,,1.159615755,1.080771804,,,,,,
15/11/2023 19:29:39.865159,,,1.159615755,1.080771804,,,,,,
15/11/2023 19:29:39.867902,,,1.159615755,1.080771804,,,,,,
15/11/2023 19:29:39.882327,,,,,,,,,,
15/11/2023 19:29:39.902998,,,1.159615755,1.080771804,,,,,,
15/11/2023 19:29:39.904156,,,1.159615755,1.080771804,,,,,,
15/11/2023 19:29:39.916955,,,1.159615755,1.080771804,,,,,,
15/11/2023 19:29:39.957833,,,1.159615755,1.080771804,,,,,,
15/11/2023 19:29:39.961440,,,1.159615755,1.080771804,,,,,,
15/11/2023 19:29:39.975981,,,1.159615755,1.080771804,,,,,,
15/11/2023 19:29:39.981041,,,,,16.48339844,,,,,
15/11/2023 19:29:39.981166,,,,,,1.109375,,,,
15/11/2023 19:29:39.983473,,,1.159615755,1.080771804,,,,,,
15/11/2023 19:29:39.993572,,,1.159615755,1.080771804,,,,,,
15/11/2023 19:29:40.161517,,,1.159615755,1.080771804,,,,,,
15/11/2023 19:29:40.289402,,,1.159615755,1.080771804,,,,,,
15/11/2023 19:29:40.597510,,,1.159615755,1.080771804,,,,,,
15/11/2023 19:29:40.610142,,,1.159615755,1.080771804,,,,,,
15/11/2023 19:29:40.645225,,,1.159615755,1.080771804,,,,,,
15/11/2023 19:29:40.671771,,,1.159615755,1.080771804,,,,,,
15/11/2023 19:29:40.691130,,,1.159615755,1.080771804,,,,,,
15/11/2023 19:29:40.696058,,,1.159615755,1.080771804,,,,,,
15/11/2023 19:29:40.751189,,,1.159615755,1.080771804,,,,,,
15/11/2023 19:29:40.758473,,,1.159615755,1.080771804,,,,,,
15/11/2023 19:29:40.758609,,,,,,,,,,
15/11/2023 19:29:40.789201,,,1.159615755,1.080771804,,,,,,
15/11/2023 19:29:40.835545,,,1.159615755,1.080771804,,,,,,
15/11/2023 19:29:40.857587,,,1.159615755,1.080771804,,,,,,
15/11/2023 19:29:40.870508,,,1.159615755,1.080771804,,,,,,
15/11/2023 19:29:40.874806,,,1.159615755,1.080771804,,,,,,
15/11/2023 19:29:40.880306,,,1.159615755,1.080771804,,,,,,
15/11/2023 19:29:40.889608,76.9697,35.26,,,,,96.5,8.18737152,,
15/11/2023 19:29:40.900082,,,1.159615755,1.080771804,,,,,,
15/11/2023 19:29:40.912618,,,1.159615755,1.080771804,,,,,,
15/11/2023 19:29:40.922765,,,1.159615755,1.080771804,,,,,,
15/11/2023 19:29:40.929497,,,,,21.11230469,,,,,
15/11/2023 19:29:40.929843,,,,,,1.19140625,,,,
15/11/2023 19:29:40.932440,,,1.159615755,1.080771804,,,,,,
15/11/2023 19:29:40.940306,,,1.159615755,1.080771804,,,,,,
15/11/2023 19:29:40.969961,,,1.159615755,1.080771804,,,,,,
15/11/2023 19:29:40.984301,,,1.159615755,1.080771804,,,,,,
15/11/2023 19:29:41.362262,,,1.159615755,1.080771804,,,,,,
15/11/2023 19:29:41.411202,,,1.159615755,1.080771804,,,,,,
15/11/2023 19:29:41.560045,,,1.159615755,1.080771804,,,,,,
15/11/2023 19:29:41.610075,,,1.159615755,1.080771804,,,,,,
15/11/2023 19:29:41.620467,,,1.159615755,1.080771804,,,,,,
15/11/2023 19:29:41.647628,,,1.159615755,1.080771804,,,,,,
15/11/2023 19:29:41.667871,,,1.159615755,1.080771804,,,,,,
15/11/2023 19:29:41.695291,,,1.159615755,1.080771804,,,,,,
15/11/2023 19:29:41.702329,,,1.159615755,1.080771804,,,,,,
15/11/2023 19:29:41.724790,,,,,,,,,,
15/11/2023 19:29:41.751300,,,1.159615755,1.080771804,,,,,,
15/11/2023 19:29:41.752629,,,1.159615755,1.080771804,,,,,,
15/11/2023 19:29:41.756602,76.9697,35.27,,,,,96,8.18737152,,
15/11/2023 19:29:41.757091,,,1.159615755,1.080771804,,,,,,
15/11/2023 19:29:41.777750,,,1.159615755,1.080771804,,,,,,
15/11/2023 19:29:41.792258,,,1.159615755,1.080771804,,,,,,
15/11/2023 19:29:41.803893,,,1.159615755,1.080771804,,,,,,
15/11/2023 19:29:41.806634,,,1.159615755,1.080771804,,,,,,
15/11/2023 19:29:41.824318,,,1.159615755,1.080771804,,,,,,
15/11/2023 19:29:41.834772,,,1.159615755,1.080771804,,,,,,
15/11/2023 19:29:41.837413,,,1.159615755,1.080771804,,,,,,
15/11/2023 19:29:41.844916,,,1.159615755,1.080771804,,,,,,
15/11/2023 19:29:41.847053,,,,,26.41503906,,,,,
15/11/2023 19:29:41.847408,,,,,,1.47265625,,,,
15/11/2023 19:29:41.849399,,,1.159615755,1.080771804,,,,,,
15/11/2023 19:29:41.878661,,,1.159615755,1.080771804,,,,,,
15/11/2023 19:29:41.921152,,,1.159615755,1.080771804,,,,,,
15/11/2023 19:29:41.966202,,,1.159615755,1.080771804,,,,,,
15/11/2023 19:29:42.102415,,,1.159615755,1.080771804,,,,,,
15/11/2023 19:29:42.102702,,,1.159615755,1.080771804,,,,,,
15/11/2023 19:29:42.373904,76.9697,35.2,,,,,98.6,8.18737152,,
15/11/2023 19:29:42.497484,,,1.159615755,1.080771804,,,,,,
15/11/2023 19:29:42.507594,,,1.159615755,1.080771804,,,,,,
15/11/2023 19:29:42.532920,,,1.159615755,1.080771804,,,,,,
15/11/2023 19:29:42.555166,,,1.159615755,1.080771804,,,,,,
15/11/2023 19:29:42.577621,,,1.159615755,1.080771804,,,,,,
15/11/2023 19:29:42.580522,,,1.159615755,1.080771804,,,,,,
15/11/2023 19:29:42.603246,,,1.159615755,1.080771804,,,,,,
15/11/2023 19:29:42.610320,,,1.159615755,1.080771804,,,,,,
15/11/2023 19:29:42.610712,,,,,,,,,,
15/11/2023 19:29:42.627765,,,1.159615755,1.080771804,,,,,,
15/11/2023 19:29:42.631644,,,1.159615755,1.080771804,,,,,,
15/11/2023 19:29:42.634059,,,1.159615755,1.080771804,,,,,,
15/11/2023 19:29:42.636358,,,1.159615755,1.080771804,,,,,,
15/11/2023 19:29:42.652473,,,1.159615755,1.080771804,,,,,,
15/11/2023 19:29:42.657354,,,1.159615755,1.080771804,,,,,,
15/11/2023 19:29:42.667702,,,1.159615755,1.080771804,,,,,,
15/11/2023 19:29:42.712839,,,1.159615755,1.080771804,,,,,,
15/11/2023 19:29:42.758757,,,1.159615755,1.080771804,,,,,,
15/11/2023 19:29:42.818966,,,1.159615755,1.080771804,,,,,,
15/11/2023 19:29:42.824028,,,,,23.390625,,,,,
15/11/2023 19:29:42.824179,,,,,,1.2109375,,,,
15/11/2023 19:29:42.862710,,,1.159615755,1.080771804,,,,,,
15/11/2023 19:29:42.907670,,,1.159615755,1.080771804,,,,,,
15/11/2023 19:29:42.963011,,,1.159615755,1.080771804,,,,,,
15/11/2023 19:29:42.982899,,,1.159615755,1.080771804,,,,,,
15/11/2023 19:29:43.112764,,,1.159615755,1.080771804,,,,,,
15/11/2023 19:29:43.179040,,,1.159615755,1.080771804,,,,,,
15/11/2023 19:29:43.616584,,,1.159615755,1.080771804,,,,,,
15/11/2023 19:29:43.679126,,,1.159615755,1.080771804,,,,,,
15/11/2023 19:29:43.713761,,,1.159615755,1.080771804,,,,,,
15/11/2023 19:29:43.748601,,,1.159615755,1.080771804,,,,,,
15/11/2023 19:29:43.756147,,,1.159615755,1.080771804,,,,,,
15/11/2023 19:29:43.794914,,,1.159615755,1.080771804,,,,,,
15/11/2023 19:29:43.815259,,,1.159615755,1.080771804,,,,,,
15/11/2023 19:29:43.815745,,,,,,,,,,
15/11/2023 19:29:43.847450,,,1.159615755,1.080771804,,,,,,
15/11/2023 19:29:43.861162,,,1.159615755,1.080771804,,,,,,
15/11/2023 19:29:43.863440,,,1.159615755,1.080771804,,,,,,
15/11/2023 19:29:43.896257,,,1.159615755,1.080771804,,,,,,
15/11/2023 19:29:43.973781,,,1.159615755,1.080771804,,,,,,
15/11/2023 19:29:43.994236,,,1.159615755,1.080771804,,,,,,
15/11/2023 19:29:43.999304,,,1.159615755,1.080771804,,,,,,
15/11/2023 19:29:44.179785,,,1.159615755,1.080771804,,,,,,
15/11/2023 19:29:44.184560,,,,,13.26171875,,,,,
15/11/2023 19:29:44.217952,,,,,,0.98828125,,,,
15/11/2023 19:29:44.302694,,,1.159615755,1.080771804,,,,,,
15/11/2023 19:29:44.347473,,,1.159615755,1.080771804,,,,,,
15/11/2023 19:29:44.476881,,,1.159615755,1.080771804,,,,,,
15/11/2023 19:29:44.560141,,,1.159615755,1.080771804,,,,,,
15/11/2023 19:29:44.568542,,,1.159615755,1.080771804,,,,,,
15/11/2023 19:29:44.593651,,,1.159615755,1.080771804,,,,,,
15/11/2023 19:29:44.616360,,,1.159615755,1.080771804,,,,,,
15/11/2023 19:29:44.626213,,,1.159615755,1.080771804,,,,,,
15/11/2023 19:29:44.648969,,,1.159615755,1.080771804,,,,,,
15/11/2023 19:29:44.674551,,,1.159615755,1.080771804,,,,,,
15/11/2023 19:29:44.685130,,,1.159615755,1.080771804,,,,,,
15/11/2023 19:29:44.689590,,,,,,,,,,
15/11/2023 19:29:44.712697,,,1.159615755,1.080771804,,,,,,
15/11/2023 19:29:44.733788,,,1.159615755,1.080771804,,,,,,
15/11/2023 19:29:44.774853,,,1.159615755,1.080771804,,,,,,
15/11/2023 19:29:44.786305,,,1.159615755,1.080771804,,,,,,
15/11/2023 19:29:44.811307,,,1.159615755,1.080771804,,,,,,
15/11/2023 19:29:44.833857,,,1.159615755,1.080771804,,,,,,
15/11/2023 19:29:44.834936,,,1.159615755,1.080771804,,,,,,
15/11/2023 19:29:44.838645,,,1.159615755,1.080771804,,,,,,
15/11/2023 19:29:44.848528,,,1.159615755,1.080771804,,,,,,
15/11/2023 19:29:44.858622,,,1.159615755,1.080771804,,,,,,
15/11/2023 19:29:44.860955,,,1.159615755,1.080771804,,,,,,
15/11/2023 19:29:44.863500,,,,,25.16015625,,,,,
15/11/2023 19:29:44.863600,,,,,,10.09375,,,,
15/11/2023 19:29:44.886512,,,1.159615755,1.080771804,,,,,,
15/11/2023 19:29:44.912223,,,1.159615755,1.080771804,,,,,,
15/11/2023 19:29:44.924006,,,1.159615755,1.080771804,,,,,,
15/11/2023 19:29:44.950294,,,1.159615755,1.080771804,,,,,,
15/11/2023 19:29:44.955207,,,1.159615755,1.080771804,,,,,,
15/11/2023 19:29:45.107839,,,1.159615755,1.080771804,,,,,,
15/11/2023 19:29:45.430906,,,1.159615755,1.080771804,,,,,,
15/11/2023 19:29:45.460347,,,1.159615755,1.080771804,,,,,,
15/11/2023 19:29:45.548109,,,1.159615755,1.080771804,,,,,,
15/11/2023 19:29:45.602723,,,1.159615755,1.080771804,,,,,,
15/11/2023 19:29:45.622971,,,1.159615755,1.080771804,,,,,,
15/11/2023 19:29:45.670202,,,1.159615755,1.080771804,,,,,,
15/11/2023 19:29:45.694941,,,1.159615755,1.080771804,,,,,,
15/11/2023 19:29:45.722820,,,1.159615755,1.080771804,,,,,,
15/11/2023 19:29:45.747750,,,1.159615755,1.080771804,,,,,,
15/11/2023 19:29:45.809566,,,,,,,,,,
15/11/2023 19:29:45.834880,,,1.159615755,1.080771804,,,,,,
15/11/2023 19:29:45.835837,,,1.159615755,1.080771804,,,,,,
15/11/2023 19:29:45.836638,,,1.159615755,1.080771804,,,,,,
15/11/2023 19:29:45.859106,,,1.159615755,1.080771804,,,,,,
15/11/2023 19:29:45.871234,,,1.159615755,1.080771804,,,,,,
15/11/2023 19:29:45.888640,,,1.159615755,1.080771804,,,,,,
15/11/2023 19:29:45.902113,,,1.159615755,1.080771804,,,,,,
15/11/2023 19:29:45.906638,,,1.159615755,1.080771804,,,,,,
15/11/2023 19:29:45.924375,,,,,,18.88671875,,,,
15/11/2023 19:29:45.925261,,,,,20.80664063,,,,,
15/11/2023 19:29:45.955145,,,1.159615755,1.080771804,,,,,,
15/11/2023 19:29:45.965502,,,1.159615755,1.080771804,,,,,,
15/11/2023 19:29:45.995201,,,1.159615755,1.080771804,,,,,,
15/11/2023 19:29:46.225379,,,1.159615755,1.080771804,,,,,,
15/11/2023 19:29:46.446412,,,1.159615755,1.080771804,,,,,,
15/11/2023 19:29:46.579767,,,1.159615755,1.080771804,,,,,,
15/11/2023 19:29:46.597263,,,1.159615755,1.080771804,,,,,,
15/11/2023 19:29:46.610179,,,1.159615755,1.080771804,,,,,,
15/11/2023 19:29:46.612862,,,1.159615755,1.080771804,,,,,,
15/11/2023 19:29:46.622646,,,1.159615755,1.080771804,,,,,,
15/11/2023 19:29:46.629891,,,1.159615755,1.080771804,,,,,,
15/11/2023 19:29:46.640536,,,1.159615755,1.080771804,,,,,,
15/11/2023 19:29:46.640996,,,,,,,,,,
15/11/2023 19:29:46.675761,,,1.159615755,1.080771804,,,,,,
15/11/2023 19:29:46.677068,,,1.159615755,1.080771804,,,,,,
15/11/2023 19:29:46.678298,,,1.159615755,1.080771804,,,,,,
15/11/2023 19:29:46.684257,,,1.159615755,1.080771804,,,,,,
15/11/2023 19:29:46.694648,,,1.159615755,1.080771804,,,,,,
15/11/2023 19:29:46.717889,,,1.159615755,1.080771804,,,,,,
15/11/2023 19:29:46.720824,,,1.159615755,1.080771804,,,,,,
15/11/2023 19:29:46.752737,,,1.159615755,1.080771804,,,,,,
15/11/2023 19:29:46.820643,,,1.159615755,1.080771804,,,,,,
15/11/2023 19:29:46.832697,,,,,53.23925781,,,,,
15/11/2023 19:29:46.833170,,,,,,32.2265625,,,,
15/11/2023 19:29:46.836116,,,1.159615755,1.080771804,,,,,,
15/11/2023 19:29:46.875371,,,1.159615755,1.080771804,,,,,,
15/11/2023 19:29:46.924653,,,1.159615755,1.080771804,,,,,,
15/11/2023 19:29:46.940048,,,1.159615755,1.080771804,,,,,,
15/11/2023 19:29:46.980088,,,1.159615755,1.080771804,,,,,,
15/11/2023 19:29:47.101203,,,1.159615755,1.080771804,,,,,,
15/11/2023 19:29:47.508679,,,1.159615755,1.080771804,,,,,,
15/11/2023 19:29:47.510925,,,1.159615755,1.080771804,,,,,,
15/11/2023 19:29:47.511572,,,1.159615755,1.080771804,,,,,,
15/11/2023 19:29:47.523575,,,1.159615755,1.080771804,,,,,,
15/11/2023 19:29:47.525966,,,1.159615755,1.080771804,,,,,,
15/11/2023 19:29:47.528446,,,1.159615755,1.080771804,,,,,,
15/11/2023 19:29:47.533485,,,1.159615755,1.080771804,,,,,,
15/11/2023 19:29:47.535844,,,,,,,,,,
15/11/2023 19:29:47.554667,,,1.159615755,1.080771804,,,,,,
15/11/2023 19:29:47.555501,,,1.159615755,1.080771804,,,,,,
15/11/2023 19:29:47.571034,,,1.159615755,1.080771804,,,,,,
15/11/2023 19:29:47.595984,,,1.159615755,1.080771804,,,,,,
15/11/2023 19:29:47.628625,,,1.159615755,1.080771804,,,,,,
15/11/2023 19:29:47.676040,,,1.159615755,1.080771804,,,,,,
15/11/2023 19:29:47.723533,,,1.159615755,1.080771804,,,,,,
15/11/2023 19:29:47.766185,,,1.159615755,1.080771804,,,,,,
15/11/2023 19:29:47.813717,,,1.159615755,1.080771804,,,,,,
15/11/2023 19:29:47.853614,,,,,19.88574219,,,,,
15/11/2023 19:29:47.853734,,,,,,1.01953125,,,,
15/11/2023 19:29:47.856044,,,1.159615755,1.080771804,,,,,,
15/11/2023 19:29:47.908682,,,1.159615755,1.080771804,,,,,,
15/11/2023 19:29:47.941245,,,1.159615755,1.080771804,,,,,,
15/11/2023 19:29:47.986229,,,1.159615755,1.080771804,,,,,,
15/11/2023 19:29:47.988654,,,1.159615755,1.080771804,,,,,,
15/11/2023 19:29:48.361425,,,1.159615755,1.080771804,,,,,,
15/11/2023 19:29:48.546179,,,1.159615755,1.080771804,,,,,,
15/11/2023 19:29:48.568518,,,1.159615755,1.080771804,,,,,,
15/11/2023 19:29:48.569313,,,1.159615755,1.080771804,,,,,,
15/11/2023 19:29:48.573446,,,1.159615755,1.080771804,,,,,,
15/11/2023 19:29:48.578479,,,1.159615755,1.080771804,,,,,,
15/11/2023 19:29:48.585905,,,1.159615755,1.080771804,,,,,,
15/11/2023 19:29:48.590965,,,1.159615755,1.080771804,,,,,,
15/11/2023 19:29:48.593416,,,1.159615755,1.080771804,,,,,,
15/11/2023 19:29:48.596247,,,1.159615755,1.080771804,,,,,,
15/11/2023 19:29:48.596377,,,,,,,,,,
15/11/2023 19:29:48.614554,,,1.159615755,1.080771804,,,,,,
15/11/2023 19:29:48.615925,,,1.159615755,1.080771804,,,,,,
15/11/2023 19:29:48.646027,,,1.159615755,1.080771804,,,,,,
15/11/2023 19:29:48.676158,,,1.159615755,1.080771804,,,,,,
15/11/2023 19:29:48.728703,,,1.159615755,1.080771804,,,,,,
15/11/2023 19:29:48.735893,,,1.159615755,1.080771804,,,,,,
15/11/2023 19:29:48.768653,,,1.159615755,1.080771804,,,,,,
15/11/2023 19:29:48.838512,,,1.159615755,1.080771804,,,,,,
15/11/2023 19:29:48.840842,,,,,19.08398438,,,,,
15/11/2023 19:29:48.840939,,,,,,1.01953125,,,,
15/11/2023 19:29:48.854578,,,1.159615755,1.080771804,,,,,,
15/11/2023 19:29:48.910069,,,1.159615755,1.080771804,,,,,,
15/11/2023 19:29:48.960213,,,1.159615755,1.080771804,,,,,,
15/11/2023 19:29:48.992325,,,1.159615755,1.080771804,,,,,,
15/11/2023 19:29:49.374461,,,1.159615755,1.080771804,,,,,,
15/11/2023 19:29:49.507461,,,1.159615755,1.080771804,,,,,,
15/11/2023 19:29:49.517504,,,1.159615755,1.080771804,,,,,,
15/11/2023 19:29:49.537507,,,1.159615755,1.080771804,,,,,,
15/11/2023 19:29:49.549898,,,1.159615755,1.080771804,,,,,,
15/11/2023 19:29:49.562726,,,1.159615755,1.080771804,,,,,,
15/11/2023 19:29:49.565373,,,1.159615755,1.080771804,,,,,,
15/11/2023 19:29:49.587525,,,1.159615755,1.080771804,,,,,,
15/11/2023 19:29:49.591891,,,,,,,,,,
15/11/2023 19:29:49.616901,,,1.159615755,1.080771804,,,,,,
15/11/2023 19:29:49.619029,,,1.159615755,1.080771804,,,,,,
15/11/2023 19:29:49.672887,,,1.159615755,1.080771804,,,,,,
15/11/2023 19:29:49.695336,,,1.159615755,1.080771804,,,,,,
15/11/2023 19:29:49.722846,,,1.159615755,1.080771804,,,,,,
15/11/2023 19:29:49.742670,,,1.159615755,1.080771804,,,,,,
15/11/2023 19:29:49.794890,,,1.159615755,1.080771804,,,,,,
15/11/2023 19:29:49.802530,,,1.159615755,1.080771804,,,,,,
15/11/2023 19:29:49.837405,,,,,,6.54296875,,,,
15/11/2023 19:29:49.838878,,,,,21.38574219,,,,,
15/11/2023 19:29:49.847212,,,1.159615755,1.080771804,,,,,,
15/11/2023 19:29:49.889948,,,1.159615755,1.080771804,,,,,,
15/11/2023 19:29:49.937771,,,1.159615755,1.080771804,,,,,,
15/11/2023 19:29:49.958166,,,1.159615755,1.080771804,,,,,,
15/11/2023 19:29:49.965739,,,1.159615755,1.080771804,,,,,,
15/11/2023 19:29:49.977479,,,1.159615755,1.080771804,,,,,,
15/11/2023 19:29:50.275579,,,1.159615755,1.080771804,,,,,,
15/11/2023 19:29:50.517924,,,1.159615755,1.080771804,,,,,,
15/11/2023 19:29:50.532739,,,1.159615755,1.080771804,,,,,,
15/11/2023 19:29:50.535361,,,1.159615755,1.080771804,,,,,,
15/11/2023 19:29:50.549961,,,1.159615755,1.080771804,,,,,,
15/11/2023 19:29:50.552653,,,1.159615755,1.080771804,,,,,,
15/11/2023 19:29:50.559701,,,1.159615755,1.080771804,,,,,,
15/11/2023 19:29:50.567866,,,1.159615755,1.080771804,,,,,,
15/11/2023 19:29:50.570592,,,1.159615755,1.080771804,,,,,,
15/11/2023 19:29:50.571018,,,,,,,,,,
15/11/2023 19:29:50.603717,,,1.159615755,1.080771804,,,,,,
15/11/2023 19:29:50.606542,,,1.159615755,1.080771804,,,,,,
15/11/2023 19:29:50.609237,,,1.159615755,1.080771804,,,,,,
15/11/2023 19:29:50.611926,,,1.159615755,1.080771804,,,,,,
15/11/2023 19:29:50.637767,,,1.159615755,1.080771804,,,,,,
15/11/2023 19:29:50.677474,,,1.159615755,1.080771804,,,,,,
15/11/2023 19:29:50.678231,,,1.159615755,1.080771804,,,,,,
15/11/2023 19:29:50.742264,76.9697,35.24,,,,,95.6,8.18737152,,
15/11/2023 19:29:50.752468,,,1.159615755,1.080771804,,,,,,
15/11/2023 19:29:50.817810,,,1.159615755,1.080771804,,,,,,
15/11/2023 19:29:50.835141,,,1.159615755,1.080771804,,,,,,
15/11/2023 19:29:50.912261,,,,,20.34082031,,,,,
15/11/2023 19:29:50.912651,,,,,,1.374023438,,,,
15/11/2023 19:29:50.927631,,,1.159615755,1.080771804,,,,,,
15/11/2023 19:29:50.992833,,,1.159615755,1.080771804,,,,,,
15/11/2023 19:29:51.117558,,,1.159615755,1.080771804,,,,,,
15/11/2023 19:29:51.437395,,,1.159615755,1.080771804,,,,,,
15/11/2023 19:29:51.630229,,,1.159615755,1.080771804,,,,,,
15/11/2023 19:29:51.655011,,,1.159615755,1.080771804,,,,,,
15/11/2023 19:29:51.685192,,,1.159615755,1.080771804,,,,,,
15/11/2023 19:29:51.735686,,,1.159615755,1.080771804,,,,,,
15/11/2023 19:29:51.777628,,,1.159615755,1.080771804,,,,,,
15/11/2023 19:29:51.782364,,,1.159615755,1.080771804,,,,,,
15/11/2023 19:29:51.812674,,,1.159615755,1.080771804,,,,,,
15/11/2023 19:29:51.829824,,,,,,,,,,
15/11/2023 19:29:51.852802,76.9697,35.09,,,,,98.1,8.18737152,,
15/11/2023 19:29:51.853569,,,1.159615755,1.080771804,,,,,,
15/11/2023 19:29:51.854811,,,1.159615755,1.080771804,,,,,,
15/11/2023 19:29:51.856064,,,1.159615755,1.080771804,,,,,,
15/11/2023 19:29:51.859151,,,1.159615755,1.080771804,,,,,,
15/11/2023 19:29:51.885278,,,1.159615755,1.080771804,,,,,,
15/11/2023 19:29:51.891291,,,1.159615755,1.080771804,,,,,,
15/11/2023 19:29:51.915122,,,1.159615755,1.080771804,,,,,,
15/11/2023 19:29:51.928534,,,1.159615755,1.080771804,,,,,,
15/11/2023 19:29:51.930994,,,1.159615755,1.080771804,,,,,,
15/11/2023 19:29:51.946006,,,,,13.20898438,,,,,
15/11/2023 19:29:51.946126,,,,,,1.078125,,,,
15/11/2023 19:29:51.948530,,,1.159615755,1.080771804,,,,,,
15/11/2023 19:29:51.966115,,,1.159615755,1.080771804,,,,,,
15/11/2023 19:29:51.970968,,,1.159615755,1.080771804,,,,,,
15/11/2023 19:29:51.996214,,,1.159615755,1.080771804,,,,,,
15/11/2023 19:29:52.175204,,,1.159615755,1.080771804,,,,,,
15/11/2023 19:29:52.476061,,,1.159615755,1.080771804,,,,,,
15/11/2023 19:29:52.496754,76.9697,35.07,,,,,99.1,8.18737152,,
15/11/2023 19:29:52.505773,,,1.159615755,1.080771804,,,,,,
15/11/2023 19:29:52.513656,,,1.159615755,1.080771804,,,,,,
15/11/2023 19:29:52.536068,,,1.159615755,1.080771804,,,,,,
15/11/2023 19:29:52.536838,,,1.159615755,1.080771804,,,,,,
15/11/2023 19:29:52.545975,,,1.159615755,1.080771804,,,,,,
15/11/2023 19:29:52.558464,,,1.159615755,1.080771804,,,,,,
15/11/2023 19:29:52.571129,,,1.159615755,1.080771804,,,,,,
15/11/2023 19:29:52.571240,,,,,,,,,,
15/11/2023 19:29:52.590029,,,1.159615755,1.080771804,,,,,,
15/11/2023 19:29:52.590873,,,1.159615755,1.080771804,,,,,,
15/11/2023 19:29:52.595967,,,1.159615755,1.080771804,,,,,,
15/11/2023 19:29:52.633466,,,1.159615755,1.080771804,,,,,,
15/11/2023 19:29:52.650990,,,1.159615755,1.080771804,,,,,,
15/11/2023 19:29:52.681552,,,1.159615755,1.080771804,,,,,,
15/11/2023 19:29:52.722883,,,1.159615755,1.080771804,,,,,,
15/11/2023 19:29:52.809934,,,1.159615755,1.080771804,,,,,,
15/11/2023 19:29:52.876158,,,1.159615755,1.080771804,,,,,,
15/11/2023 19:29:52.911461,,,,,27.66308594,,,,,
15/11/2023 19:29:52.911604,,,,,,10.25,,,,
15/11/2023 19:29:52.916414,,,1.159615755,1.080771804,,,,,,
15/11/2023 19:29:52.933986,,,1.159615755,1.080771804,,,,,,
15/11/2023 19:29:52.941397,,,1.159615755,1.080771804,,,,,,
15/11/2023 19:29:52.970162,,,1.159615755,1.080771804,,,,,,
15/11/2023 19:29:52.978072,,,1.159615755,1.080771804,,,,,,
15/11/2023 19:29:53.105129,,,1.159615755,1.080771804,,,,,,
15/11/2023 19:29:53.175993,,,1.159615755,1.080771804,,,,,,
15/11/2023 19:29:53.527574,,,1.159615755,1.080771804,,,,,,
15/11/2023 19:29:53.542767,,,1.159615755,1.080771804,,,,,,
15/11/2023 19:29:53.550148,,,1.159615755,1.080771804,,,,,,
15/11/2023 19:29:53.554900,,,1.159615755,1.080771804,,,,,,
15/11/2023 19:29:53.577757,,,1.159615755,1.080771804,,,,,,
15/11/2023 19:29:53.587368,,,1.159615755,1.080771804,,,,,,
15/11/2023 19:29:53.613001,,,1.159615755,1.080771804,,,,,,
15/11/2023 19:29:53.617051,,,,,,,,,,
15/11/2023 19:29:53.640701,,,1.159615755,1.080771804,,,,,,
15/11/2023 19:29:53.641887,,,1.159615755,1.080771804,,,,,,
15/11/2023 19:29:53.643101,,,1.159615755,1.080771804,,,,,,
15/11/2023 19:29:53.659930,,,1.159615755,1.080771804,,,,,,
15/11/2023 19:29:53.666219,,,1.159615755,1.080771804,,,,,,
15/11/2023 19:29:53.675331,,,1.159615755,1.080771804,,,,,,
15/11/2023 19:29:53.689836,,,1.159615755,1.080771804,,,,,,
15/11/2023 19:29:53.707820,,,1.159615755,1.080771804,,,,,,
15/11/2023 19:29:53.732496,,,1.159615755,1.080771804,,,,,,
15/11/2023 19:29:53.758826,,,1.159615755,1.080771804,,,,,,
15/11/2023 19:29:53.814130,,,1.159615755,1.080771804,,,,,,
15/11/2023 19:29:53.836562,,,,,24.04492188,,,,,
15/11/2023 19:29:53.836779,,,,,,18.98046875,,,,
15/11/2023 19:29:53.847332,,,1.159615755,1.080771804,,,,,,
15/11/2023 19:29:53.889954,,,1.159615755,1.080771804,,,,,,
15/11/2023 19:29:53.935535,,,1.159615755,1.080771804,,,,,,
15/11/2023 19:29:53.980303,,,1.159615755,1.080771804,,,,,,
15/11/2023 19:29:54.225291,,,1.159615755,1.080771804,,,,,,
15/11/2023 19:29:54.645254,,,1.159615755,1.080771804,,,,,,
15/11/2023 19:29:54.660225,,,1.159615755,1.080771804,,,,,,
15/11/2023 19:29:54.690080,,,1.159615755,1.080771804,,,,,,
15/11/2023 19:29:54.711093,,,1.159615755,1.080771804,,,,,,
15/11/2023 19:29:54.733583,,,1.159615755,1.080771804,,,,,,
15/11/2023 19:29:54.761537,,,1.159615755,1.080771804,,,,,,
15/11/2023 19:29:54.763963,,,,,,,,,,
15/11/2023 19:29:54.783656,,,1.159615755,1.080771804,,,,,,
15/11/2023 19:29:54.797023,,,1.159615755,1.080771804,,,,,,
15/11/2023 19:29:54.817909,,,1.159615755,1.080771804,,,,,,
15/11/2023 19:29:54.837761,,,1.159615755,1.080771804,,,,,,
15/11/2023 19:29:54.877765,,,1.159615755,1.080771804,,,,,,
15/11/2023 19:29:54.884663,,,1.159615755,1.080771804,,,,,,
15/11/2023 19:29:54.889525,,,1.159615755,1.080771804,,,,,,
15/11/2023 19:29:54.897474,,,1.159615755,1.080771804,,,,,,
15/11/2023 19:29:54.901318,,,1.159615755,1.080771804,,,,,,
15/11/2023 19:29:54.905245,,,,,42.47851563,,,,,
15/11/2023 19:29:54.905615,,,,,,37.28515625,,,,
15/11/2023 19:29:54.908198,,,1.159615755,1.080771804,,,,,,
15/11/2023 19:29:54.915316,,,1.159615755,1.080771804,,,,,,
15/11/2023 19:29:54.952543,,,1.159615755,1.080771804,,,,,,
15/11/2023 19:29:54.995329,,,1.159615755,1.080771804,,,,,,
15/11/2023 19:29:55.107630,,,1.159615755,1.080771804,,,,,,
15/11/2023 19:29:55.110247,,,1.159615755,1.080771804,,,,,,
15/11/2023 19:29:55.378386,,,1.159615755,1.080771804,,,,,,
15/11/2023 19:29:55.795363,,,1.159615755,1.080771804,,,,,,
15/11/2023 19:29:55.810390,,,1.159615755,1.080771804,,,,,,
15/11/2023 19:29:55.829906,,,1.159615755,1.080771804,,,,,,
15/11/2023 19:29:55.859040,,,1.159615755,1.080771804,,,,,,
15/11/2023 19:29:55.871102,,,1.159615755,1.080771804,,,,,,
15/11/2023 19:29:55.894116,,,1.159615755,1.080771804,,,,,,
15/11/2023 19:29:55.895036,,,1.159615755,1.080771804,,,,,,
15/11/2023 19:29:55.914402,,,1.159615755,1.080771804,,,,,,
15/11/2023 19:29:55.914628,,,,,,,,,,
15/11/2023 19:29:55.938856,,,1.159615755,1.080771804,,,,,,
15/11/2023 19:29:55.952729,,,1.159615755,1.080771804,,,,,,
15/11/2023 19:29:56.117843,,,1.159615755,1.080771804,,,,,,
15/11/2023 19:29:56.158370,,,,,15.00683594,,,,,
15/11/2023 19:29:56.162578,,,,,,0.952148438,,,,
15/11/2023 19:29:56.171328,,,1.159615755,1.080771804,,,,,,
15/11/2023 19:29:56.272639,,,1.159615755,1.080771804,,,,,,
15/11/2023 19:29:56.299110,,,1.159615755,1.080771804,,,,,,
15/11/2023 19:29:56.324920,,,1.159615755,1.080771804,,,,,,
15/11/2023 19:29:56.350887,,,1.159615755,1.080771804,,,,,,
15/11/2023 19:29:56.497513,,,1.159615755,1.080771804,,,,,,
15/11/2023 19:29:56.747856,,,1.159615755,1.080771804,,,,,,
15/11/2023 19:29:56.768031,,,1.159615755,1.080771804,,,,,,
15/11/2023 19:29:56.776352,,,1.159615755,1.080771804,,,,,,
15/11/2023 19:29:56.835585,,,1.159615755,1.080771804,,,,,,
15/11/2023 19:29:56.860392,,,1.159615755,1.080771804,,,,,,
15/11/2023 19:29:56.863106,,,1.159615755,1.080771804,,,,,,
15/11/2023 19:29:56.892473,,,1.159615755,1.080771804,,,,,,
15/11/2023 19:29:56.917124,,,,,,,,,,
15/11/2023 19:29:56.950807,,,1.159615755,1.080771804,,,,,,
15/11/2023 19:29:56.952157,,,1.159615755,1.080771804,,,,,,
15/11/2023 19:29:56.953599,,,1.159615755,1.080771804,,,,,,
15/11/2023 19:29:56.975408,,,1.159615755,1.080771804,,,,,,
15/11/2023 19:29:57.100315,,,1.159615755,1.080771804,,,,,,
15/11/2023 19:29:57.103107,,,1.159615755,1.080771804,,,,,,
15/11/2023 19:29:57.124906,,,1.159615755,1.080771804,,,,,,
15/11/2023 19:29:57.129695,,,1.159615755,1.080771804,,,,,,
15/11/2023 19:29:57.213060,,,1.159615755,1.080771804,,,,,,
15/11/2023 19:29:57.217448,,,,,18.16308594,,,,,
15/11/2023 19:29:57.220665,,,,,,4.0390625,,,,
15/11/2023 19:29:57.246506,,,1.159615755,1.080771804,,,,,,
15/11/2023 19:29:57.427371,,,1.159615755,1.080771804,,,,,,
15/11/2023 19:29:57.642668,,,1.159615755,1.080771804,,,,,,
15/11/2023 19:29:57.668110,,,1.159615755,1.080771804,,,,,,
15/11/2023 19:29:57.689968,,,1.159615755,1.080771804,,,,,,
15/11/2023 19:29:57.692613,,,1.159615755,1.080771804,,,,,,
15/11/2023 19:29:57.729806,,,1.159615755,1.080771804,,,,,,
15/11/2023 19:29:57.730374,,,1.159615755,1.080771804,,,,,,
15/11/2023 19:29:57.753021,,,1.159615755,1.080771804,,,,,,
15/11/2023 19:29:57.758819,,,1.159615755,1.080771804,,,,,,
15/11/2023 19:29:57.777637,,,1.159615755,1.080771804,,,,,,
15/11/2023 19:29:57.780263,,,,,,,,,,
15/11/2023 19:29:57.808086,,,1.159615755,1.080771804,,,,,,
15/11/2023 19:29:57.829616,,,1.159615755,1.080771804,,,,,,
15/11/2023 19:29:57.855088,,,1.159615755,1.080771804,,,,,,
15/11/2023 19:29:57.907920,,,1.159615755,1.080771804,,,,,,
15/11/2023 19:29:57.917907,,,1.159615755,1.080771804,,,,,,
15/11/2023 19:29:57.930115,,,1.159615755,1.080771804,,,,,,
15/11/2023 19:29:57.945327,,,1.159615755,1.080771804,,,,,,
15/11/2023 19:29:57.962831,,,1.159615755,1.080771804,,,,,,
15/11/2023 19:29:57.965455,,,,,22.70117188,,,,,
15/11/2023 19:29:57.965798,,,,,,1.19140625,,,,
15/11/2023 19:29:57.975148,,,1.159615755,1.080771804,,,,,,
15/11/2023 19:29:57.977960,,,1.159615755,1.080771804,,,,,,
15/11/2023 19:29:57.989703,,,1.159615755,1.080771804,,,,,,
15/11/2023 19:29:58.106185,,,1.159615755,1.080771804,,,,,,
15/11/2023 19:29:58.272951,,,1.159615755,1.080771804,,,,,,
15/11/2023 19:29:58.425157,,,1.159615755,1.080771804,,,,,,
15/11/2023 19:29:58.567998,,,1.159615755,1.080771804,,,,,,
15/11/2023 19:29:58.582749,,,1.159615755,1.080771804,,,,,,
15/11/2023 19:29:58.637842,,,1.159615755,1.080771804,,,,,,
15/11/2023 19:29:58.667997,,,1.159615755,1.080771804,,,,,,
15/11/2023 19:29:58.690190,,,1.159615755,1.080771804,,,,,,
15/11/2023 19:29:58.692841,,,1.159615755,1.080771804,,,,,,
15/11/2023 19:29:58.707759,,,1.159615755,1.080771804,,,,,,
15/11/2023 19:29:58.710133,,,,,,,,,,
15/11/2023 19:29:58.727688,,,1.159615755,1.080771804,,,,,,
15/11/2023 19:29:58.728722,,,1.159615755,1.080771804,,,,,,
15/11/2023 19:29:58.736589,,,1.159615755,1.080771804,,,,,,
15/11/2023 19:29:58.741817,,,1.159615755,1.080771804,,,,,,
15/11/2023 19:29:58.752346,,,1.159615755,1.080771804,,,,,,
15/11/2023 19:29:58.757573,,,1.159615755,1.080771804,,,,,,
15/11/2023 19:29:58.760224,,,1.159615755,1.080771804,,,,,,
15/11/2023 19:29:58.767725,,,1.159615755,1.080771804,,,,,,
15/11/2023 19:29:58.772673,,,1.159615755,1.080771804,,,,,,
15/11/2023 19:29:58.815007,,,1.159615755,1.080771804,,,,,,
15/11/2023 19:29:58.842453,,,,,,1.01953125,,,,
15/11/2023 19:29:58.844101,,,,,25.63476563,,,,,
15/11/2023 19:29:58.857431,,,1.159615755,1.080771804,,,,,,
15/11/2023 19:29:58.915155,,,1.159615755,1.080771804,,,,,,
15/11/2023 19:29:58.982662,,,1.159615755,1.080771804,,,,,,
15/11/2023 19:29:58.997624,,,1.159615755,1.080771804,,,,,,
15/11/2023 19:29:59.404447,,,1.159615755,1.080771804,,,,,,
15/11/2023 19:29:59.492645,,,1.159615755,1.080771804,,,,,,
15/11/2023 19:29:59.512690,,,1.159615755,1.080771804,,,,,,
15/11/2023 19:29:59.537701,,,1.159615755,1.080771804,,,,,,
15/11/2023 19:29:59.560250,,,1.159615755,1.080771804,,,,,,
15/11/2023 19:29:59.582728,,,1.159615755,1.080771804,,,,,,
15/11/2023 19:29:59.599935,,,1.159615755,1.080771804,,,,,,
15/11/2023 19:29:59.607861,,,1.159615755,1.080771804,,,,,,
15/11/2023 19:29:59.617384,,,,,,,,,,
15/11/2023 19:29:59.656097,,,1.159615755,1.080771804,,,,,,
15/11/2023 19:29:59.658911,,,1.159615755,1.080771804,,,,,,
15/11/2023 19:29:59.661573,,,1.159615755,1.080771804,,,,,,
15/11/2023 19:29:59.667353,,,1.159615755,1.080771804,,,,,,
15/11/2023 19:29:59.682532,,,1.159615755,1.080771804,,,,,,
15/11/2023 19:29:59.689717,,,1.159615755,1.080771804,,,,,,
15/11/2023 19:29:59.697590,,,1.159615755,1.080771804,,,,,,
15/11/2023 19:29:59.749995,,,1.159615755,1.080771804,,,,,,
15/11/2023 19:29:59.802494,,,1.159615755,1.080771804,,,,,,
15/11/2023 19:29:59.805243,,,1.159615755,1.080771804,,,,,,
15/11/2023 19:29:59.837639,,,1.159615755,1.080771804,,,,,,
15/11/2023 19:29:59.847057,,,,,22.46777344,,,,,
15/11/2023 19:29:59.847411,,,,,,1.16015625,,,,
15/11/2023 19:29:59.852084,,,1.159615755,1.080771804,,,,,,
15/11/2023 19:29:59.875027,,,1.159615755,1.080771804,,,,,,
15/11/2023 19:29:59.878779,,,1.159615755,1.080771804,,,,,,
15/11/2023 19:29:59.917586,,,1.159615755,1.080771804,,,,,,
15/11/2023 19:29:59.962878,,,1.159615755,1.080771804,,,,,,
15/11/2023 19:30:00.486656,,,1.159615755,1.080771804,,,,,,
15/11/2023 19:30:00.612844,,,1.159615755,1.080771804,,,,,,
15/11/2023 19:30:00.637788,,,1.159615755,1.080771804,,,,,,
15/11/2023 19:30:00.655005,,,1.159615755,1.080771804,,,,,,
15/11/2023 19:30:00.680129,,,1.159615755,1.080771804,,,,,,
15/11/2023 19:30:00.706161,,,1.159615755,1.080771804,,,,,,
15/11/2023 19:30:00.726332,,,1.159615755,1.080771804,,,,,,
15/11/2023 19:30:00.748673,,,1.159615755,1.080771804,,,,,,
15/11/2023 19:30:00.748816,,,,,,,,,,
15/11/2023 19:30:00.769782,,,1.159615755,1.080771804,,,,,,
15/11/2023 19:30:00.781081,,,1.159615755,1.080771804,,,,,,
15/11/2023 19:30:00.783411,,,1.159615755,1.080771804,,,,,,
15/11/2023 19:30:00.818625,,,1.159615755,1.080771804,,,,,,
15/11/2023 19:30:00.841184,,,1.159615755,1.080771804,,,,,,
15/11/2023 19:30:00.843472,76.9697,35.14,,,,,96.6,8.18737152,,
15/11/2023 19:30:00.849267,,,1.159615755,1.080771804,,,,,,
15/11/2023 19:30:00.857209,,,1.159615755,1.080771804,,,,,,
15/11/2023 19:30:00.861688,,,1.159615755,1.080771804,,,,,,
15/11/2023 19:30:00.875085,,,,,19.63671875,,,,,
15/11/2023 19:30:00.875457,,,,,,9.80859375,,,,
15/11/2023 19:30:00.878136,,,1.159615755,1.080771804,,,,,,
15/11/2023 19:30:00.907530,,,1.159615755,1.080771804,,,,,,
15/11/2023 19:30:00.967420,,,1.159615755,1.080771804,,,,,,
15/11/2023 19:30:00.976635,,,1.159615755,1.080771804,,,,,,
15/11/2023 19:30:00.987351,,,1.159615755,1.080771804,,,,,,
15/11/2023 19:30:01.100303,,,1.159615755,1.080771804,,,,,,
15/11/2023 19:30:01.211952,,,1.159615755,1.080771804,,,,,,
15/11/2023 19:30:01.219297,,,1.159615755,1.080771804,,,,,,
15/11/2023 19:30:01.437290,,,1.159615755,1.080771804,,,,,,
15/11/2023 19:30:01.460479,,,1.159615755,1.080771804,,,,,,
15/11/2023 19:30:01.510510,,,1.159615755,1.080771804,,,,,,
15/11/2023 19:30:01.552443,,,1.159615755,1.080771804,,,,,,
15/11/2023 19:30:01.587838,,,1.159615755,1.080771804,,,,,,
15/11/2023 19:30:01.592373,,,1.159615755,1.080771804,,,,,,
15/11/2023 19:30:01.630297,,,1.159615755,1.080771804,,,,,,
15/11/2023 19:30:01.677631,,,1.159615755,1.080771804,,,,,,
15/11/2023 19:30:01.694593,,,,,,,,,,
15/11/2023 19:30:01.720913,,,1.159615755,1.080771804,,,,,,
15/11/2023 19:30:01.722111,,,1.159615755,1.080771804,,,,,,
15/11/2023 19:30:01.757437,76.9697,34.81,,,,,95,8.18737152,,
15/11/2023 19:30:01.758362,,,1.159615755,1.080771804,,,,,,
15/11/2023 19:30:01.800367,,,1.159615755,1.080771804,,,,,,
15/11/2023 19:30:01.813077,,,1.159615755,1.080771804,,,,,,
15/11/2023 19:30:01.820480,,,1.159615755,1.080771804,,,,,,
15/11/2023 19:30:01.836187,,,1.159615755,1.080771804,,,,,,
15/11/2023 19:30:01.841001,,,1.159615755,1.080771804,,,,,,
15/11/2023 19:30:01.846194,,,1.159615755,1.080771804,,,,,,
15/11/2023 19:30:01.856009,,,1.159615755,1.080771804,,,,,,
15/11/2023 19:30:01.858406,,,,,24.40722656,,,,,
15/11/2023 19:30:01.858505,,,,,,19.109375,,,,
15/11/2023 19:30:01.874272,,,1.159615755,1.080771804,,,,,,
15/11/2023 19:30:01.914068,,,1.159615755,1.080771804,,,,,,
15/11/2023 19:30:01.957715,,,1.159615755,1.080771804,,,,,,
15/11/2023 19:30:01.960362,,,1.159615755,1.080771804,,,,,,
15/11/2023 19:30:02.104185,,,1.159615755,1.080771804,,,,,,
15/11/2023 19:30:02.635612,,,1.159615755,1.080771804,,,,,,
15/11/2023 19:30:02.655087,,,1.159615755,1.080771804,,,,,,
15/11/2023 19:30:02.668221,,,1.159615755,1.080771804,,,,,,
15/11/2023 19:30:02.680215,,,1.159615755,1.080771804,,,,,,
15/11/2023 19:30:02.694971,76.9697,34.84,,,,,94.8,8.18737152,,
15/11/2023 19:30:02.717923,,,1.159615755,1.080771804,,,,,,
15/11/2023 19:30:02.720580,,,1.159615755,1.080771804,,,,,,
15/11/2023 19:30:02.765110,,,1.159615755,1.080771804,,,,,,
15/11/2023 19:30:02.785946,,,,,,,,,,
15/11/2023 19:30:02.809799,,,1.159615755,1.080771804,,,,,,
15/11/2023 19:30:02.824124,,,1.159615755,1.080771804,,,,,,
15/11/2023 19:30:02.848507,,,1.159615755,1.080771804,,,,,,
15/11/2023 19:30:02.851406,,,1.159615755,1.080771804,,,,,,
15/11/2023 19:30:02.872206,,,1.159615755,1.080771804,,,,,,
15/11/2023 19:30:02.889731,,,1.159615755,1.080771804,,,,,,
15/11/2023 19:30:02.912643,,,1.159615755,1.080771804,,,,,,
15/11/2023 19:30:02.922457,,,1.159615755,1.080771804,,,,,,
15/11/2023 19:30:02.937721,,,1.159615755,1.080771804,,,,,,
15/11/2023 19:30:02.940474,,,1.159615755,1.080771804,,,,,,
15/11/2023 19:30:02.942844,,,,,42.49316406,,,,,
15/11/2023 19:30:02.943189,,,,,,32.28515625,,,,
15/11/2023 19:30:02.968024,,,1.159615755,1.080771804,,,,,,
15/11/2023 19:30:02.989914,,,1.159615755,1.080771804,,,,,,
15/11/2023 19:30:02.997134,,,1.159615755,1.080771804,,,,,,
15/11/2023 19:30:03.110209,,,1.159615755,1.080771804,,,,,,
15/11/2023 19:30:03.403113,,,1.159615755,1.080771804,,,,,,
15/11/2023 19:30:03.549992,,,1.159615755,1.080771804,,,,,,
15/11/2023 19:30:03.560412,,,1.159615755,1.080771804,,,,,,
15/11/2023 19:30:03.570130,,,1.159615755,1.080771804,,,,,,
15/11/2023 19:30:03.577344,,,1.159615755,1.080771804,,,,,,
15/11/2023 19:30:03.580048,,,1.159615755,1.080771804,,,,,,
15/11/2023 19:30:03.635334,,,1.159615755,1.080771804,,,,,,
15/11/2023 19:30:03.638273,,,1.159615755,1.080771804,,,,,,
15/11/2023 19:30:03.658714,,,1.159615755,1.080771804,,,,,,
15/11/2023 19:30:03.665848,,,,,,,,,,
15/11/2023 19:30:03.682304,,,1.159615755,1.080771804,,,,,,
15/11/2023 19:30:03.683176,,,1.159615755,1.080771804,,,,,,
15/11/2023 19:30:03.701223,,,1.159615755,1.080771804,,,,,,
15/11/2023 19:30:03.716519,,,1.159615755,1.080771804,,,,,,
15/11/2023 19:30:03.745360,,,1.159615755,1.080771804,,,,,,
15/11/2023 19:30:03.755147,,,1.159615755,1.080771804,,,,,,
15/11/2023 19:30:03.760029,,,1.159615755,1.080771804,,,,,,
15/11/2023 19:30:03.794991,,,1.159615755,1.080771804,,,,,,
15/11/2023 19:30:03.832609,,,1.159615755,1.080771804,,,,,,
15/11/2023 19:30:03.847239,,,,,,1.01953125,,,,
15/11/2023 19:30:03.848857,,,,,25.64941406,,,,,
15/11/2023 19:30:03.870708,,,1.159615755,1.080771804,,,,,,
15/11/2023 19:30:03.901242,,,1.159615755,1.080771804,,,,,,
15/11/2023 19:30:03.943659,,,1.159615755,1.080771804,,,,,,
15/11/2023 19:30:03.988603,,,1.159615755,1.080771804,,,,,,
15/11/2023 19:30:04.335579,,,1.159615755,1.080771804,,,,,,
15/11/2023 19:30:04.536145,,,1.159615755,1.080771804,,,,,,
15/11/2023 19:30:04.573653,,,1.159615755,1.080771804,,,,,,
15/11/2023 19:30:04.574457,,,1.159615755,1.080771804,,,,,,
15/11/2023 19:30:04.596108,,,1.159615755,1.080771804,,,,,,
15/11/2023 19:30:04.626101,,,1.159615755,1.080771804,,,,,,
15/11/2023 19:30:04.658655,,,1.159615755,1.080771804,,,,,,
15/11/2023 19:30:04.659476,,,1.159615755,1.080771804,,,,,,
15/11/2023 19:30:04.683589,,,1.159615755,1.080771804,,,,,,
15/11/2023 19:30:04.705918,,,,,,,,,,
15/11/2023 19:30:04.727249,,,1.159615755,1.080771804,,,,,,
15/11/2023 19:30:04.730950,,,1.159615755,1.080771804,,,,,,
15/11/2023 19:30:04.761800,,,1.159615755,1.080771804,,,,,,
15/11/2023 19:30:04.783691,,,1.159615755,1.080771804,,,,,,
15/11/2023 19:30:04.788523,,,1.159615755,1.080771804,,,,,,
15/11/2023 19:30:04.823701,,,1.159615755,1.080771804,,,,,,
15/11/2023 19:30:04.825921,,,1.159615755,1.080771804,,,,,,
15/11/2023 19:30:04.871138,,,1.159615755,1.080771804,,,,,,
15/11/2023 19:30:04.885913,,,1.159615755,1.080771804,,,,,,
15/11/2023 19:30:04.898506,,,1.159615755,1.080771804,,,,,,
15/11/2023 19:30:04.906015,,,,,18.13574219,,,,,
15/11/2023 19:30:04.906123,,,,,,1.01953125,,,,
15/11/2023 19:30:04.920969,,,1.159615755,1.080771804,,,,,,
15/11/2023 19:30:04.928478,,,1.159615755,1.080771804,,,,,,
15/11/2023 19:30:04.961014,,,1.159615755,1.080771804,,,,,,
15/11/2023 19:30:04.963404,,,1.159615755,1.080771804,,,,,,
15/11/2023 19:30:05.103700,,,1.159615755,1.080771804,,,,,,
15/11/2023 19:30:05.511506,,,1.159615755,1.080771804,,,,,,
15/11/2023 19:30:05.646200,,,1.159615755,1.080771804,,,,,,
15/11/2023 19:30:05.671217,,,1.159615755,1.080771804,,,,,,
15/11/2023 19:30:05.681031,,,1.159615755,1.080771804,,,,,,
15/11/2023 19:30:05.703722,,,1.159615755,1.080771804,,,,,,
15/11/2023 19:30:05.732184,,,1.159615755,1.080771804,,,,,,
15/11/2023 19:30:05.773633,,,1.159615755,1.080771804,,,,,,
15/11/2023 19:30:05.778456,,,1.159615755,1.080771804,,,,,,
15/11/2023 19:30:05.797006,,,,,,,,,,
15/11/2023 19:30:05.839333,,,1.159615755,1.080771804,,,,,,
15/11/2023 19:30:05.841839,,,1.159615755,1.080771804,,,,,,
15/11/2023 19:30:05.851552,,,1.159615755,1.080771804,,,,,,
15/11/2023 19:30:05.861154,,,1.159615755,1.080771804,,,,,,
15/11/2023 19:30:05.873557,,,1.159615755,1.080771804,,,,,,
15/11/2023 19:30:05.886043,,,1.159615755,1.080771804,,,,,,
15/11/2023 19:30:05.888713,,,1.159615755,1.080771804,,,,,,
15/11/2023 19:30:05.896572,,,1.159615755,1.080771804,,,,,,
15/11/2023 19:30:05.898946,,,,,18.30273438,,,,,
15/11/2023 19:30:05.899077,,,,,,6.770507813,,,,
15/11/2023 19:30:05.911781,,,1.159615755,1.080771804,,,,,,
15/11/2023 19:30:05.940436,,,1.159615755,1.080771804,,,,,,
15/11/2023 19:30:05.982462,,,1.159615755,1.080771804,,,,,,
15/11/2023 19:30:06.274463,,,1.159615755,1.080771804,,,,,,
15/11/2023 19:30:06.515220,,,1.159615755,1.080771804,,,,,,
15/11/2023 19:30:06.542745,,,1.159615755,1.080771804,,,,,,
15/11/2023 19:30:06.555186,,,1.159615755,1.080771804,,,,,,
15/11/2023 19:30:06.562834,,,1.159615755,1.080771804,,,,,,
15/11/2023 19:30:06.587644,,,1.159615755,1.080771804,,,,,,
15/11/2023 19:30:06.602701,,,1.159615755,1.080771804,,,,,,
15/11/2023 19:30:06.607903,,,1.159615755,1.080771804,,,,,,
15/11/2023 19:30:06.630302,,,1.159615755,1.080771804,,,,,,
15/11/2023 19:30:06.657277,,,,,,,,,,
15/11/2023 19:30:06.685467,,,1.159615755,1.080771804,,,,,,
15/11/2023 19:30:06.686610,,,1.159615755,1.080771804,,,,,,
15/11/2023 19:30:06.701981,,,1.159615755,1.080771804,,,,,,
15/11/2023 19:30:06.712491,,,1.159615755,1.080771804,,,,,,
15/11/2023 19:30:06.730353,,,1.159615755,1.080771804,,,,,,
15/11/2023 19:30:06.752908,,,1.159615755,1.080771804,,,,,,
15/11/2023 19:30:06.760195,,,1.159615755,1.080771804,,,,,,
15/11/2023 19:30:06.762803,,,1.159615755,1.080771804,,,,,,
15/11/2023 19:30:06.780694,,,1.159615755,1.080771804,,,,,,
15/11/2023 19:30:06.817800,,,1.159615755,1.080771804,,,,,,
15/11/2023 19:30:06.852598,,,,,,1.09765625,,,,
15/11/2023 19:30:06.854793,,,,,24.22753906,,,,,
15/11/2023 19:30:06.859781,,,1.159615755,1.080771804,,,,,,
15/11/2023 19:30:06.902442,,,1.159615755,1.080771804,,,,,,
15/11/2023 19:30:06.952961,,,1.159615755,1.080771804,,,,,,
15/11/2023 19:30:07.105347,,,1.159615755,1.080771804,,,,,,
15/11/2023 19:30:07.153530,,,1.159615755,1.080771804,,,,,,
15/11/2023 19:30:07.501276,,,1.159615755,1.080771804,,,,,,
15/11/2023 19:30:07.558689,,,1.159615755,1.080771804,,,,,,
15/11/2023 19:30:07.591039,,,1.159615755,1.080771804,,,,,,
15/11/2023 19:30:07.593407,,,1.159615755,1.080771804,,,,,,
15/11/2023 19:30:07.646141,,,1.159615755,1.080771804,,,,,,
15/11/2023 19:30:07.678969,,,1.159615755,1.080771804,,,,,,
15/11/2023 19:30:07.688745,,,1.159615755,1.080771804,,,,,,
15/11/2023 19:30:07.711775,,,1.159615755,1.080771804,,,,,,
15/11/2023 19:30:07.716630,,,,,,,,,,
15/11/2023 19:30:07.741252,,,1.159615755,1.080771804,,,,,,
15/11/2023 19:30:07.765173,,,1.159615755,1.080771804,,,,,,
15/11/2023 19:30:07.795053,,,1.159615755,1.080771804,,,,,,
15/11/2023 19:30:07.837612,,,1.159615755,1.080771804,,,,,,
15/11/2023 19:30:07.847601,,,1.159615755,1.080771804,,,,,,
15/11/2023 19:30:07.855173,,,1.159615755,1.080771804,,,,,,
15/11/2023 19:30:07.857795,,,1.159615755,1.080771804,,,,,,
15/11/2023 19:30:07.865318,,,1.159615755,1.080771804,,,,,,
15/11/2023 19:30:07.873009,,,1.159615755,1.080771804,,,,,,
15/11/2023 19:30:07.897494,,,1.159615755,1.080771804,,,,,,
15/11/2023 19:30:07.899980,,,,,37.76171875,,,,,
15/11/2023 19:30:07.900320,,,,,,10.15234375,,,,
15/11/2023 19:30:07.920023,,,1.159615755,1.080771804,,,,,,
15/11/2023 19:30:07.937674,,,1.159615755,1.080771804,,,,,,
15/11/2023 19:30:07.985053,,,1.159615755,1.080771804,,,,,,
15/11/2023 19:30:08.252856,,,1.159615755,1.080771804,,,,,,
15/11/2023 19:30:08.482467,,,1.159615755,1.080771804,,,,,,
15/11/2023 19:30:08.500288,,,1.159615755,1.080771804,,,,,,
15/11/2023 19:30:08.535328,,,1.159615755,1.080771804,,,,,,
15/11/2023 19:30:08.557782,,,1.159615755,1.080771804,,,,,,
15/11/2023 19:30:08.597637,,,1.159615755,1.080771804,,,,,,
15/11/2023 19:30:08.600305,,,1.159615755,1.080771804,,,,,,
15/11/2023 19:30:08.622730,,,1.159615755,1.080771804,,,,,,
15/11/2023 19:30:08.627202,,,1.159615755,1.080771804,,,,,,
15/11/2023 19:30:08.652905,,,1.159615755,1.080771804,,,,,,
15/11/2023 19:30:08.657078,,,,,,,,,,
15/11/2023 19:30:08.701273,,,1.159615755,1.080771804,,,,,,
15/11/2023 19:30:08.732945,,,1.159615755,1.080771804,,,,,,
15/11/2023 19:30:08.747550,,,1.159615755,1.080771804,,,,,,
15/11/2023 19:30:08.748988,,,1.159615755,1.080771804,,,,,,
15/11/2023 19:30:08.805262,,,1.159615755,1.080771804,,,,,,
15/11/2023 19:30:08.807956,,,1.159615755,1.080771804,,,,,,
15/11/2023 19:30:08.810648,,,1.159615755,1.080771804,,,,,,
15/11/2023 19:30:08.813302,,,1.159615755,1.080771804,,,,,,
15/11/2023 19:30:08.820383,,,1.159615755,1.080771804,,,,,,
15/11/2023 19:30:08.831039,,,1.159615755,1.080771804,,,,,,
15/11/2023 19:30:08.856524,,,1.159615755,1.080771804,,,,,,
15/11/2023 19:30:08.856666,,,,,23.99609375,,,,,
15/11/2023 19:30:08.856759,,,,,,1.01953125,,,,
15/11/2023 19:30:08.896241,,,1.159615755,1.080771804,,,,,,
15/11/2023 19:30:08.949144,,,1.159615755,1.080771804,,,,,,
15/11/2023 19:30:08.989927,,,1.159615755,1.080771804,,,,,,
15/11/2023 19:30:09.349721,,,1.159615755,1.080771804,,,,,,
15/11/2023 19:30:09.680594,,,1.159615755,1.080771804,,,,,,
15/11/2023 19:30:09.705383,,,1.159615755,1.080771804,,,,,,
15/11/2023 19:30:09.740257,,,1.159615755,1.080771804,,,,,,
15/11/2023 19:30:09.749450,,,1.159615755,1.080771804,,,,,,
15/11/2023 19:30:09.762571,,,1.159615755,1.080771804,,,,,,
15/11/2023 19:30:09.780069,,,1.159615755,1.080771804,,,,,,
15/11/2023 19:30:09.805303,,,1.159615755,1.080771804,,,,,,
15/11/2023 19:30:09.844183,,,1.159615755,1.080771804,,,,,,
15/11/2023 19:30:09.864282,,,,,,,,,,
15/11/2023 19:30:09.886374,,,1.159615755,1.080771804,,,,,,
15/11/2023 19:30:09.888423,,,1.159615755,1.080771804,,,,,,
15/11/2023 19:30:09.922206,,,1.159615755,1.080771804,,,,,,
15/11/2023 19:30:09.987439,,,1.159615755,1.080771804,,,,,,
15/11/2023 19:30:10.111038,,,1.159615755,1.080771804,,,,,,
15/11/2023 19:30:10.159150,,,1.159615755,1.080771804,,,,,,
15/11/2023 19:30:10.183052,,,1.159615755,1.080771804,,,,,,
15/11/2023 19:30:10.207654,,,,,12.03222656,,,,,
15/11/2023 19:30:10.208634,,,,,,18.70703125,,,,
15/11/2023 19:30:10.234329,,,1.159615755,1.080771804,,,,,,
15/11/2023 19:30:10.285302,,,1.159615755,1.080771804,,,,,,
15/11/2023 19:30:10.412391,,,1.159615755,1.080771804,,,,,,
15/11/2023 19:30:10.587054,,,1.159615755,1.080771804,,,,,,
15/11/2023 19:30:10.597790,,,1.159615755,1.080771804,,,,,,
15/11/2023 19:30:10.610243,,,1.159615755,1.080771804,,,,,,
15/11/2023 19:30:10.622231,,,1.159615755,1.080771804,,,,,,
15/11/2023 19:30:10.629017,,,1.159615755,1.080771804,,,,,,
15/11/2023 19:30:10.632144,,,1.159615755,1.080771804,,,,,,
15/11/2023 19:30:10.633703,,,1.159615755,1.080771804,,,,,,
15/11/2023 19:30:10.659510,,,1.159615755,1.080771804,,,,,,
15/11/2023 19:30:10.677254,,,1.159615755,1.080771804,,,,,,
15/11/2023 19:30:10.677656,,,,,,,,,,
15/11/2023 19:30:10.700533,,,1.159615755,1.080771804,,,,,,
15/11/2023 19:30:10.701528,,,1.159615755,1.080771804,,,,,,
15/11/2023 19:30:10.717013,,,1.159615755,1.080771804,,,,,,
15/11/2023 19:30:10.736514,,,1.159615755,1.080771804,,,,,,
15/11/2023 19:30:10.740182,,,1.159615755,1.080771804,,,,,,
15/11/2023 19:30:10.787379,,,1.159615755,1.080771804,,,,,,
15/11/2023 19:30:10.790060,,,1.159615755,1.080771804,,,,,,
15/11/2023 19:30:10.815210,76.9697,35.37,,,,,96.5,8.18737152,,
15/11/2023 19:30:10.825483,,,1.159615755,1.080771804,,,,,,
15/11/2023 19:30:10.843688,,,1.159615755,1.080771804,,,,,,
15/11/2023 19:30:10.853665,,,1.159615755,1.080771804,,,,,,
15/11/2023 19:30:10.866047,,,,,55.54003906,,,,,
15/11/2023 19:30:10.866167,,,,,,37.72070313,,,,
15/11/2023 19:30:10.883728,,,1.159615755,1.080771804,,,,,,
15/11/2023 19:30:10.923668,,,1.159615755,1.080771804,,,,,,
15/11/2023 19:30:10.961722,,,1.159615755,1.080771804,,,,,,
15/11/2023 19:30:10.975099,,,1.159615755,1.080771804,,,,,,
15/11/2023 19:30:11.455096,,,1.159615755,1.080771804,,,,,,
15/11/2023 19:30:11.519974,,,1.159615755,1.080771804,,,,,,
15/11/2023 19:30:11.540090,,,1.159615755,1.080771804,,,,,,
15/11/2023 19:30:11.570298,,,1.159615755,1.080771804,,,,,,
15/11/2023 19:30:11.615469,,,1.159615755,1.080771804,,,,,,
15/11/2023 19:30:11.645468,,,1.159615755,1.080771804,,,,,,
15/11/2023 19:30:11.648276,,,1.159615755,1.080771804,,,,,,
15/11/2023 19:30:11.670121,,,1.159615755,1.080771804,,,,,,
15/11/2023 19:30:11.672412,,,,,,,,,,
15/11/2023 19:30:11.696835,,,1.159615755,1.080771804,,,,,,
15/11/2023 19:30:11.720144,,,1.159615755,1.080771804,,,,,,
15/11/2023 19:30:11.722468,76.9697,35.22,,,,,95.6,8.18737152,,
15/11/2023 19:30:11.740354,,,1.159615755,1.080771804,,,,,,
15/11/2023 19:30:11.749780,,,1.159615755,1.080771804,,,,,,
15/11/2023 19:30:11.772923,,,1.159615755,1.080771804,,,,,,
15/11/2023 19:30:11.802430,,,1.159615755,1.080771804,,,,,,
15/11/2023 19:30:11.805122,,,1.159615755,1.080771804,,,,,,
15/11/2023 19:30:11.810255,,,1.159615755,1.080771804,,,,,,
15/11/2023 19:30:11.817908,,,1.159615755,1.080771804,,,,,,
15/11/2023 19:30:11.849171,,,1.159615755,1.080771804,,,,,,
15/11/2023 19:30:11.861155,,,1.159615755,1.080771804,,,,,,
15/11/2023 19:30:11.868416,,,,,19.62207031,,,,,
15/11/2023 19:30:11.868514,,,,,,1.4609375,,,,
15/11/2023 19:30:11.905326,,,1.159615755,1.080771804,,,,,,
15/11/2023 19:30:11.947584,,,1.159615755,1.080771804,,,,,,
15/11/2023 19:30:11.990015,,,1.159615755,1.080771804,,,,,,
15/11/2023 19:30:12.349836,,,1.159615755,1.080771804,,,,,,
15/11/2023 19:30:12.449941,,,1.159615755,1.080771804,,,,,,
15/11/2023 19:30:12.477443,,,1.159615755,1.080771804,,,,,,
15/11/2023 19:30:12.480152,,,1.159615755,1.080771804,,,,,,
15/11/2023 19:30:12.505334,,,1.159615755,1.080771804,,,,,,
15/11/2023 19:30:12.507969,,,1.159615755,1.080771804,,,,,,
15/11/2023 19:30:12.532748,,,1.159615755,1.080771804,,,,,,
15/11/2023 19:30:12.553006,,,1.159615755,1.080771804,,,,,,
15/11/2023 19:30:12.562973,,,1.159615755,1.080771804,,,,,,
15/11/2023 19:30:12.589596,,,,,,,,,,
15/11/2023 19:30:12.613502,,,1.159615755,1.080771804,,,,,,
15/11/2023 19:30:12.616334,,,1.159615755,1.080771804,,,,,,
15/11/2023 19:30:12.627575,,,1.159615755,1.080771804,,,,,,
15/11/2023 19:30:12.665090,,,1.159615755,1.080771804,,,,,,
15/11/2023 19:30:12.677666,,,1.159615755,1.080771804,,,,,,
15/11/2023 19:30:12.704743,,,1.159615755,1.080771804,,,,,,
15/11/2023 19:30:12.717092,,,1.159615755,1.080771804,,,,,,
15/11/2023 19:30:12.733766,,,1.159615755,1.080771804,,,,,,
15/11/2023 19:30:12.735489,76.9697,35.37,,,,,94.4,8.18737152,,
15/11/2023 19:30:12.760037,,,1.159615755,1.080771804,,,,,,
15/11/2023 19:30:12.778721,,,1.159615755,1.080771804,,,,,,
15/11/2023 19:30:12.824695,,,1.159615755,1.080771804,,,,,,
15/11/2023 19:30:12.859499,,,,,21.67382813,,,,,
15/11/2023 19:30:12.861009,,,,,,1.109375,,,,
15/11/2023 19:30:12.863685,,,1.159615755,1.080771804,,,,,,
15/11/2023 19:30:12.907684,,,1.159615755,1.080771804,,,,,,
15/11/2023 19:30:12.955271,,,1.159615755,1.080771804,,,,,,
15/11/2023 19:30:12.997470,,,1.159615755,1.080771804,,,,,,
15/11/2023 19:30:13.374570,,,1.159615755,1.080771804,,,,,,
15/11/2023 19:30:13.457910,,,1.159615755,1.080771804,,,,,,
15/11/2023 19:30:13.477627,,,1.159615755,1.080771804,,,,,,
15/11/2023 19:30:13.495058,,,1.159615755,1.080771804,,,,,,
15/11/2023 19:30:13.517537,,,1.159615755,1.080771804,,,,,,
15/11/2023 19:30:13.525467,,,1.159615755,1.080771804,,,,,,
15/11/2023 19:30:13.540463,,,1.159615755,1.080771804,,,,,,
15/11/2023 19:30:13.559758,,,,,,,,,,
15/11/2023 19:30:13.577906,,,1.159615755,1.080771804,,,,,,
15/11/2023 19:30:13.578953,,,1.159615755,1.080771804,,,,,,
15/11/2023 19:30:13.581130,,,1.159615755,1.080771804,,,,,,
15/11/2023 19:30:13.607769,,,1.159615755,1.080771804,,,,,,
15/11/2023 19:30:13.626070,,,1.159615755,1.080771804,,,,,,
15/11/2023 19:30:13.666592,,,1.159615755,1.080771804,,,,,,
15/11/2023 19:30:13.694237,,,1.159615755,1.080771804,,,,,,
15/11/2023 19:30:13.742763,,,1.159615755,1.080771804,,,,,,
15/11/2023 19:30:13.789924,,,1.159615755,1.080771804,,,,,,
15/11/2023 19:30:13.826465,,,1.159615755,1.080771804,,,,,,
15/11/2023 19:30:13.830359,,,1.159615755,1.080771804,,,,,,
15/11/2023 19:30:13.854980,,,1.159615755,1.080771804,,,,,,
15/11/2023 19:30:13.864998,,,,,20.62304688,,,,,
15/11/2023 19:30:13.867240,,,,,,1.01953125,,,,
15/11/2023 19:30:13.877583,,,1.159615755,1.080771804,,,,,,
15/11/2023 19:30:13.880216,,,1.159615755,1.080771804,,,,,,
15/11/2023 19:30:13.925606,,,1.159615755,1.080771804,,,,,,
15/11/2023 19:30:13.957905,,,1.159615755,1.080771804,,,,,,
15/11/2023 19:30:13.997822,,,1.159615755,1.080771804,,,,,,
15/11/2023 19:30:14.450328,,,1.159615755,1.080771804,,,,,,
15/11/2023 19:30:14.470639,,,1.159615755,1.080771804,,,,,,
15/11/2023 19:30:14.478264,,,1.159615755,1.080771804,,,,,,
15/11/2023 19:30:14.491119,,,1.159615755,1.080771804,,,,,,
15/11/2023 19:30:14.495985,,,1.159615755,1.080771804,,,,,,
15/11/2023 19:30:14.506209,,,1.159615755,1.080771804,,,,,,
15/11/2023 19:30:14.508464,,,1.159615755,1.080771804,,,,,,
15/11/2023 19:30:14.533634,,,1.159615755,1.080771804,,,,,,
15/11/2023 19:30:14.556021,,,,,,,,,,
15/11/2023 19:30:14.574874,,,1.159615755,1.080771804,,,,,,
15/11/2023 19:30:14.583801,,,1.159615755,1.080771804,,,,,,
15/11/2023 19:30:14.596403,,,1.159615755,1.080771804,,,,,,
15/11/2023 19:30:14.621973,,,1.159615755,1.080771804,,,,,,
15/11/2023 19:30:14.645576,,,1.159615755,1.080771804,,,,,,
15/11/2023 19:30:14.682915,,,1.159615755,1.080771804,,,,,,
15/11/2023 19:30:14.717956,,,1.159615755,1.080771804,,,,,,
15/11/2023 19:30:14.753030,,,1.159615755,1.080771804,,,,,,
15/11/2023 19:30:14.792864,,,1.159615755,1.080771804,,,,,,
15/11/2023 19:30:14.800504,,,1.159615755,1.080771804,,,,,,
15/11/2023 19:30:14.837736,,,1.159615755,1.080771804,,,,,,
15/11/2023 19:30:14.853892,,,1.159615755,1.080771804,,,,,,
15/11/2023 19:30:14.862546,,,,,22.49316406,,,,,
15/11/2023 19:30:14.862925,,,,,,1.01953125,,,,
15/11/2023 19:30:14.872826,,,1.159615755,1.080771804,,,,,,
15/11/2023 19:30:14.962924,,,1.159615755,1.080771804,,,,,,
15/11/2023 19:30:14.997592,,,1.159615755,1.080771804,,,,,,
15/11/2023 19:30:15.100447,,,1.159615755,1.080771804,,,,,,
15/11/2023 19:30:15.427960,,,1.159615755,1.080771804,,,,,,
15/11/2023 19:30:15.652857,,,1.159615755,1.080771804,,,,,,
15/11/2023 19:30:15.702648,,,1.159615755,1.080771804,,,,,,
15/11/2023 19:30:15.750546,,,1.159615755,1.080771804,,,,,,
15/11/2023 19:30:15.787916,,,1.159615755,1.080771804,,,,,,
15/11/2023 19:30:15.840017,,,1.159615755,1.080771804,,,,,,
15/11/2023 19:30:15.886413,,,1.159615755,1.080771804,,,,,,
15/11/2023 19:30:15.935138,,,,,,,,,,
15/11/2023 19:30:15.971872,,,1.159615755,1.080771804,,,,,,
15/11/2023 19:30:15.974838,,,1.159615755,1.080771804,,,,,,
15/11/2023 19:30:15.977662,,,1.159615755,1.080771804,,,,,,
15/11/2023 19:30:15.980465,,,1.159615755,1.080771804,,,,,,
15/11/2023 19:30:16.108145,,,1.159615755,1.080771804,,,,,,
15/11/2023 19:30:16.108688,,,,,11.24804688,,,,,
15/11/2023 19:30:16.110122,,,,,,9.8671875,,,,
15/11/2023 19:30:16.112149,,,1.159615755,1.080771804,,,,,,
15/11/2023 19:30:16.147783,,,1.159615755,1.080771804,,,,,,
15/11/2023 19:30:16.175534,,,1.159615755,1.080771804,,,,,,
15/11/2023 19:30:16.178529,,,1.159615755,1.080771804,,,,,,
15/11/2023 19:30:16.215586,,,1.159615755,1.080771804,,,,,,
15/11/2023 19:30:16.220659,,,1.159615755,1.080771804,,,,,,
15/11/2023 19:30:16.275749,,,1.159615755,1.080771804,,,,,,
15/11/2023 19:30:16.457079,,,1.159615755,1.080771804,,,,,,
15/11/2023 19:30:16.706210,,,1.159615755,1.080771804,,,,,,
15/11/2023 19:30:16.750347,,,1.159615755,1.080771804,,,,,,
15/11/2023 19:30:16.763077,,,1.159615755,1.080771804,,,,,,
15/11/2023 19:30:16.770355,,,1.159615755,1.080771804,,,,,,
15/11/2023 19:30:16.790331,,,1.159615755,1.080771804,,,,,,
15/11/2023 19:30:16.797476,,,1.159615755,1.080771804,,,,,,
15/11/2023 19:30:16.810440,,,1.159615755,1.080771804,,,,,,
15/11/2023 19:30:16.813246,,,1.159615755,1.080771804,,,,,,
15/11/2023 19:30:16.814864,,,,,,,,,,
15/11/2023 19:30:16.840353,,,1.159615755,1.080771804,,,,,,
15/11/2023 19:30:16.841447,,,1.159615755,1.080771804,,,,,,
15/11/2023 19:30:16.842493,,,1.159615755,1.080771804,,,,,,
15/11/2023 19:30:16.850424,,,1.159615755,1.080771804,,,,,,
15/11/2023 19:30:16.983081,,,1.159615755,1.080771804,,,,,,
15/11/2023 19:30:16.992309,,,1.159615755,1.080771804,,,,,,
15/11/2023 19:30:17.105442,,,1.159615755,1.080771804,,,,,,
15/11/2023 19:30:17.203931,,,,,23.46875,,,,,
15/11/2023 19:30:17.207937,,,,,,1.28125,,,,
15/11/2023 19:30:17.237123,,,1.159615755,1.080771804,,,,,,
15/11/2023 19:30:17.529902,,,1.159615755,1.080771804,,,,,,
15/11/2023 19:30:17.575772,,,1.159615755,1.080771804,,,,,,
15/11/2023 19:30:17.589865,,,1.159615755,1.080771804,,,,,,
15/11/2023 19:30:17.595311,,,1.159615755,1.080771804,,,,,,
15/11/2023 19:30:17.602990,,,1.159615755,1.080771804,,,,,,
15/11/2023 19:30:17.605387,,,1.159615755,1.080771804,,,,,,
15/11/2023 19:30:17.608147,,,1.159615755,1.080771804,,,,,,
15/11/2023 19:30:17.610757,,,1.159615755,1.080771804,,,,,,
15/11/2023 19:30:17.622865,,,1.159615755,1.080771804,,,,,,
15/11/2023 19:30:17.645125,,,,,,,,,,
15/11/2023 19:30:17.665793,,,1.159615755,1.080771804,,,,,,
15/11/2023 19:30:17.666935,,,1.159615755,1.080771804,,,,,,
15/11/2023 19:30:17.668016,,,1.159615755,1.080771804,,,,,,
15/11/2023 19:30:17.692595,,,1.159615755,1.080771804,,,,,,
15/11/2023 19:30:17.712931,,,1.159615755,1.080771804,,,,,,
15/11/2023 19:30:17.729865,,,1.159615755,1.080771804,,,,,,
15/11/2023 19:30:17.730055,,,1.159615755,1.080771804,,,,,,
15/11/2023 19:30:17.765220,,,1.159615755,1.080771804,,,,,,
15/11/2023 19:30:17.820495,,,1.159615755,1.080771804,,,,,,
15/11/2023 19:30:17.855125,,,1.159615755,1.080771804,,,,,,
15/11/2023 19:30:17.867784,,,,,22.34863281,,,,,
15/11/2023 19:30:17.868174,,,,,,19.05859375,,,,
15/11/2023 19:30:17.873070,,,1.159615755,1.080771804,,,,,,
15/11/2023 19:30:17.900355,,,1.159615755,1.080771804,,,,,,
15/11/2023 19:30:17.922584,,,1.159615755,1.080771804,,,,,,
15/11/2023 19:30:17.985189,,,1.159615755,1.080771804,,,,,,
15/11/2023 19:30:18.100105,,,1.159615755,1.080771804,,,,,,
15/11/2023 19:30:18.130548,,,1.159615755,1.080771804,,,,,,
15/11/2023 19:30:18.603134,,,1.159615755,1.080771804,,,,,,
15/11/2023 19:30:18.687673,,,1.159615755,1.080771804,,,,,,
15/11/2023 19:30:18.707698,,,1.159615755,1.080771804,,,,,,
15/11/2023 19:30:18.722872,,,1.159615755,1.080771804,,,,,,
15/11/2023 19:30:18.725857,,,1.159615755,1.080771804,,,,,,
15/11/2023 19:30:18.742730,,,1.159615755,1.080771804,,,,,,
15/11/2023 19:30:18.745672,,,1.159615755,1.080771804,,,,,,
15/11/2023 19:30:18.777838,,,1.159615755,1.080771804,,,,,,
15/11/2023 19:30:18.810115,,,,,,,,,,
15/11/2023 19:30:18.830126,,,1.159615755,1.080771804,,,,,,
15/11/2023 19:30:18.857604,,,1.159615755,1.080771804,,,,,,
15/11/2023 19:30:18.870292,,,1.159615755,1.080771804,,,,,,
15/11/2023 19:30:18.927612,,,1.159615755,1.080771804,,,,,,
15/11/2023 19:30:18.935084,,,1.159615755,1.080771804,,,,,,
15/11/2023 19:30:18.953013,,,1.159615755,1.080771804,,,,,,
15/11/2023 19:30:18.996201,,,1.159615755,1.080771804,,,,,,
15/11/2023 19:30:19.114003,,,1.159615755,1.080771804,,,,,,
15/11/2023 19:30:19.167830,,,,,41.58984375,,,,,
15/11/2023 19:30:19.169969,,,,,,32.19726563,,,,
15/11/2023 19:30:19.269040,,,1.159615755,1.080771804,,,,,,
15/11/2023 19:30:19.291737,,,1.159615755,1.080771804,,,,,,
15/11/2023 19:30:19.319412,,,1.159615755,1.080771804,,,,,,
15/11/2023 19:30:19.425066,,,1.159615755,1.080771804,,,,,,
15/11/2023 19:30:19.576152,,,1.159615755,1.080771804,,,,,,
15/11/2023 19:30:19.830414,,,1.159615755,1.080771804,,,,,,
15/11/2023 19:30:19.842950,,,1.159615755,1.080771804,,,,,,
15/11/2023 19:30:19.860225,,,1.159615755,1.080771804,,,,,,
15/11/2023 19:30:19.872973,,,1.159615755,1.080771804,,,,,,
15/11/2023 19:30:19.907458,,,1.159615755,1.080771804,,,,,,
15/11/2023 19:30:19.915291,,,1.159615755,1.080771804,,,,,,
15/11/2023 19:30:19.935322,,,1.159615755,1.080771804,,,,,,
15/11/2023 19:30:19.947293,,,,,,,,,,
15/11/2023 19:30:19.973684,,,1.159615755,1.080771804,,,,,,
15/11/2023 19:30:19.975204,,,1.159615755,1.080771804,,,,,,
15/11/2023 19:30:19.976587,,,1.159615755,1.080771804,,,,,,
15/11/2023 19:30:20.128754,,,1.159615755,1.080771804,,,,,,
15/11/2023 19:30:20.200181,,,1.159615755,1.080771804,,,,,,
15/11/2023 19:30:20.211207,,,1.159615755,1.080771804,,,,,,
15/11/2023 19:30:20.386980,,,1.159615755,1.080771804,,,,,,
15/11/2023 19:30:20.408586,,,,,12.86914063,,,,,
15/11/2023 19:30:20.483789,,,,,,0.84765625,,,,
15/11/2023 19:30:20.510563,,,1.159615755,1.080771804,,,,,,
15/11/2023 19:30:20.617890,,,1.159615755,1.080771804,,,,,,
15/11/2023 19:30:20.647550,,,1.159615755,1.080771804,,,,,,
15/11/2023 19:30:20.657604,,,1.159615755,1.080771804,,,,,,
15/11/2023 19:30:20.665392,,,1.159615755,1.080771804,,,,,,
15/11/2023 19:30:20.677435,,,1.159615755,1.080771804,,,,,,
15/11/2023 19:30:20.684723,,,1.159615755,1.080771804,,,,,,
15/11/2023 19:30:20.711717,,,1.159615755,1.080771804,,,,,,
15/11/2023 19:30:20.711888,,,,,,,,,,
15/11/2023 19:30:20.731090,,,1.159615755,1.080771804,,,,,,
15/11/2023 19:30:20.732653,,,1.159615755,1.080771804,,,,,,
15/11/2023 19:30:20.747712,,,1.159615755,1.080771804,,,,,,
15/11/2023 19:30:20.770116,,,1.159615755,1.080771804,,,,,,
15/11/2023 19:30:20.787511,,,1.159615755,1.080771804,,,,,,
15/11/2023 19:30:20.810143,,,1.159615755,1.080771804,,,,,,
15/11/2023 19:30:20.813803,,,1.159615755,1.080771804,,,,,,
15/11/2023 19:30:20.848610,,,1.159615755,1.080771804,,,,,,
15/11/2023 19:30:20.850877,76.9697,35.09,,,,,96.3,8.18737152,,
15/11/2023 19:30:20.853469,,,1.159615755,1.080771804,,,,,,
15/11/2023 19:30:20.871207,,,1.159615755,1.080771804,,,,,,
15/11/2023 19:30:20.905197,,,1.159615755,1.080771804,,,,,,
15/11/2023 19:30:20.906058,,,,,25.40429688,,,,,
15/11/2023 19:30:20.906167,,,,,,1.51171875,,,,
15/11/2023 19:30:20.926235,,,1.159615755,1.080771804,,,,,,
15/11/2023 19:30:20.958681,,,1.159615755,1.080771804,,,,,,
15/11/2023 19:30:20.996017,,,1.159615755,1.080771804,,,,,,
15/11/2023 19:30:21.108628,,,1.159615755,1.080771804,,,,,,
15/11/2023 19:30:21.335896,,,1.159615755,1.080771804,,,,,,
15/11/2023 19:30:21.583694,,,1.159615755,1.080771804,,,,,,
15/11/2023 19:30:21.598713,,,1.159615755,1.080771804,,,,,,
15/11/2023 19:30:21.611130,,,1.159615755,1.080771804,,,,,,
15/11/2023 19:30:21.621043,,,1.159615755,1.080771804,,,,,,
15/11/2023 19:30:21.641150,,,1.159615755,1.080771804,,,,,,
15/11/2023 19:30:21.645959,,,1.159615755,1.080771804,,,,,,
15/11/2023 19:30:21.648421,,,1.159615755,1.080771804,,,,,,
15/11/2023 19:30:21.650875,,,,,,,,,,
15/11/2023 19:30:21.672220,,,1.159615755,1.080771804,,,,,,
15/11/2023 19:30:21.673099,,,1.159615755,1.080771804,,,,,,
15/11/2023 19:30:21.673863,76.9697,35.35,,,,,96,8.18737152,,
15/11/2023 19:30:21.674086,,,1.159615755,1.080771804,,,,,,
15/11/2023 19:30:21.675933,,,1.159615755,1.080771804,,,,,,
15/11/2023 19:30:21.686083,,,1.159615755,1.080771804,,,,,,
15/11/2023 19:30:21.688711,,,1.159615755,1.080771804,,,,,,
15/11/2023 19:30:21.706105,,,1.159615755,1.080771804,,,,,,
15/11/2023 19:30:21.726172,,,1.159615755,1.080771804,,,,,,
15/11/2023 19:30:21.773731,,,1.159615755,1.080771804,,,,,,
15/11/2023 19:30:21.821167,,,1.159615755,1.080771804,,,,,,
15/11/2023 19:30:21.873610,,,1.159615755,1.080771804,,,,,,
15/11/2023 19:30:21.878392,,,,,22.64453125,,,,,
15/11/2023 19:30:21.878492,,,,,,1.2109375,,,,
15/11/2023 19:30:21.913571,,,1.159615755,1.080771804,,,,,,
15/11/2023 19:30:21.938479,,,1.159615755,1.080771804,,,,,,
15/11/2023 19:30:22.486442,,,1.159615755,1.080771804,,,,,,
15/11/2023 19:30:22.494538,,,1.159615755,1.080771804,,,,,,
15/11/2023 19:30:22.521175,,,1.159615755,1.080771804,,,,,,
15/11/2023 19:30:22.538638,,,1.159615755,1.080771804,,,,,,
15/11/2023 19:30:22.556093,,,1.159615755,1.080771804,,,,,,
15/11/2023 19:30:22.598662,,,1.159615755,1.080771804,,,,,,
15/11/2023 19:30:22.600950,,,1.159615755,1.080771804,,,,,,
15/11/2023 19:30:22.643655,,,1.159615755,1.080771804,,,,,,
15/11/2023 19:30:22.655966,,,1.159615755,1.080771804,,,,,,
15/11/2023 19:30:22.658335,,,,,,,,,,
15/11/2023 19:30:22.677541,,,1.159615755,1.080771804,,,,,,
15/11/2023 19:30:22.678407,,,1.159615755,1.080771804,,,,,,
15/11/2023 19:30:22.681055,,,1.159615755,1.080771804,,,,,,
15/11/2023 19:30:22.709729,,,1.159615755,1.080771804,,,,,,
15/11/2023 19:30:22.715063,,,1.159615755,1.080771804,,,,,,
15/11/2023 19:30:22.725334,,,1.159615755,1.080771804,,,,,,
15/11/2023 19:30:22.739727,,,1.159615755,1.080771804,,,,,,
15/11/2023 19:30:22.773818,,,1.159615755,1.080771804,,,,,,
15/11/2023 19:30:22.811656,,,1.159615755,1.080771804,,,,,,
15/11/2023 19:30:22.816577,,,1.159615755,1.080771804,,,,,,
15/11/2023 19:30:22.833383,76.9697,35.56,,,,,95.3,8.18737152,,
15/11/2023 19:30:22.877810,,,1.159615755,1.080771804,,,,,,
15/11/2023 19:30:22.878237,,,,,20.77929688,,,,,
15/11/2023 19:30:22.880482,,,,,,6.80078125,,,,
15/11/2023 19:30:22.935305,,,1.159615755,1.080771804,,,,,,
15/11/2023 19:30:22.977513,,,1.159615755,1.080771804,,,,,,
15/11/2023 19:30:23.500040,,,1.159615755,1.080771804,,,,,,
15/11/2023 19:30:23.530984,,,1.159615755,1.080771804,,,,,,
15/11/2023 19:30:23.580116,,,1.159615755,1.080771804,,,,,,
15/11/2023 19:30:23.611132,,,1.159615755,1.080771804,,,,,,
15/11/2023 19:30:23.658697,,,1.159615755,1.080771804,,,,,,
15/11/2023 19:30:23.670119,,,1.159615755,1.080771804,,,,,,
15/11/2023 19:30:23.700235,,,1.159615755,1.080771804,,,,,,
15/11/2023 19:30:23.702895,,,1.159615755,1.080771804,,,,,,
15/11/2023 19:30:23.710107,,,1.159615755,1.080771804,,,,,,
15/11/2023 19:30:23.717368,,,,,,,,,,
15/11/2023 19:30:23.743473,,,1.159615755,1.080771804,,,,,,
15/11/2023 19:30:23.746332,,,1.159615755,1.080771804,,,,,,
15/11/2023 19:30:23.749017,,,1.159615755,1.080771804,,,,,,
15/11/2023 19:30:23.762617,,,1.159615755,1.080771804,,,,,,
15/11/2023 19:30:23.797577,,,1.159615755,1.080771804,,,,,,
15/11/2023 19:30:23.835200,,,1.159615755,1.080771804,,,,,,
15/11/2023 19:30:23.849994,,,1.159615755,1.080771804,,,,,,
15/11/2023 19:30:23.860141,,,1.159615755,1.080771804,,,,,,
15/11/2023 19:30:23.876291,,,1.159615755,1.080771804,,,,,,
15/11/2023 19:30:23.880283,,,1.159615755,1.080771804,,,,,,
15/11/2023 19:30:23.897617,,,1.159615755,1.080771804,,,,,,
15/11/2023 19:30:23.925452,,,1.159615755,1.080771804,,,,,,
15/11/2023 19:30:23.925888,,,,,,10.0234375,,,,
15/11/2023 19:30:23.928097,,,,,20.65820313,,,,,
15/11/2023 19:30:23.947570,,,1.159615755,1.080771804,,,,,,
15/11/2023 19:30:23.957758,,,1.159615755,1.080771804,,,,,,
15/11/2023 19:30:23.965292,,,1.159615755,1.080771804,,,,,,
15/11/2023 19:30:24.107836,,,1.159615755,1.080771804,,,,,,
15/11/2023 19:30:24.266401,,,1.159615755,1.080771804,,,,,,
15/11/2023 19:30:24.427837,,,1.159615755,1.080771804,,,,,,
15/11/2023 19:30:24.606190,,,1.159615755,1.080771804,,,,,,
15/11/2023 19:30:24.621593,,,1.159615755,1.080771804,,,,,,
15/11/2023 19:30:24.625974,,,1.159615755,1.080771804,,,,,,
15/11/2023 19:30:24.633473,,,1.159615755,1.080771804,,,,,,
15/11/2023 19:30:24.648664,,,1.159615755,1.080771804,,,,,,
15/11/2023 19:30:24.651010,,,1.159615755,1.080771804,,,,,,
15/11/2023 19:30:24.651134,,,,,,,,,,
15/11/2023 19:30:24.672725,,,1.159615755,1.080771804,,,,,,
15/11/2023 19:30:24.673580,,,1.159615755,1.080771804,,,,,,
15/11/2023 19:30:24.688870,,,1.159615755,1.080771804,,,,,,
15/11/2023 19:30:24.716975,,,1.159615755,1.080771804,,,,,,
15/11/2023 19:30:24.737733,,,1.159615755,1.080771804,,,,,,
15/11/2023 19:30:24.740418,,,1.159615755,1.080771804,,,,,,
15/11/2023 19:30:24.760298,,,1.159615755,1.080771804,,,,,,
15/11/2023 19:30:24.782525,,,1.159615755,1.080771804,,,,,,
15/11/2023 19:30:24.810169,,,1.159615755,1.080771804,,,,,,
15/11/2023 19:30:24.857764,,,1.159615755,1.080771804,,,,,,
15/11/2023 19:30:24.882412,,,,,22.36914063,,,,,
15/11/2023 19:30:24.883935,,,,,,1.01953125,,,,
15/11/2023 19:30:24.897263,,,1.159615755,1.080771804,,,,,,
15/11/2023 19:30:24.941508,,,1.159615755,1.080771804,,,,,,
15/11/2023 19:30:24.992528,,,1.159615755,1.080771804,,,,,,
15/11/2023 19:30:25.300414,,,1.159615755,1.080771804,,,,,,
15/11/2023 19:30:25.496227,,,1.159615755,1.080771804,,,,,,
15/11/2023 19:30:25.519121,,,1.159615755,1.080771804,,,,,,
15/11/2023 19:30:25.545334,,,1.159615755,1.080771804,,,,,,
15/11/2023 19:30:25.547969,,,1.159615755,1.080771804,,,,,,
15/11/2023 19:30:25.550584,,,1.159615755,1.080771804,,,,,,
15/11/2023 19:30:25.567850,,,1.159615755,1.080771804,,,,,,
15/11/2023 19:30:25.570504,,,1.159615755,1.080771804,,,,,,
15/11/2023 19:30:25.585184,,,1.159615755,1.080771804,,,,,,
15/11/2023 19:30:25.589596,,,,,,,,,,
15/11/2023 19:30:25.623813,,,1.159615755,1.080771804,,,,,,
15/11/2023 19:30:25.626639,,,1.159615755,1.080771804,,,,,,
15/11/2023 19:30:25.629280,,,1.159615755,1.080771804,,,,,,
15/11/2023 19:30:25.631978,,,1.159615755,1.080771804,,,,,,
15/11/2023 19:30:25.634654,,,1.159615755,1.080771804,,,,,,
15/11/2023 19:30:25.674008,,,1.159615755,1.080771804,,,,,,
15/11/2023 19:30:25.720365,,,1.159615755,1.080771804,,,,,,
15/11/2023 19:30:25.757733,,,1.159615755,1.080771804,,,,,,
15/11/2023 19:30:25.797669,,,1.159615755,1.080771804,,,,,,
15/11/2023 19:30:25.825473,,,1.159615755,1.080771804,,,,,,
15/11/2023 19:30:25.844937,,,1.159615755,1.080771804,,,,,,
15/11/2023 19:30:25.878975,,,,,21.56445313,,,,,
15/11/2023 19:30:25.879113,,,,,,19.00585938,,,,
15/11/2023 19:30:25.888621,,,1.159615755,1.080771804,,,,,,
15/11/2023 19:30:25.932515,,,1.159615755,1.080771804,,,,,,
15/11/2023 19:30:25.992490,,,1.159615755,1.080771804,,,,,,
15/11/2023 19:30:26.100203,,,1.159615755,1.080771804,,,,,,
15/11/2023 19:30:26.137675,,,1.159615755,1.080771804,,,,,,
15/11/2023 19:30:26.599790,,,1.159615755,1.080771804,,,,,,
15/11/2023 19:30:26.630263,,,1.159615755,1.080771804,,,,,,
15/11/2023 19:30:26.652958,,,1.159615755,1.080771804,,,,,,
15/11/2023 19:30:26.675525,,,1.159615755,1.080771804,,,,,,
15/11/2023 19:30:26.678172,,,1.159615755,1.080771804,,,,,,
15/11/2023 19:30:26.697699,,,1.159615755,1.080771804,,,,,,
15/11/2023 19:30:26.700385,,,1.159615755,1.080771804,,,,,,
15/11/2023 19:30:26.722612,,,1.159615755,1.080771804,,,,,,
15/11/2023 19:30:26.723058,,,,,,,,,,
15/11/2023 19:30:26.747629,,,1.159615755,1.080771804,,,,,,
15/11/2023 19:30:26.748770,,,1.159615755,1.080771804,,,,,,
15/11/2023 19:30:26.778683,,,1.159615755,1.080771804,,,,,,
15/11/2023 19:30:26.833644,,,1.159615755,1.080771804,,,,,,
15/11/2023 19:30:26.841178,,,1.159615755,1.080771804,,,,,,
15/11/2023 19:30:26.853671,,,1.159615755,1.080771804,,,,,,
15/11/2023 19:30:26.864318,,,1.159615755,1.080771804,,,,,,
15/11/2023 19:30:26.869394,,,1.159615755,1.080771804,,,,,,
15/11/2023 19:30:26.877203,,,,,,32.46875,,,,
15/11/2023 19:30:26.877508,,,,,47.01464844,,,,,
15/11/2023 19:30:26.889528,,,1.159615755,1.080771804,,,,,,
15/11/2023 19:30:26.934987,,,1.159615755,1.080771804,,,,,,
15/11/2023 19:30:26.978948,,,1.159615755,1.080771804,,,,,,
15/11/2023 19:30:27.110175,,,1.159615755,1.080771804,,,,,,
15/11/2023 19:30:27.212767,,,1.159615755,1.080771804,,,,,,
15/11/2023 19:30:27.605319,,,1.159615755,1.080771804,,,,,,
15/11/2023 19:30:27.614694,,,1.159615755,1.080771804,,,,,,
15/11/2023 19:30:27.647935,,,1.159615755,1.080771804,,,,,,
15/11/2023 19:30:27.654906,,,1.159615755,1.080771804,,,,,,
15/11/2023 19:30:27.684951,,,1.159615755,1.080771804,,,,,,
15/11/2023 19:30:27.712940,,,1.159615755,1.080771804,,,,,,
15/11/2023 19:30:27.713396,,,,,,,,,,
15/11/2023 19:30:27.732944,,,1.159615755,1.080771804,,,,,,
15/11/2023 19:30:27.739433,,,1.159615755,1.080771804,,,,,,
15/11/2023 19:30:27.741450,,,1.159615755,1.080771804,,,,,,
15/11/2023 19:30:27.833069,,,1.159615755,1.080771804,,,,,,
15/11/2023 19:30:27.870232,,,1.159615755,1.080771804,,,,,,
15/11/2023 19:30:27.899298,,,1.159615755,1.080771804,,,,,,
15/11/2023 19:30:27.909968,,,1.159615755,1.080771804,,,,,,
15/11/2023 19:30:27.920316,,,1.159615755,1.080771804,,,,,,
15/11/2023 19:30:27.927214,,,1.159615755,1.080771804,,,,,,
15/11/2023 19:30:27.947608,,,1.159615755,1.080771804,,,,,,
15/11/2023 19:30:27.952232,,,1.159615755,1.080771804,,,,,,
15/11/2023 19:30:27.959688,,,,,15.86132813,,,,,
15/11/2023 19:30:27.961892,,,,,,6.296875,,,,
15/11/2023 19:30:27.969937,,,1.159615755,1.080771804,,,,,,
15/11/2023 19:30:27.989972,,,1.159615755,1.080771804,,,,,,
15/11/2023 19:30:28.274781,,,1.159615755,1.080771804,,,,,,
15/11/2023 19:30:28.532620,,,1.159615755,1.080771804,,,,,,
15/11/2023 19:30:28.619581,,,1.159615755,1.080771804,,,,,,
15/11/2023 19:30:28.637748,,,1.159615755,1.080771804,,,,,,
15/11/2023 19:30:28.640437,,,1.159615755,1.080771804,,,,,,
15/11/2023 19:30:28.647462,,,1.159615755,1.080771804,,,,,,
15/11/2023 19:30:28.677805,,,1.159615755,1.080771804,,,,,,
15/11/2023 19:30:28.680722,,,1.159615755,1.080771804,,,,,,
15/11/2023 19:30:28.692198,,,1.159615755,1.080771804,,,,,,
15/11/2023 19:30:28.705219,,,1.159615755,1.080771804,,,,,,
15/11/2023 19:30:28.722646,,,1.159615755,1.080771804,,,,,,
15/11/2023 19:30:28.723096,,,,,,,,,,
15/11/2023 19:30:28.753320,,,1.159615755,1.080771804,,,,,,
15/11/2023 19:30:28.761560,,,1.159615755,1.080771804,,,,,,
15/11/2023 19:30:28.764534,,,1.159615755,1.080771804,,,,,,
15/11/2023 19:30:28.785294,,,1.159615755,1.080771804,,,,,,
15/11/2023 19:30:28.788054,,,1.159615755,1.080771804,,,,,,
15/11/2023 19:30:28.812886,,,1.159615755,1.080771804,,,,,,
15/11/2023 19:30:28.815563,,,1.159615755,1.080771804,,,,,,
15/11/2023 19:30:28.860178,,,1.159615755,1.080771804,,,,,,
15/11/2023 19:30:28.879899,,,,,23.16601563,,,,,
15/11/2023 19:30:28.880291,,,,,,1.01953125,,,,
15/11/2023 19:30:28.902495,,,1.159615755,1.080771804,,,,,,
15/11/2023 19:30:28.947764,,,1.159615755,1.080771804,,,,,,
15/11/2023 19:30:28.990130,,,1.159615755,1.080771804,,,,,,
15/11/2023 19:30:29.111188,,,1.159615755,1.080771804,,,,,,
15/11/2023 19:30:29.374223,,,1.159615755,1.080771804,,,,,,
15/11/2023 19:30:29.598654,,,1.159615755,1.080771804,,,,,,
15/11/2023 19:30:29.631169,,,1.159615755,1.080771804,,,,,,
15/11/2023 19:30:29.635991,,,1.159615755,1.080771804,,,,,,
15/11/2023 19:30:29.638417,,,1.159615755,1.080771804,,,,,,
15/11/2023 19:30:29.676320,,,1.159615755,1.080771804,,,,,,
15/11/2023 19:30:29.681280,,,1.159615755,1.080771804,,,,,,
15/11/2023 19:30:29.717704,,,1.159615755,1.080771804,,,,,,
15/11/2023 19:30:29.747755,,,1.159615755,1.080771804,,,,,,
15/11/2023 19:30:29.764607,,,,,,,,,,
15/11/2023 19:30:29.796129,,,1.159615755,1.080771804,,,,,,
15/11/2023 19:30:29.798965,,,1.159615755,1.080771804,,,,,,
15/11/2023 19:30:29.847712,,,1.159615755,1.080771804,,,,,,
15/11/2023 19:30:29.867514,,,1.159615755,1.080771804,,,,,,
15/11/2023 19:30:29.874636,,,1.159615755,1.080771804,,,,,,
15/11/2023 19:30:29.912087,,,1.159615755,1.080771804,,,,,,
15/11/2023 19:30:29.923871,,,1.159615755,1.080771804,,,,,,
15/11/2023 19:30:29.924827,,,1.159615755,1.080771804,,,,,,
15/11/2023 19:30:29.925732,,,1.159615755,1.080771804,,,,,,
15/11/2023 19:30:29.926615,,,,,16.47851563,,,,,
15/11/2023 19:30:29.926747,,,,,,1.01953125,,,,
15/11/2023 19:30:29.936005,,,1.159615755,1.080771804,,,,,,
15/11/2023 19:30:29.968680,,,1.159615755,1.080771804,,,,,,
15/11/2023 19:30:30.113660,,,1.159615755,1.080771804,,,,,,
15/11/2023 19:30:30.341437,,,1.159615755,1.080771804,,,,,,
15/11/2023 19:30:30.461649,,,1.159615755,1.080771804,,,,,,
15/11/2023 19:30:30.495223,,,1.159615755,1.080771804,,,,,,
15/11/2023 19:30:30.505234,,,1.159615755,1.080771804,,,,,,
15/11/2023 19:30:30.512743,,,1.159615755,1.080771804,,,,,,
15/11/2023 19:30:30.520261,,,1.159615755,1.080771804,,,,,,
15/11/2023 19:30:30.529740,,,1.159615755,1.080771804,,,,,,
15/11/2023 19:30:30.539711,,,1.159615755,1.080771804,,,,,,
15/11/2023 19:30:30.542282,,,1.159615755,1.080771804,,,,,,
15/11/2023 19:30:30.544569,,,,,,,,,,
15/11/2023 19:30:30.570206,,,1.159615755,1.080771804,,,,,,
15/11/2023 19:30:30.571326,,,1.159615755,1.080771804,,,,,,
15/11/2023 19:30:30.572223,,,1.159615755,1.080771804,,,,,,
15/11/2023 19:30:30.636362,,,1.159615755,1.080771804,,,,,,
15/11/2023 19:30:30.676302,,,1.159615755,1.080771804,,,,,,
15/11/2023 19:30:30.708870,,,1.159615755,1.080771804,,,,,,
15/11/2023 19:30:30.743856,76.9697,35.29,,,,,96.4,8.18737152,,
15/11/2023 19:30:30.757106,,,1.159615755,1.080771804,,,,,,
15/11/2023 19:30:30.786667,,,1.159615755,1.080771804,,,,,,
15/11/2023 19:30:30.805218,,,1.159615755,1.080771804,,,,,,
15/11/2023 19:30:30.860401,,,1.159615755,1.080771804,,,,,,
15/11/2023 19:30:30.889570,,,,,23.27148438,,,,,
15/11/2023 19:30:30.891070,,,,,,1.19921875,,,,
15/11/2023 19:30:30.893162,,,1.159615755,1.080771804,,,,,,
15/11/2023 19:30:30.936305,,,1.159615755,1.080771804,,,,,,
15/11/2023 19:30:30.986192,,,1.159615755,1.080771804,,,,,,
15/11/2023 19:30:31.261319,,,1.159615755,1.080771804,,,,,,
15/11/2023 19:30:31.488650,,,1.159615755,1.080771804,,,,,,
15/11/2023 19:30:31.508694,,,1.159615755,1.080771804,,,,,,
15/11/2023 19:30:31.509502,,,1.159615755,1.080771804,,,,,,
15/11/2023 19:30:31.564349,,,1.159615755,1.080771804,,,,,,
15/11/2023 19:30:31.566370,,,1.159615755,1.080771804,,,,,,
15/11/2023 19:30:31.587696,,,1.159615755,1.080771804,,,,,,
15/11/2023 19:30:31.590304,,,1.159615755,1.080771804,,,,,,
15/11/2023 19:30:31.595009,,,1.159615755,1.080771804,,,,,,
15/11/2023 19:30:31.595365,,,,,,,,,,
15/11/2023 19:30:31.627583,76.9697,34.88,,,,,95.5,8.18737152,,
15/11/2023 19:30:31.629175,,,1.159615755,1.080771804,,,,,,
15/11/2023 19:30:31.631849,,,1.159615755,1.080771804,,,,,,
15/11/2023 19:30:31.634496,,,1.159615755,1.080771804,,,,,,
15/11/2023 19:30:31.637172,,,1.159615755,1.080771804,,,,,,
15/11/2023 19:30:31.652524,,,1.159615755,1.080771804,,,,,,
15/11/2023 19:30:31.662804,,,1.159615755,1.080771804,,,,,,
15/11/2023 19:30:31.719809,,,1.159615755,1.080771804,,,,,,
15/11/2023 19:30:31.731949,,,1.159615755,1.080771804,,,,,,
15/11/2023 19:30:31.765745,,,1.159615755,1.080771804,,,,,,
15/11/2023 19:30:31.782596,,,1.159615755,1.080771804,,,,,,
15/11/2023 19:30:31.828725,,,1.159615755,1.080771804,,,,,,
15/11/2023 19:30:31.886581,,,1.159615755,1.080771804,,,,,,
15/11/2023 19:30:31.886739,,,,,24.24804688,,,,,
15/11/2023 19:30:31.886832,,,,,,10.140625,,,,
15/11/2023 19:30:31.917552,,,1.159615755,1.080771804,,,,,,
15/11/2023 19:30:31.950092,,,1.159615755,1.080771804,,,,,,
15/11/2023 19:30:32.179469,,,1.159615755,1.080771804,,,,,,
15/11/2023 19:30:32.404038,,,1.159615755,1.080771804,,,,,,
15/11/2023 19:30:32.592870,,,1.159615755,1.080771804,,,,,,
15/11/2023 19:30:32.612464,,,1.159615755,1.080771804,,,,,,
15/11/2023 19:30:32.622203,,,1.159615755,1.080771804,,,,,,
15/11/2023 19:30:32.632208,,,1.159615755,1.080771804,,,,,,
15/11/2023 19:30:32.644020,,,1.159615755,1.080771804,,,,,,
15/11/2023 19:30:32.663713,,,1.159615755,1.080771804,,,,,,
15/11/2023 19:30:32.678675,,,1.159615755,1.080771804,,,,,,
15/11/2023 19:30:32.700961,,,,,,,,,,
15/11/2023 19:30:32.725452,,,1.159615755,1.080771804,,,,,,
15/11/2023 19:30:32.726317,,,1.159615755,1.080771804,,,,,,
15/11/2023 19:30:32.736413,,,1.159615755,1.080771804,,,,,,
15/11/2023 19:30:32.780346,,,1.159615755,1.080771804,,,,,,
15/11/2023 19:30:32.789828,,,1.159615755,1.080771804,,,,,,
15/11/2023 19:30:32.820360,,,1.159615755,1.080771804,,,,,,
15/11/2023 19:30:32.826995,,,1.159615755,1.080771804,,,,,,
15/11/2023 19:30:32.835447,,,1.159615755,1.080771804,,,,,,
15/11/2023 19:30:32.857616,,,1.159615755,1.080771804,,,,,,
15/11/2023 19:30:32.867162,,,1.159615755,1.080771804,,,,,,
15/11/2023 19:30:32.891283,,,1.159615755,1.080771804,,,,,,
15/11/2023 19:30:32.896375,76.9697,35.05,,,,,98.1,8.18737152,,
15/11/2023 19:30:32.904515,,,1.159615755,1.080771804,,,,,,
15/11/2023 19:30:32.911082,,,,,19.98828125,,,,,
15/11/2023 19:30:32.911216,,,,,,1.109375,,,,
15/11/2023 19:30:32.923644,,,1.159615755,1.080771804,,,,,,
15/11/2023 19:30:32.964266,,,1.159615755,1.080771804,,,,,,
15/11/2023 19:30:33.267744,,,1.159615755,1.080771804,,,,,,
15/11/2023 19:30:33.427696,,,1.159615755,1.080771804,,,,,,
15/11/2023 19:30:33.551774,,,1.159615755,1.080771804,,,,,,
15/11/2023 19:30:33.558824,,,1.159615755,1.080771804,,,,,,
15/11/2023 19:30:33.582476,,,1.159615755,1.080771804,,,,,,
15/11/2023 19:30:33.616139,,,1.159615755,1.080771804,,,,,,
15/11/2023 19:30:33.618451,,,1.159615755,1.080771804,,,,,,
15/11/2023 19:30:33.633696,,,1.159615755,1.080771804,,,,,,
15/11/2023 19:30:33.666635,,,1.159615755,1.080771804,,,,,,
15/11/2023 19:30:33.668945,,,,,,,,,,
15/11/2023 19:30:33.688962,,,1.159615755,1.080771804,,,,,,
15/11/2023 19:30:33.690807,,,1.159615755,1.080771804,,,,,,
15/11/2023 19:30:33.707788,,,1.159615755,1.080771804,,,,,,
15/11/2023 19:30:33.740671,,,1.159615755,1.080771804,,,,,,
15/11/2023 19:30:33.758687,,,1.159615755,1.080771804,,,,,,
15/11/2023 19:30:33.777771,,,1.159615755,1.080771804,,,,,,
15/11/2023 19:30:33.800237,,,1.159615755,1.080771804,,,,,,
15/11/2023 19:30:33.802886,,,1.159615755,1.080771804,,,,,,
15/11/2023 19:30:33.835385,,,1.159615755,1.080771804,,,,,,
15/11/2023 19:30:33.852011,,,1.159615755,1.080771804,,,,,,
15/11/2023 19:30:33.880371,,,1.159615755,1.080771804,,,,,,
15/11/2023 19:30:33.884583,,,,,,18.87890625,,,,
15/11/2023 19:30:33.886058,,,,,21.53320313,,,,,
15/11/2023 19:30:33.927769,,,1.159615755,1.080771804,,,,,,
15/11/2023 19:30:33.972545,,,1.159615755,1.080771804,,,,,,
15/11/2023 19:30:34.107867,,,1.159615755,1.080771804,,,,,,
15/11/2023 19:30:34.519989,,,1.159615755,1.080771804,,,,,,
15/11/2023 19:30:34.527166,,,1.159615755,1.080771804,,,,,,
15/11/2023 19:30:34.553804,,,1.159615755,1.080771804,,,,,,
15/11/2023 19:30:34.555954,,,1.159615755,1.080771804,,,,,,
15/11/2023 19:30:34.578727,,,1.159615755,1.080771804,,,,,,
15/11/2023 19:30:34.606469,,,1.159615755,1.080771804,,,,,,
15/11/2023 19:30:34.611862,,,1.159615755,1.080771804,,,,,,
15/11/2023 19:30:34.630140,,,1.159615755,1.080771804,,,,,,
15/11/2023 19:30:34.632540,,,,,,,,,,
15/11/2023 19:30:34.666369,,,1.159615755,1.080771804,,,,,,
15/11/2023 19:30:34.682424,,,1.159615755,1.080771804,,,,,,
15/11/2023 19:30:34.689741,,,1.159615755,1.080771804,,,,,,
15/11/2023 19:30:34.710031,,,1.159615755,1.080771804,,,,,,
15/11/2023 19:30:34.712783,,,1.159615755,1.080771804,,,,,,
15/11/2023 19:30:34.722184,,,1.159615755,1.080771804,,,,,,
15/11/2023 19:30:34.724817,,,1.159615755,1.080771804,,,,,,
15/11/2023 19:30:34.751265,,,1.159615755,1.080771804,,,,,,
15/11/2023 19:30:34.761160,,,1.159615755,1.080771804,,,,,,
15/11/2023 19:30:34.796174,,,1.159615755,1.080771804,,,,,,
15/11/2023 19:30:34.842730,,,1.159615755,1.080771804,,,,,,
15/11/2023 19:30:34.877600,,,1.159615755,1.080771804,,,,,,
15/11/2023 19:30:34.882532,,,1.159615755,1.080771804,,,,,,
15/11/2023 19:30:34.887204,,,,,48.95898438,,,,,
15/11/2023 19:30:34.887592,,,,,,32.14453125,,,,
15/11/2023 19:30:34.925405,,,1.159615755,1.080771804,,,,,,
15/11/2023 19:30:34.970391,,,1.159615755,1.080771804,,,,,,
15/11/2023 19:30:35.112728,,,1.159615755,1.080771804,,,,,,
15/11/2023 19:30:35.175456,,,1.159615755,1.080771804,,,,,,
15/11/2023 19:30:35.640236,,,1.159615755,1.080771804,,,,,,
15/11/2023 19:30:35.682505,,,1.159615755,1.080771804,,,,,,
15/11/2023 19:30:35.685149,,,1.159615755,1.080771804,,,,,,
15/11/2023 19:30:35.703353,,,1.159615755,1.080771804,,,,,,
15/11/2023 19:30:35.712891,,,1.159615755,1.080771804,,,,,,
15/11/2023 19:30:35.722828,,,1.159615755,1.080771804,,,,,,
15/11/2023 19:30:35.747585,,,1.159615755,1.080771804,,,,,,
15/11/2023 19:30:35.754861,,,1.159615755,1.080771804,,,,,,
15/11/2023 19:30:35.757174,,,,,,,,,,
15/11/2023 19:30:35.793671,,,1.159615755,1.080771804,,,,,,
15/11/2023 19:30:35.807516,,,1.159615755,1.080771804,,,,,,
15/11/2023 19:30:35.822532,,,1.159615755,1.080771804,,,,,,
15/11/2023 19:30:35.837244,,,1.159615755,1.080771804,,,,,,
15/11/2023 19:30:35.849787,,,1.159615755,1.080771804,,,,,,
15/11/2023 19:30:35.866108,,,1.159615755,1.080771804,,,,,,
15/11/2023 19:30:35.873669,,,1.159615755,1.080771804,,,,,,
15/11/2023 19:30:35.886514,,,1.159615755,1.080771804,,,,,,
15/11/2023 19:30:35.886751,,,,,21.45117188,,,,,
15/11/2023 19:30:35.888025,,,,,,2.112304688,,,,
15/11/2023 19:30:35.917843,,,1.159615755,1.080771804,,,,,,
15/11/2023 19:30:35.974187,,,1.159615755,1.080771804,,,,,,
15/11/2023 19:30:36.111976,,,1.159615755,1.080771804,,,,,,
15/11/2023 19:30:36.587704,,,1.159615755,1.080771804,,,,,,
15/11/2023 19:30:36.611599,,,1.159615755,1.080771804,,,,,,
15/11/2023 19:30:36.620541,,,1.159615755,1.080771804,,,,,,
15/11/2023 19:30:36.625505,,,1.159615755,1.080771804,,,,,,
15/11/2023 19:30:36.647750,,,1.159615755,1.080771804,,,,,,
15/11/2023 19:30:36.650717,,,1.159615755,1.080771804,,,,,,
15/11/2023 19:30:36.670383,,,1.159615755,1.080771804,,,,,,
15/11/2023 19:30:36.674879,,,1.159615755,1.080771804,,,,,,
15/11/2023 19:30:36.707898,,,1.159615755,1.080771804,,,,,,
15/11/2023 19:30:36.708344,,,,,,,,,,
15/11/2023 19:30:36.741251,,,1.159615755,1.080771804,,,,,,
15/11/2023 19:30:36.744129,,,1.159615755,1.080771804,,,,,,
15/11/2023 19:30:36.772886,,,1.159615755,1.080771804,,,,,,
15/11/2023 19:30:36.837662,,,1.159615755,1.080771804,,,,,,
15/11/2023 19:30:36.850438,,,1.159615755,1.080771804,,,,,,
15/11/2023 19:30:36.853411,,,1.159615755,1.080771804,,,,,,
15/11/2023 19:30:36.862718,,,1.159615755,1.080771804,,,,,,
15/11/2023 19:30:36.867196,,,1.159615755,1.080771804,,,,,,
15/11/2023 19:30:36.887502,,,1.159615755,1.080771804,,,,,,
15/11/2023 19:30:36.897829,,,1.159615755,1.080771804,,,,,,
15/11/2023 19:30:36.917737,,,1.159615755,1.080771804,,,,,,
15/11/2023 19:30:36.920182,,,,,19.05664063,,,,,
15/11/2023 19:30:36.920542,,,,,,1.01953125,,,,
15/11/2023 19:30:36.934768,,,1.159615755,1.080771804,,,,,,
15/11/2023 19:30:36.967447,,,1.159615755,1.080771804,,,,,,
15/11/2023 19:30:37.100093,,,1.159615755,1.080771804,,,,,,
15/11/2023 19:30:37.564602,,,1.159615755,1.080771804,,,,,,
15/11/2023 19:30:37.598725,,,1.159615755,1.080771804,,,,,,
15/11/2023 19:30:37.621024,,,1.159615755,1.080771804,,,,,,
15/11/2023 19:30:37.656129,,,1.159615755,1.080771804,,,,,,
15/11/2023 19:30:37.676054,,,1.159615755,1.080771804,,,,,,
15/11/2023 19:30:37.680968,,,1.159615755,1.080771804,,,,,,
15/11/2023 19:30:37.696090,,,1.159615755,1.080771804,,,,,,
15/11/2023 19:30:37.723526,,,1.159615755,1.080771804,,,,,,
15/11/2023 19:30:37.725872,,,,,,,,,,
15/11/2023 19:30:37.744660,,,1.159615755,1.080771804,,,,,,
15/11/2023 19:30:37.758508,,,1.159615755,1.080771804,,,,,,
15/11/2023 19:30:37.778478,,,1.159615755,1.080771804,,,,,,
15/11/2023 19:30:37.798470,,,1.159615755,1.080771804,,,,,,
15/11/2023 19:30:37.818478,,,1.159615755,1.080771804,,,,,,
15/11/2023 19:30:37.838474,,,1.159615755,1.080771804,,,,,,
15/11/2023 19:30:37.840896,,,1.159615755,1.080771804,,,,,,
15/11/2023 19:30:37.848415,,,1.159615755,1.080771804,,,,,,
15/11/2023 19:30:37.853457,,,1.159615755,1.080771804,,,,,,
15/11/2023 19:30:37.866304,,,1.159615755,1.080771804,,,,,,
15/11/2023 19:30:37.906043,,,1.159615755,1.080771804,,,,,,
15/11/2023 19:30:37.908345,,,,,20.65234375,,,,,
15/11/2023 19:30:37.908444,,,,,,1.01953125,,,,
15/11/2023 19:30:37.951118,,,1.159615755,1.080771804,,,,,,
15/11/2023 19:30:37.988681,,,1.159615755,1.080771804,,,,,,
15/11/2023 19:30:38.121222,,,1.159615755,1.080771804,,,,,,
15/11/2023 19:30:38.260755,,,1.159615755,1.080771804,,,,,,
15/11/2023 19:30:38.856236,,,1.159615755,1.080771804,,,,,,
15/11/2023 19:30:38.861799,,,1.159615755,1.080771804,,,,,,
15/11/2023 19:30:38.896109,,,1.159615755,1.080771804,,,,,,
15/11/2023 19:30:38.936243,,,1.159615755,1.080771804,,,,,,
15/11/2023 19:30:38.966211,,,1.159615755,1.080771804,,,,,,
15/11/2023 19:30:38.983642,,,1.159615755,1.080771804,,,,,,
15/11/2023 19:30:39.113739,,,1.159615755,1.080771804,,,,,,
15/11/2023 19:30:39.115920,,,,,7.071289063,,,,,
15/11/2023 19:30:39.116016,,,,,,0.84765625,,,,
15/11/2023 19:30:39.128487,,,1.159615755,1.080771804,,,,,,
15/11/2023 19:30:39.129276,,,1.159615755,1.080771804,,,,,,
15/11/2023 19:30:39.143525,,,1.159615755,1.080771804,,,,,,
15/11/2023 19:30:39.161091,,,1.159615755,1.080771804,,,,,,
15/11/2023 19:30:39.163488,,,1.159615755,1.080771804,,,,,,
15/11/2023 19:30:39.175961,,,1.159615755,1.080771804,,,,,,
15/11/2023 19:30:39.287045,,,1.159615755,1.080771804,,,,,,
15/11/2023 19:30:39.288506,,,,,,,,,,
15/11/2023 19:30:39.473400,,,1.159615755,1.080771804,,,,,,
15/11/2023 19:30:39.537112,,,1.159615755,1.080771804,,,,,,
15/11/2023 19:30:39.582494,,,1.159615755,1.080771804,,,,,,
15/11/2023 19:30:39.597818,,,1.159615755,1.080771804,,,,,,
15/11/2023 19:30:39.607853,,,1.159615755,1.080771804,,,,,,
15/11/2023 19:30:39.625387,,,1.159615755,1.080771804,,,,,,
15/11/2023 19:30:39.649895,,,1.159615755,1.080771804,,,,,,
15/11/2023 19:30:39.652565,,,1.159615755,1.080771804,,,,,,
15/11/2023 19:30:39.662697,,,1.159615755,1.080771804,,,,,,
15/11/2023 19:30:39.672412,,,,,,,,,,
15/11/2023 19:30:39.708969,,,1.159615755,1.080771804,,,,,,
15/11/2023 19:30:39.711759,,,1.159615755,1.080771804,,,,,,
15/11/2023 19:30:39.711802,,,1.159615755,1.080771804,,,,,,
15/11/2023 19:30:39.714495,,,1.159615755,1.080771804,,,,,,
15/11/2023 19:30:39.717332,,,1.159615755,1.080771804,,,,,,
15/11/2023 19:30:39.720006,,,1.159615755,1.080771804,,,,,,
15/11/2023 19:30:39.722604,,,1.159615755,1.080771804,,,,,,
15/11/2023 19:30:39.745196,,,1.159615755,1.080771804,,,,,,
15/11/2023 19:30:39.795308,,,1.159615755,1.080771804,,,,,,
15/11/2023 19:30:39.797971,,,1.159615755,1.080771804,,,,,,
15/11/2023 19:30:39.839900,,,1.159615755,1.080771804,,,,,,
15/11/2023 19:30:39.862161,,,1.159615755,1.080771804,,,,,,
15/11/2023 19:30:39.880249,,,1.159615755,1.080771804,,,,,,
15/11/2023 19:30:39.919986,,,,,,15.79296875,,,,
15/11/2023 19:30:39.921473,,,,,32.35839844,,,,,
15/11/2023 19:30:39.928513,,,1.159615755,1.080771804,,,,,,
15/11/2023 19:30:39.963715,,,1.159615755,1.080771804,,,,,,
15/11/2023 19:30:40.100229,,,1.159615755,1.080771804,,,,,,
15/11/2023 19:30:40.415479,,,1.159615755,1.080771804,,,,,,
15/11/2023 19:30:40.476004,,,1.159615755,1.080771804,,,,,,
15/11/2023 19:30:40.492917,,,1.159615755,1.080771804,,,,,,
15/11/2023 19:30:40.512966,,,1.159615755,1.080771804,,,,,,
15/11/2023 19:30:40.537566,,,1.159615755,1.080771804,,,,,,
15/11/2023 19:30:40.557755,,,1.159615755,1.080771804,,,,,,
15/11/2023 19:30:40.577612,,,1.159615755,1.080771804,,,,,,
15/11/2023 19:30:40.600498,,,1.159615755,1.080771804,,,,,,
15/11/2023 19:30:40.600958,,,,,,,,,,
15/11/2023 19:30:40.626249,,,1.159615755,1.080771804,,,,,,
15/11/2023 19:30:40.627557,,,1.159615755,1.080771804,,,,,,
15/11/2023 19:30:40.628782,,,1.159615755,1.080771804,,,,,,
15/11/2023 19:30:40.630142,,,1.159615755,1.080771804,,,,,,
15/11/2023 19:30:40.634109,,,1.159615755,1.080771804,,,,,,
15/11/2023 19:30:40.680023,,,1.159615755,1.080771804,,,,,,
15/11/2023 19:30:40.725055,,,1.159615755,1.080771804,,,,,,
15/11/2023 19:30:40.749701,76.9697,34.79,,,,,96.7,8.18737152,,
15/11/2023 19:30:40.770118,,,1.159615755,1.080771804,,,,,,
15/11/2023 19:30:40.810189,,,1.159615755,1.080771804,,,,,,
15/11/2023 19:30:40.857642,,,1.159615755,1.080771804,,,,,,
15/11/2023 19:30:40.904762,,,,,19.21679688,,,,,
15/11/2023 19:30:40.905145,,,,,,1.109375,,,,
15/11/2023 19:30:40.909720,,,1.159615755,1.080771804,,,,,,
15/11/2023 19:30:40.942839,,,1.159615755,1.080771804,,,,,,
15/11/2023 19:30:40.988960,,,1.159615755,1.080771804,,,,,,
15/11/2023 19:30:41.327512,,,1.159615755,1.080771804,,,,,,
15/11/2023 19:30:41.470393,,,1.159615755,1.080771804,,,,,,
15/11/2023 19:30:41.502640,,,1.159615755,1.080771804,,,,,,
15/11/2023 19:30:41.527480,,,1.159615755,1.080771804,,,,,,
15/11/2023 19:30:41.554957,,,1.159615755,1.080771804,,,,,,
15/11/2023 19:30:41.557658,,,1.159615755,1.080771804,,,,,,
15/11/2023 19:30:41.567916,,,1.159615755,1.080771804,,,,,,
15/11/2023 19:30:41.575119,,,1.159615755,1.080771804,,,,,,
15/11/2023 19:30:41.600174,,,1.159615755,1.080771804,,,,,,
15/11/2023 19:30:41.610189,,,1.159615755,1.080771804,,,,,,
15/11/2023 19:30:41.612542,,,,,,,,,,
15/11/2023 19:30:41.635503,,,1.159615755,1.080771804,,,,,,
15/11/2023 19:30:41.636481,,,1.159615755,1.080771804,,,,,,
15/11/2023 19:30:41.667706,,,1.159615755,1.080771804,,,,,,
15/11/2023 19:30:41.669794,76.9697,34.79,,,,,94.6,8.18737152,,
15/11/2023 19:30:41.680351,,,1.159615755,1.080771804,,,,,,
15/11/2023 19:30:41.683040,,,1.159615755,1.080771804,,,,,,
15/11/2023 19:30:41.702567,,,1.159615755,1.080771804,,,,,,
15/11/2023 19:30:41.730274,,,1.159615755,1.080771804,,,,,,
15/11/2023 19:30:41.775646,,,1.159615755,1.080771804,,,,,,
15/11/2023 19:30:41.783714,,,1.159615755,1.080771804,,,,,,
15/11/2023 19:30:41.823725,,,1.159615755,1.080771804,,,,,,
15/11/2023 19:30:41.867041,,,1.159615755,1.080771804,,,,,,
15/11/2023 19:30:41.904955,,,,,23.69628906,,,,,
15/11/2023 19:30:41.907170,,,,,,19.34375,,,,
15/11/2023 19:30:41.917717,,,1.159615755,1.080771804,,,,,,
15/11/2023 19:30:41.957735,,,1.159615755,1.080771804,,,,,,
15/11/2023 19:30:42.102447,,,1.159615755,1.080771804,,,,,,
15/11/2023 19:30:42.124564,76.9697,34.98,,,,,95.7,8.18737152,,
15/11/2023 19:30:42.376283,,,1.159615755,1.080771804,,,,,,
15/11/2023 19:30:42.417818,,,1.159615755,1.080771804,,,,,,
15/11/2023 19:30:42.540453,,,1.159615755,1.080771804,,,,,,
15/11/2023 19:30:42.543026,,,1.159615755,1.080771804,,,,,,
15/11/2023 19:30:42.570056,,,1.159615755,1.080771804,,,,,,
15/11/2023 19:30:42.580086,,,1.159615755,1.080771804,,,,,,
15/11/2023 19:30:42.597642,,,1.159615755,1.080771804,,,,,,
15/11/2023 19:30:42.617440,,,1.159615755,1.080771804,,,,,,
15/11/2023 19:30:42.637507,,,1.159615755,1.080771804,,,,,,
15/11/2023 19:30:42.675951,,,,,,,,,,
15/11/2023 19:30:42.697232,,,1.159615755,1.080771804,,,,,,
15/11/2023 19:30:42.698093,,,1.159615755,1.080771804,,,,,,
15/11/2023 19:30:42.698890,,,1.159615755,1.080771804,,,,,,
15/11/2023 19:30:42.699663,,,1.159615755,1.080771804,,,,,,
15/11/2023 19:30:42.700462,,,1.159615755,1.080771804,,,,,,
15/11/2023 19:30:42.716246,,,1.159615755,1.080771804,,,,,,
15/11/2023 19:30:42.717062,,,1.159615755,1.080771804,,,,,,
15/11/2023 19:30:42.751717,,,1.159615755,1.080771804,,,,,,
15/11/2023 19:30:42.832947,,,1.159615755,1.080771804,,,,,,
15/11/2023 19:30:42.885219,,,1.159615755,1.080771804,,,,,,
15/11/2023 19:30:42.897595,,,,,48.26660156,,,,,
15/11/2023 19:30:42.897969,,,,,,32.32421875,,,,
15/11/2023 19:30:42.953768,,,1.159615755,1.080771804,,,,,,
15/11/2023 19:30:42.955072,,,1.159615755,1.080771804,,,,,,
15/11/2023 19:30:42.970277,,,1.159615755,1.080771804,,,,,,
15/11/2023 19:30:43.102685,,,1.159615755,1.080771804,,,,,,
15/11/2023 19:30:43.254249,,,1.159615755,1.080771804,,,,,,
15/11/2023 19:30:43.537659,,,1.159615755,1.080771804,,,,,,
15/11/2023 19:30:43.592520,,,1.159615755,1.080771804,,,,,,
15/11/2023 19:30:43.603480,,,1.159615755,1.080771804,,,,,,
15/11/2023 19:30:43.633698,,,1.159615755,1.080771804,,,,,,
15/11/2023 19:30:43.652297,,,1.159615755,1.080771804,,,,,,
15/11/2023 19:30:43.657247,,,1.159615755,1.080771804,,,,,,
15/11/2023 19:30:43.665302,,,1.159615755,1.080771804,,,,,,
15/11/2023 19:30:43.665823,,,,,,,,,,
15/11/2023 19:30:43.690196,,,1.159615755,1.080771804,,,,,,
15/11/2023 19:30:43.691333,,,1.159615755,1.080771804,,,,,,
15/11/2023 19:30:43.692382,,,1.159615755,1.080771804,,,,,,
15/11/2023 19:30:43.693467,,,1.159615755,1.080771804,,,,,,
15/11/2023 19:30:43.704378,,,1.159615755,1.080771804,,,,,,
15/11/2023 19:30:43.725116,,,1.159615755,1.080771804,,,,,,
15/11/2023 19:30:43.742701,,,1.159615755,1.080771804,,,,,,
15/11/2023 19:30:43.775175,,,1.159615755,1.080771804,,,,,,
15/11/2023 19:30:43.802510,,,1.159615755,1.080771804,,,,,,
15/11/2023 19:30:43.803945,,,1.159615755,1.080771804,,,,,,
15/11/2023 19:30:43.842531,,,1.159615755,1.080771804,,,,,,
15/11/2023 19:30:43.895524,,,1.159615755,1.080771804,,,,,,
15/11/2023 19:30:43.900034,,,,,20.69140625,,,,,
15/11/2023 19:30:43.900415,,,,,,1.01953125,,,,
15/11/2023 19:30:43.937951,,,1.159615755,1.080771804,,,,,,
15/11/2023 19:30:43.989966,,,1.159615755,1.080771804,,,,,,
15/11/2023 19:30:44.125587,,,1.159615755,1.080771804,,,,,,
15/11/2023 19:30:44.226964,,,1.159615755,1.080771804,,,,,,
15/11/2023 19:30:44.531294,,,1.159615755,1.080771804,,,,,,
15/11/2023 19:30:44.543777,,,1.159615755,1.080771804,,,,,,
15/11/2023 19:30:44.552197,,,1.159615755,1.080771804,,,,,,
15/11/2023 19:30:44.557345,,,1.159615755,1.080771804,,,,,,
15/11/2023 19:30:44.562219,,,1.159615755,1.080771804,,,,,,
15/11/2023 19:30:44.575184,,,1.159615755,1.080771804,,,,,,
15/11/2023 19:30:44.577865,,,1.159615755,1.080771804,,,,,,
15/11/2023 19:30:44.580193,,,,,,,,,,
15/11/2023 19:30:44.606144,,,1.159615755,1.080771804,,,,,,
15/11/2023 19:30:44.607741,,,1.159615755,1.080771804,,,,,,
15/11/2023 19:30:44.609132,,,1.159615755,1.080771804,,,,,,
15/11/2023 19:30:44.610774,,,1.159615755,1.080771804,,,,,,
15/11/2023 19:30:44.622821,,,1.159615755,1.080771804,,,,,,
15/11/2023 19:30:44.667944,,,1.159615755,1.080771804,,,,,,
15/11/2023 19:30:44.701462,,,1.159615755,1.080771804,,,,,,
15/11/2023 19:30:44.710194,,,1.159615755,1.080771804,,,,,,
15/11/2023 19:30:44.757766,,,1.159615755,1.080771804,,,,,,
15/11/2023 19:30:44.812776,,,1.159615755,1.080771804,,,,,,
15/11/2023 19:30:44.847826,,,1.159615755,1.080771804,,,,,,
15/11/2023 19:30:44.901272,,,1.159615755,1.080771804,,,,,,
15/11/2023 19:30:44.901412,,,,,20.87207031,,,,,
15/11/2023 19:30:44.901498,,,,,,6.23046875,,,,
15/11/2023 19:30:44.938733,,,1.159615755,1.080771804,,,,,,
15/11/2023 19:30:44.988868,,,1.159615755,1.080771804,,,,,,
15/11/2023 19:30:45.106884,,,1.159615755,1.080771804,,,,,,
15/11/2023 19:30:45.227596,,,1.159615755,1.080771804,,,,,,
15/11/2023 19:30:45.524688,,,1.159615755,1.080771804,,,,,,
15/11/2023 19:30:45.550024,,,1.159615755,1.080771804,,,,,,
15/11/2023 19:30:45.562735,,,1.159615755,1.080771804,,,,,,
15/11/2023 19:30:45.570245,,,1.159615755,1.080771804,,,,,,
15/11/2023 19:30:45.574932,,,1.159615755,1.080771804,,,,,,
15/11/2023 19:30:45.577580,,,1.159615755,1.080771804,,,,,,
15/11/2023 19:30:45.580311,,,1.159615755,1.080771804,,,,,,
15/11/2023 19:30:45.580727,,,,,,,,,,
15/11/2023 19:30:45.614080,,,1.159615755,1.080771804,,,,,,
15/11/2023 19:30:45.616992,,,1.159615755,1.080771804,,,,,,
15/11/2023 19:30:45.619638,,,1.159615755,1.080771804,,,,,,
15/11/2023 19:30:45.622297,,,1.159615755,1.080771804,,,,,,
15/11/2023 19:30:45.625000,,,1.159615755,1.080771804,,,,,,
15/11/2023 19:30:45.629897,,,1.159615755,1.080771804,,,,,,
15/11/2023 19:30:45.670274,,,1.159615755,1.080771804,,,,,,
15/11/2023 19:30:45.715365,,,1.159615755,1.080771804,,,,,,
15/11/2023 19:30:45.724555,,,1.159615755,1.080771804,,,,,,
15/11/2023 19:30:45.757995,,,1.159615755,1.080771804,,,,,,
15/11/2023 19:30:45.802795,,,1.159615755,1.080771804,,,,,,
15/11/2023 19:30:45.844965,,,1.159615755,1.080771804,,,,,,
15/11/2023 19:30:45.891576,,,1.159615755,1.080771804,,,,,,
15/11/2023 19:30:45.925081,,,,,21.50195313,,,,,
15/11/2023 19:30:45.926585,,,,,,1.124023438,,,,
15/11/2023 19:30:45.937627,,,1.159615755,1.080771804,,,,,,
15/11/2023 19:30:45.982607,,,1.159615755,1.080771804,,,,,,
15/11/2023 19:30:46.122810,,,1.159615755,1.080771804,,,,,,
15/11/2023 19:30:46.300705,,,1.159615755,1.080771804,,,,,,
15/11/2023 19:30:46.555320,,,1.159615755,1.080771804,,,,,,
15/11/2023 19:30:46.585172,,,1.159615755,1.080771804,,,,,,
15/11/2023 19:30:46.592202,,,1.159615755,1.080771804,,,,,,
15/11/2023 19:30:46.605135,,,1.159615755,1.080771804,,,,,,
15/11/2023 19:30:46.650293,,,1.159615755,1.080771804,,,,,,
15/11/2023 19:30:46.668138,,,1.159615755,1.080771804,,,,,,
15/11/2023 19:30:46.669960,,,,,,,,,,
15/11/2023 19:30:46.702935,,,1.159615755,1.080771804,,,,,,
15/11/2023 19:30:46.705513,,,1.159615755,1.080771804,,,,,,
15/11/2023 19:30:46.720593,,,1.159615755,1.080771804,,,,,,
15/11/2023 19:30:46.733036,,,1.159615755,1.080771804,,,,,,
15/11/2023 19:30:46.745121,,,1.159615755,1.080771804,,,,,,
15/11/2023 19:30:46.747869,,,1.159615755,1.080771804,,,,,,
15/11/2023 19:30:46.754658,,,1.159615755,1.080771804,,,,,,
15/11/2023 19:30:46.760205,,,1.159615755,1.080771804,,,,,,
15/11/2023 19:30:46.800350,,,1.159615755,1.080771804,,,,,,
15/11/2023 19:30:46.804931,,,1.159615755,1.080771804,,,,,,
15/11/2023 19:30:46.850103,,,1.159615755,1.080771804,,,,,,
15/11/2023 19:30:46.895382,,,1.159615755,1.080771804,,,,,,
15/11/2023 19:30:46.902241,,,,,19.89550781,,,,,
15/11/2023 19:30:46.902616,,,,,,1.01953125,,,,
15/11/2023 19:30:46.937740,,,1.159615755,1.080771804,,,,,,
15/11/2023 19:30:46.985251,,,1.159615755,1.080771804,,,,,,
15/11/2023 19:30:47.427762,,,1.159615755,1.080771804,,,,,,
15/11/2023 19:30:47.552981,,,1.159615755,1.080771804,,,,,,
15/11/2023 19:30:47.582490,,,1.159615755,1.080771804,,,,,,
15/11/2023 19:30:47.585453,,,1.159615755,1.080771804,,,,,,
15/11/2023 19:30:47.592788,,,1.159615755,1.080771804,,,,,,
15/11/2023 19:30:47.605329,,,1.159615755,1.080771804,,,,,,
15/11/2023 19:30:47.608240,,,1.159615755,1.080771804,,,,,,
15/11/2023 19:30:47.622920,,,1.159615755,1.080771804,,,,,,
15/11/2023 19:30:47.637699,,,1.159615755,1.080771804,,,,,,
15/11/2023 19:30:47.638273,,,,,,,,,,
15/11/2023 19:30:47.660427,,,1.159615755,1.080771804,,,,,,
15/11/2023 19:30:47.661577,,,1.159615755,1.080771804,,,,,,
15/11/2023 19:30:47.669491,,,1.159615755,1.080771804,,,,,,
15/11/2023 19:30:47.682345,,,1.159615755,1.080771804,,,,,,
15/11/2023 19:30:47.685064,,,1.159615755,1.080771804,,,,,,
15/11/2023 19:30:47.689683,,,1.159615755,1.080771804,,,,,,
15/11/2023 19:30:47.735330,,,1.159615755,1.080771804,,,,,,
15/11/2023 19:30:47.774963,,,1.159615755,1.080771804,,,,,,
15/11/2023 19:30:47.777393,,,1.159615755,1.080771804,,,,,,
15/11/2023 19:30:47.816405,,,1.159615755,1.080771804,,,,,,
15/11/2023 19:30:47.865270,,,1.159615755,1.080771804,,,,,,
15/11/2023 19:30:47.902240,,,,,21.796875,,,,,
15/11/2023 19:30:47.902612,,,,,,10,,,,
15/11/2023 19:30:47.905229,,,1.159615755,1.080771804,,,,,,
15/11/2023 19:30:47.951841,,,1.159615755,1.080771804,,,,,,
15/11/2023 19:30:47.995296,,,1.159615755,1.080771804,,,,,,
15/11/2023 19:30:48.103719,,,1.159615755,1.080771804,,,,,,
15/11/2023 19:30:48.104530,,,1.159615755,1.080771804,,,,,,
15/11/2023 19:30:48.587831,,,1.159615755,1.080771804,,,,,,
15/11/2023 19:30:48.617632,,,1.159615755,1.080771804,,,,,,
15/11/2023 19:30:48.627539,,,1.159615755,1.080771804,,,,,,
15/11/2023 19:30:48.654344,,,1.159615755,1.080771804,,,,,,
15/11/2023 19:30:48.692551,,,1.159615755,1.080771804,,,,,,
15/11/2023 19:30:48.727834,,,1.159615755,1.080771804,,,,,,
15/11/2023 19:30:48.730722,,,1.159615755,1.080771804,,,,,,
15/11/2023 19:30:48.767569,,,,,,,,,,
15/11/2023 19:30:48.787526,,,1.159615755,1.080771804,,,,,,
15/11/2023 19:30:48.791395,,,1.159615755,1.080771804,,,,,,
15/11/2023 19:30:48.796785,,,1.159615755,1.080771804,,,,,,
15/11/2023 19:30:48.809732,,,1.159615755,1.080771804,,,,,,
15/11/2023 19:30:48.811712,,,1.159615755,1.080771804,,,,,,
15/11/2023 19:30:48.828168,,,1.159615755,1.080771804,,,,,,
15/11/2023 19:30:48.840209,,,1.159615755,1.080771804,,,,,,
15/11/2023 19:30:48.845256,,,1.159615755,1.080771804,,,,,,
15/11/2023 19:30:48.849656,,,1.159615755,1.080771804,,,,,,
15/11/2023 19:30:48.870302,,,1.159615755,1.080771804,,,,,,
15/11/2023 19:30:48.872972,,,1.159615755,1.080771804,,,,,,
15/11/2023 19:30:48.915069,,,,,,1.01953125,,,,
15/11/2023 19:30:48.917377,,,,,20.58886719,,,,,
15/11/2023 19:30:48.920092,,,1.159615755,1.080771804,,,,,,
15/11/2023 19:30:48.970315,,,1.159615755,1.080771804,,,,,,
15/11/2023 19:30:48.997436,,,1.159615755,1.080771804,,,,,,
15/11/2023 19:30:49.519934,,,1.159615755,1.080771804,,,,,,
15/11/2023 19:30:49.537737,,,1.159615755,1.080771804,,,,,,
15/11/2023 19:30:49.545083,,,1.159615755,1.080771804,,,,,,
15/11/2023 19:30:49.567919,,,1.159615755,1.080771804,,,,,,
15/11/2023 19:30:49.592686,,,1.159615755,1.080771804,,,,,,
15/11/2023 19:30:49.623022,,,1.159615755,1.080771804,,,,,,
15/11/2023 19:30:49.640519,,,1.159615755,1.080771804,,,,,,
15/11/2023 19:30:49.664717,,,,,,,,,,
15/11/2023 19:30:49.687466,,,1.159615755,1.080771804,,,,,,
15/11/2023 19:30:49.688471,,,1.159615755,1.080771804,,,,,,
15/11/2023 19:30:49.689452,,,1.159615755,1.080771804,,,,,,
15/11/2023 19:30:49.690417,,,1.159615755,1.080771804,,,,,,
15/11/2023 19:30:49.693907,,,1.159615755,1.080771804,,,,,,
15/11/2023 19:30:49.696321,,,1.159615755,1.080771804,,,,,,
15/11/2023 19:30:49.725212,,,1.159615755,1.080771804,,,,,,
15/11/2023 19:30:49.737759,,,1.159615755,1.080771804,,,,,,
15/11/2023 19:30:49.790238,,,1.159615755,1.080771804,,,,,,
15/11/2023 19:30:49.847711,,,1.159615755,1.080771804,,,,,,
15/11/2023 19:30:49.850947,,,1.159615755,1.080771804,,,,,,
15/11/2023 19:30:49.890150,,,1.159615755,1.080771804,,,,,,
15/11/2023 19:30:49.905019,,,,,20.58105469,,,,,
15/11/2023 19:30:49.906497,,,,,,18.87890625,,,,
15/11/2023 19:30:49.915522,,,1.159615755,1.080771804,,,,,,
15/11/2023 19:30:49.965507,,,1.159615755,1.080771804,,,,,,
15/11/2023 19:30:49.968421,,,1.159615755,1.080771804,,,,,,
15/11/2023 19:30:50.116379,,,1.159615755,1.080771804,,,,,,
15/11/2023 19:30:50.476873,,,1.159615755,1.080771804,,,,,,
15/11/2023 19:30:50.482739,,,1.159615755,1.080771804,,,,,,
15/11/2023 19:30:50.485401,,,1.159615755,1.080771804,,,,,,
15/11/2023 19:30:50.504984,,,1.159615755,1.080771804,,,,,,
15/11/2023 19:30:50.522686,,,1.159615755,1.080771804,,,,,,
15/11/2023 19:30:50.527231,,,1.159615755,1.080771804,,,,,,
15/11/2023 19:30:50.560376,,,1.159615755,1.080771804,,,,,,
15/11/2023 19:30:50.582699,,,1.159615755,1.080771804,,,,,,
15/11/2023 19:30:50.585566,,,1.159615755,1.080771804,,,,,,
15/11/2023 19:30:50.586000,,,,,,,,,,
15/11/2023 19:30:50.626355,,,1.159615755,1.080771804,,,,,,
15/11/2023 19:30:50.640628,,,1.159615755,1.080771804,,,,,,
15/11/2023 19:30:50.649843,,,1.159615755,1.080771804,,,,,,
15/11/2023 19:30:50.668163,,,1.159615755,1.080771804,,,,,,
15/11/2023 19:30:50.716805,,,1.159615755,1.080771804,,,,,,
15/11/2023 19:30:50.777748,,,1.159615755,1.080771804,,,,,,
15/11/2023 19:30:50.780357,76.9697,34.96,,,,,96.3,8.18737152,,
15/11/2023 19:30:50.805231,,,1.159615755,1.080771804,,,,,,
15/11/2023 19:30:50.847692,,,1.159615755,1.080771804,,,,,,
15/11/2023 19:30:50.874526,,,1.159615755,1.080771804,,,,,,
15/11/2023 19:30:50.892783,,,1.159615755,1.080771804,,,,,,
15/11/2023 19:30:50.907153,,,,,48.45605469,,,,,
15/11/2023 19:30:50.907567,,,,,,32.42480469,,,,
15/11/2023 19:30:50.942840,,,1.159615755,1.080771804,,,,,,
15/11/2023 19:30:50.976737,,,1.159615755,1.080771804,,,,,,
15/11/2023 19:30:51.117596,,,1.159615755,1.080771804,,,,,,
15/11/2023 19:30:51.314466,,,1.159615755,1.080771804,,,,,,
15/11/2023 19:30:51.447733,,,1.159615755,1.080771804,,,,,,
15/11/2023 19:30:51.475352,,,1.159615755,1.080771804,,,,,,
15/11/2023 19:30:51.492132,,,1.159615755,1.080771804,,,,,,
15/11/2023 19:30:51.510285,,,1.159615755,1.080771804,,,,,,
15/11/2023 19:30:51.527175,,,1.159615755,1.080771804,,,,,,
15/11/2023 19:30:51.529777,,,1.159615755,1.080771804,,,,,,
15/11/2023 19:30:51.532395,,,1.159615755,1.080771804,,,,,,
15/11/2023 19:30:51.545319,,,1.159615755,1.080771804,,,,,,
15/11/2023 19:30:51.547540,,,,,,,,,,
15/11/2023 19:30:51.569333,,,1.159615755,1.080771804,,,,,,
15/11/2023 19:30:51.579177,,,1.159615755,1.080771804,,,,,,
15/11/2023 19:30:51.586388,,,1.159615755,1.080771804,,,,,,
15/11/2023 19:30:51.607536,76.9697,34.96,,,,,96.3,8.18737152,,
15/11/2023 19:30:51.617889,,,1.159615755,1.080771804,,,,,,
15/11/2023 19:30:51.635559,,,1.159615755,1.080771804,,,,,,
15/11/2023 19:30:51.667206,,,1.159615755,1.080771804,,,,,,
15/11/2023 19:30:51.677657,,,1.159615755,1.080771804,,,,,,
15/11/2023 19:30:51.722889,,,1.159615755,1.080771804,,,,,,
15/11/2023 19:30:51.787674,,,1.159615755,1.080771804,,,,,,
15/11/2023 19:30:51.821173,,,1.159615755,1.080771804,,,,,,
15/11/2023 19:30:51.853642,,,1.159615755,1.080771804,,,,,,
15/11/2023 19:30:51.901603,,,1.159615755,1.080771804,,,,,,
15/11/2023 19:30:51.906671,,,,,22.5625,,,,,
15/11/2023 19:30:51.906876,,,,,,1.2109375,,,,
15/11/2023 19:30:51.977654,,,1.159615755,1.080771804,,,,,,
15/11/2023 19:30:52.119804,76.9697,34.82,,,,,96.3,8.18737152,,
15/11/2023 19:30:52.157603,,,1.159615755,1.080771804,,,,,,
15/11/2023 19:30:52.455281,,,1.159615755,1.080771804,,,,,,
15/11/2023 19:30:52.568662,,,1.159615755,1.080771804,,,,,,
15/11/2023 19:30:52.598639,,,1.159615755,1.080771804,,,,,,
15/11/2023 19:30:52.659616,,,1.159615755,1.080771804,,,,,,
15/11/2023 19:30:52.685026,,,1.159615755,1.080771804,,,,,,
15/11/2023 19:30:52.712979,,,1.159615755,1.080771804,,,,,,
15/11/2023 19:30:52.757775,,,1.159615755,1.080771804,,,,,,
15/11/2023 19:30:52.762469,,,,,,,,,,
15/11/2023 19:30:52.782690,,,1.159615755,1.080771804,,,,,,
15/11/2023 19:30:52.798884,,,1.159615755,1.080771804,,,,,,
15/11/2023 19:30:52.801132,,,1.159615755,1.080771804,,,,,,
15/11/2023 19:30:52.844132,,,1.159615755,1.080771804,,,,,,
15/11/2023 19:30:52.868977,,,1.159615755,1.080771804,,,,,,
15/11/2023 19:30:52.877521,,,1.159615755,1.080771804,,,,,,
15/11/2023 19:30:52.884833,,,1.159615755,1.080771804,,,,,,
15/11/2023 19:30:52.910277,,,1.159615755,1.080771804,,,,,,
15/11/2023 19:30:52.922959,,,1.159615755,1.080771804,,,,,,
15/11/2023 19:30:52.925905,,,1.159615755,1.080771804,,,,,,
15/11/2023 19:30:52.929961,,,1.159615755,1.080771804,,,,,,
15/11/2023 19:30:52.934659,,,1.159615755,1.080771804,,,,,,
15/11/2023 19:30:52.950345,,,1.159615755,1.080771804,,,,,,
15/11/2023 19:30:52.952077,,,,,15.86230469,,,,,
15/11/2023 19:30:52.952422,,,,,,1.109375,,,,
15/11/2023 19:30:52.960305,,,1.159615755,1.080771804,,,,,,
15/11/2023 19:30:52.997482,,,1.159615755,1.080771804,,,,,,
15/11/2023 19:30:53.387447,,,1.159615755,1.080771804,,,,,,
15/11/2023 19:30:53.637650,,,1.159615755,1.080771804,,,,,,
15/11/2023 19:30:53.652655,,,1.159615755,1.080771804,,,,,,
15/11/2023 19:30:53.671161,,,1.159615755,1.080771804,,,,,,
15/11/2023 19:30:53.681043,,,1.159615755,1.080771804,,,,,,
15/11/2023 19:30:53.701046,,,1.159615755,1.080771804,,,,,,
15/11/2023 19:30:53.719083,,,1.159615755,1.080771804,,,,,,
15/11/2023 19:30:53.739173,,,1.159615755,1.080771804,,,,,,
15/11/2023 19:30:53.741259,,,,,,,,,,
15/11/2023 19:30:53.761975,,,1.159615755,1.080771804,,,,,,
15/11/2023 19:30:53.780109,,,1.159615755,1.080771804,,,,,,
15/11/2023 19:30:53.792283,,,1.159615755,1.080771804,,,,,,
15/11/2023 19:30:53.812498,,,1.159615755,1.080771804,,,,,,
15/11/2023 19:30:53.847798,,,1.159615755,1.080771804,,,,,,
15/11/2023 19:30:53.865546,,,1.159615755,1.080771804,,,,,,
15/11/2023 19:30:53.870001,,,1.159615755,1.080771804,,,,,,
15/11/2023 19:30:53.875530,,,1.159615755,1.080771804,,,,,,
15/11/2023 19:30:53.884557,,,1.159615755,1.080771804,,,,,,
15/11/2023 19:30:53.897622,,,1.159615755,1.080771804,,,,,,
15/11/2023 19:30:53.922836,,,1.159615755,1.080771804,,,,,,
15/11/2023 19:30:53.929835,,,,,,1.01953125,,,,
15/11/2023 19:30:53.932726,,,1.159615755,1.080771804,,,,,,
15/11/2023 19:30:53.933073,,,,,22.31054688,,,,,
15/11/2023 19:30:53.962474,,,1.159615755,1.080771804,,,,,,
15/11/2023 19:30:54.122000,,,1.159615755,1.080771804,,,,,,
15/11/2023 19:30:54.537284,,,1.159615755,1.080771804,,,,,,
15/11/2023 19:30:54.573732,,,1.159615755,1.080771804,,,,,,
15/11/2023 19:30:54.622583,,,1.159615755,1.080771804,,,,,,
15/11/2023 19:30:54.628678,,,1.159615755,1.080771804,,,,,,
15/11/2023 19:30:54.668541,,,1.159615755,1.080771804,,,,,,
15/11/2023 19:30:54.681016,,,1.159615755,1.080771804,,,,,,
15/11/2023 19:30:54.716134,,,1.159615755,1.080771804,,,,,,
15/11/2023 19:30:54.731007,,,1.159615755,1.080771804,,,,,,
15/11/2023 19:30:54.731808,,,1.159615755,1.080771804,,,,,,
15/11/2023 19:30:54.743387,,,,,,,,,,
15/11/2023 19:30:54.762556,,,1.159615755,1.080771804,,,,,,
15/11/2023 19:30:54.763419,,,1.159615755,1.080771804,,,,,,
15/11/2023 19:30:54.765944,,,1.159615755,1.080771804,,,,,,
15/11/2023 19:30:54.793550,,,1.159615755,1.080771804,,,,,,
15/11/2023 19:30:54.800997,,,1.159615755,1.080771804,,,,,,
15/11/2023 19:30:54.821155,,,1.159615755,1.080771804,,,,,,
15/11/2023 19:30:54.821969,,,1.159615755,1.080771804,,,,,,
15/11/2023 19:30:54.838557,,,1.159615755,1.080771804,,,,,,
15/11/2023 19:30:54.845967,,,1.159615755,1.080771804,,,,,,
15/11/2023 19:30:54.898679,,,1.159615755,1.080771804,,,,,,
15/11/2023 19:30:54.928576,,,,,20.63574219,,,,,
15/11/2023 19:30:54.928697,,,,,,1.01953125,,,,
15/11/2023 19:30:54.938533,,,1.159615755,1.080771804,,,,,,
15/11/2023 19:30:54.986237,,,1.159615755,1.080771804,,,,,,
15/11/2023 19:30:55.262312,,,1.159615755,1.080771804,,,,,,
15/11/2023 19:30:55.523702,,,1.159615755,1.080771804,,,,,,
15/11/2023 19:30:55.528432,,,1.159615755,1.080771804,,,,,,
15/11/2023 19:30:55.538445,,,1.159615755,1.080771804,,,,,,
15/11/2023 19:30:55.578689,,,1.159615755,1.080771804,,,,,,
15/11/2023 19:30:55.621099,,,1.159615755,1.080771804,,,,,,
15/11/2023 19:30:55.641045,,,1.159615755,1.080771804,,,,,,
15/11/2023 19:30:55.658506,,,1.159615755,1.080771804,,,,,,
15/11/2023 19:30:55.685975,,,1.159615755,1.080771804,,,,,,
15/11/2023 19:30:55.686100,,,,,,,,,,
15/11/2023 19:30:55.706356,,,1.159615755,1.080771804,,,,,,
15/11/2023 19:30:55.708506,,,1.159615755,1.080771804,,,,,,
15/11/2023 19:30:55.726124,,,1.159615755,1.080771804,,,,,,
15/11/2023 19:30:55.736782,,,1.159615755,1.080771804,,,,,,
15/11/2023 19:30:55.746134,,,1.159615755,1.080771804,,,,,,
15/11/2023 19:30:55.751141,,,1.159615755,1.080771804,,,,,,
15/11/2023 19:30:55.773782,,,1.159615755,1.080771804,,,,,,
15/11/2023 19:30:55.783637,,,1.159615755,1.080771804,,,,,,
15/11/2023 19:30:55.784447,,,1.159615755,1.080771804,,,,,,
15/11/2023 19:30:55.821111,,,1.159615755,1.080771804,,,,,,
15/11/2023 19:30:55.863735,,,1.159615755,1.080771804,,,,,,
15/11/2023 19:30:55.908697,,,1.159615755,1.080771804,,,,,,
15/11/2023 19:30:55.910986,,,,,29.1640625,,,,,
15/11/2023 19:30:55.911093,,,,,,10.75488281,,,,
15/11/2023 19:30:55.953713,,,1.159615755,1.080771804,,,,,,
15/11/2023 19:30:55.993672,,,1.159615755,1.080771804,,,,,,
15/11/2023 19:30:56.411963,,,1.159615755,1.080771804,,,,,,
15/11/2023 19:30:56.515084,,,1.159615755,1.080771804,,,,,,
15/11/2023 19:30:56.530181,,,1.159615755,1.080771804,,,,,,
15/11/2023 19:30:56.545312,,,1.159615755,1.080771804,,,,,,
15/11/2023 19:30:56.549913,,,1.159615755,1.080771804,,,,,,
15/11/2023 19:30:56.590210,,,1.159615755,1.080771804,,,,,,
15/11/2023 19:30:56.594793,,,1.159615755,1.080771804,,,,,,
15/11/2023 19:30:56.607532,,,,,,,,,,
15/11/2023 19:30:56.638883,,,1.159615755,1.080771804,,,,,,
15/11/2023 19:30:56.641769,,,1.159615755,1.080771804,,,,,,
15/11/2023 19:30:56.644454,,,1.159615755,1.080771804,,,,,,
15/11/2023 19:30:56.665104,,,1.159615755,1.080771804,,,,,,
15/11/2023 19:30:56.667867,,,1.159615755,1.080771804,,,,,,
15/11/2023 19:30:56.684698,,,1.159615755,1.080771804,,,,,,
15/11/2023 19:30:56.696770,,,1.159615755,1.080771804,,,,,,
15/11/2023 19:30:56.741146,,,1.159615755,1.080771804,,,,,,
15/11/2023 19:30:56.781251,,,1.159615755,1.080771804,,,,,,
15/11/2023 19:30:56.832285,,,1.159615755,1.080771804,,,,,,
15/11/2023 19:30:56.837067,,,1.159615755,1.080771804,,,,,,
15/11/2023 19:30:56.860686,,,1.159615755,1.080771804,,,,,,
15/11/2023 19:30:56.882678,,,1.159615755,1.080771804,,,,,,
15/11/2023 19:30:56.885338,,,1.159615755,1.080771804,,,,,,
15/11/2023 19:30:56.917473,,,,,24.40039063,,,,,
15/11/2023 19:30:56.917851,,,,,,10.06542969,,,,
15/11/2023 19:30:56.927438,,,1.159615755,1.080771804,,,,,,
15/11/2023 19:30:56.960026,,,1.159615755,1.080771804,,,,,,
15/11/2023 19:30:57.490350,,,1.159615755,1.080771804,,,,,,
15/11/2023 19:30:57.525142,,,1.159615755,1.080771804,,,,,,
15/11/2023 19:30:57.577426,,,1.159615755,1.080771804,,,,,,
15/11/2023 19:30:57.605406,,,1.159615755,1.080771804,,,,,,
15/11/2023 19:30:57.627586,,,1.159615755,1.080771804,,,,,,
15/11/2023 19:30:57.645398,,,1.159615755,1.080771804,,,,,,
15/11/2023 19:30:57.667770,,,1.159615755,1.080771804,,,,,,
15/11/2023 19:30:57.685212,,,1.159615755,1.080771804,,,,,,
15/11/2023 19:30:57.722852,,,1.159615755,1.080771804,,,,,,
15/11/2023 19:30:57.727122,,,,,,,,,,
15/11/2023 19:30:57.767659,,,1.159615755,1.080771804,,,,,,
15/11/2023 19:30:57.780117,,,1.159615755,1.080771804,,,,,,
15/11/2023 19:30:57.805336,,,1.159615755,1.080771804,,,,,,
15/11/2023 19:30:57.820383,,,1.159615755,1.080771804,,,,,,
15/11/2023 19:30:57.846225,,,1.159615755,1.080771804,,,,,,
15/11/2023 19:30:57.848480,,,1.159615755,1.080771804,,,,,,
15/11/2023 19:30:57.849732,,,1.159615755,1.080771804,,,,,,
15/11/2023 19:30:57.866213,,,1.159615755,1.080771804,,,,,,
15/11/2023 19:30:57.888701,,,1.159615755,1.080771804,,,,,,
15/11/2023 19:30:57.908676,,,1.159615755,1.080771804,,,,,,
15/11/2023 19:30:57.916054,,,1.159615755,1.080771804,,,,,,
15/11/2023 19:30:57.921247,,,1.159615755,1.080771804,,,,,,
15/11/2023 19:30:57.921375,,,,,,18.87890625,,,,
15/11/2023 19:30:57.921468,,,,,19.81347656,,,,,
15/11/2023 19:30:57.956593,,,1.159615755,1.080771804,,,,,,
15/11/2023 19:30:58.241334,,,1.159615755,1.080771804,,,,,,
15/11/2023 19:30:58.501662,,,1.159615755,1.080771804,,,,,,
15/11/2023 19:30:58.605417,,,1.159615755,1.080771804,,,,,,
15/11/2023 19:30:58.608096,,,1.159615755,1.080771804,,,,,,
15/11/2023 19:30:58.630338,,,1.159615755,1.080771804,,,,,,
15/11/2023 19:30:58.645353,,,1.159615755,1.080771804,,,,,,
15/11/2023 19:30:58.662844,,,1.159615755,1.080771804,,,,,,
15/11/2023 19:30:58.680153,,,1.159615755,1.080771804,,,,,,
15/11/2023 19:30:58.700209,,,1.159615755,1.080771804,,,,,,
15/11/2023 19:30:58.700660,,,,,,,,,,
15/11/2023 19:30:58.717858,,,1.159615755,1.080771804,,,,,,
15/11/2023 19:30:58.721768,,,1.159615755,1.080771804,,,,,,
15/11/2023 19:30:58.734505,,,1.159615755,1.080771804,,,,,,
15/11/2023 19:30:58.736756,,,1.159615755,1.080771804,,,,,,
15/11/2023 19:30:58.742152,,,1.159615755,1.080771804,,,,,,
15/11/2023 19:30:58.780377,,,1.159615755,1.080771804,,,,,,
15/11/2023 19:30:58.787263,,,1.159615755,1.080771804,,,,,,
15/11/2023 19:30:58.795355,,,1.159615755,1.080771804,,,,,,
15/11/2023 19:30:58.822813,,,1.159615755,1.080771804,,,,,,
15/11/2023 19:30:58.852896,,,1.159615755,1.080771804,,,,,,
15/11/2023 19:30:58.879985,,,1.159615755,1.080771804,,,,,,
15/11/2023 19:30:58.899337,,,1.159615755,1.080771804,,,,,,
15/11/2023 19:30:58.914768,,,,,49.00097656,,,,,
15/11/2023 19:30:58.915147,,,,,,32.14453125,,,,
15/11/2023 19:30:58.920309,,,1.159615755,1.080771804,,,,,,
15/11/2023 19:30:58.980057,,,1.159615755,1.080771804,,,,,,
15/11/2023 19:30:59.106152,,,1.159615755,1.080771804,,,,,,
15/11/2023 19:30:59.482522,,,1.159615755,1.080771804,,,,,,
15/11/2023 19:30:59.497440,,,1.159615755,1.080771804,,,,,,
15/11/2023 19:30:59.500143,,,1.159615755,1.080771804,,,,,,
15/11/2023 19:30:59.504864,,,1.159615755,1.080771804,,,,,,
15/11/2023 19:30:59.507549,,,1.159615755,1.080771804,,,,,,
15/11/2023 19:30:59.510159,,,1.159615755,1.080771804,,,,,,
15/11/2023 19:30:59.535416,,,1.159615755,1.080771804,,,,,,
15/11/2023 19:30:59.549862,,,1.159615755,1.080771804,,,,,,
15/11/2023 19:30:59.557162,,,,,,,,,,
15/11/2023 19:30:59.580459,,,1.159615755,1.080771804,,,,,,
15/11/2023 19:30:59.586069,,,1.159615755,1.080771804,,,,,,
15/11/2023 19:30:59.608481,,,1.159615755,1.080771804,,,,,,
15/11/2023 19:30:59.633924,,,1.159615755,1.080771804,,,,,,
15/11/2023 19:30:59.639035,,,1.159615755,1.080771804,,,,,,
15/11/2023 19:30:59.668688,,,1.159615755,1.080771804,,,,,,
15/11/2023 19:30:59.714957,,,1.159615755,1.080771804,,,,,,
15/11/2023 19:30:59.804558,,,1.159615755,1.080771804,,,,,,
15/11/2023 19:30:59.857474,,,1.159615755,1.080771804,,,,,,
15/11/2023 19:30:59.912759,,,1.159615755,1.080771804,,,,,,
15/11/2023 19:30:59.937288,,,,,19.81738281,,,,,
15/11/2023 19:30:59.937668,,,,,,1.109375,,,,
15/11/2023 19:30:59.940278,,,1.159615755,1.080771804,,,,,,
15/11/2023 19:30:59.970095,,,1.159615755,1.080771804,,,,,,
15/11/2023 19:30:59.994241,,,1.159615755,1.080771804,,,,,,
15/11/2023 19:31:00.553544,,,1.159615755,1.080771804,,,,,,
15/11/2023 19:31:00.611170,,,1.159615755,1.080771804,,,,,,
15/11/2023 19:31:00.621140,,,1.159615755,1.080771804,,,,,,
15/11/2023 19:31:00.628461,,,1.159615755,1.080771804,,,,,,
15/11/2023 19:31:00.629251,,,1.159615755,1.080771804,,,,,,
15/11/2023 19:31:00.630944,,,1.159615755,1.080771804,,,,,,
15/11/2023 19:31:00.651204,,,1.159615755,1.080771804,,,,,,
15/11/2023 19:31:00.683966,,,1.159615755,1.080771804,,,,,,
15/11/2023 19:31:00.684122,,,,,,,,,,
15/11/2023 19:31:00.724182,,,1.159615755,1.080771804,,,,,,
15/11/2023 19:31:00.754151,,,1.159615755,1.080771804,,,,,,
15/11/2023 19:31:00.756693,,,1.159615755,1.080771804,,,,,,
15/11/2023 19:31:00.759784,,,1.159615755,1.080771804,,,,,,
15/11/2023 19:31:00.802559,,,1.159615755,1.080771804,,,,,,
15/11/2023 19:31:00.805326,,,1.159615755,1.080771804,,,,,,
15/11/2023 19:31:00.840229,,,1.159615755,1.080771804,,,,,,
15/11/2023 19:31:00.860502,,,1.159615755,1.080771804,,,,,,
15/11/2023 19:31:00.887689,,,1.159615755,1.080771804,,,,,,
15/11/2023 19:31:00.899850,76.9697,35.05,,,,,96.7,8.18737152,,
15/11/2023 19:31:00.902565,,,1.159615755,1.080771804,,,,,,
15/11/2023 19:31:00.934965,,,1.159615755,1.080771804,,,,,,
15/11/2023 19:31:00.936235,,,1.159615755,1.080771804,,,,,,
15/11/2023 19:31:00.942234,,,1.159615755,1.080771804,,,,,,
15/11/2023 19:31:00.983838,,,1.159615755,1.080771804,,,,,,
15/11/2023 19:31:00.983983,,,,,20.5859375,,,,,
15/11/2023 19:31:00.984072,,,,,,1.109375,,,,
15/11/2023 19:31:01.114990,,,1.159615755,1.080771804,,,,,,
15/11/2023 19:31:01.161625,,,1.159615755,1.080771804,,,,,,
15/11/2023 19:31:01.592562,,,1.159615755,1.080771804,,,,,,
15/11/2023 19:31:01.605346,,,1.159615755,1.080771804,,,,,,
15/11/2023 19:31:01.608014,,,1.159615755,1.080771804,,,,,,
15/11/2023 19:31:01.622825,,,1.159615755,1.080771804,,,,,,
15/11/2023 19:31:01.625487,,,1.159615755,1.080771804,,,,,,
15/11/2023 19:31:01.629842,,,1.159615755,1.080771804,,,,,,
15/11/2023 19:31:01.632470,,,1.159615755,1.080771804,,,,,,
15/11/2023 19:31:01.637558,,,1.159615755,1.080771804,,,,,,
15/11/2023 19:31:01.644910,,,,,,,,,,
15/11/2023 19:31:01.680442,76.9697,35.05,,,,,97.2,8.18737152,,
15/11/2023 19:31:01.681235,,,1.159615755,1.080771804,,,,,,
15/11/2023 19:31:01.682488,,,1.159615755,1.080771804,,,,,,
15/11/2023 19:31:01.683904,,,1.159615755,1.080771804,,,,,,
15/11/2023 19:31:01.685360,,,1.159615755,1.080771804,,,,,,
15/11/2023 19:31:01.689266,,,1.159615755,1.080771804,,,,,,
15/11/2023 19:31:01.746249,,,1.159615755,1.080771804,,,,,,
15/11/2023 19:31:01.791182,,,1.159615755,1.080771804,,,,,,
15/11/2023 19:31:01.821120,,,1.159615755,1.080771804,,,,,,
15/11/2023 19:31:01.866261,,,1.159615755,1.080771804,,,,,,
15/11/2023 19:31:01.867866,,,1.159615755,1.080771804,,,,,,
15/11/2023 19:31:01.910159,,,1.159615755,1.080771804,,,,,,
15/11/2023 19:31:01.919960,,,,,23.56054688,,,,,
15/11/2023 19:31:01.920336,,,,,,6.4453125,,,,
15/11/2023 19:31:01.957890,,,1.159615755,1.080771804,,,,,,
15/11/2023 19:31:01.974749,,,1.159615755,1.080771804,,,,,,
15/11/2023 19:31:02.103365,,,1.159615755,1.080771804,,,,,,
15/11/2023 19:31:02.112492,76.9697,34.96,,,,,90.9,8.18737152,,
15/11/2023 19:31:02.264414,,,1.159615755,1.080771804,,,,,,
15/11/2023 19:31:02.576177,,,1.159615755,1.080771804,,,,,,
15/11/2023 19:31:02.608698,,,1.159615755,1.080771804,,,,,,
15/11/2023 19:31:02.610982,,,1.159615755,1.080771804,,,,,,
15/11/2023 19:31:02.621127,,,1.159615755,1.080771804,,,,,,
15/11/2023 19:31:02.625992,,,1.159615755,1.080771804,,,,,,
15/11/2023 19:31:02.639112,,,1.159615755,1.080771804,,,,,,
15/11/2023 19:31:02.644111,,,1.159615755,1.080771804,,,,,,
15/11/2023 19:31:02.645871,,,,,,,,,,
15/11/2023 19:31:02.665687,,,1.159615755,1.080771804,,,,,,
15/11/2023 19:31:02.666732,,,1.159615755,1.080771804,,,,,,
15/11/2023 19:31:02.667702,,,1.159615755,1.080771804,,,,,,
15/11/2023 19:31:02.687130,,,1.159615755,1.080771804,,,,,,
15/11/2023 19:31:02.710299,,,1.159615755,1.080771804,,,,,,
15/11/2023 19:31:02.727739,,,1.159615755,1.080771804,,,,,,
15/11/2023 19:31:02.761114,,,1.159615755,1.080771804,,,,,,
15/11/2023 19:31:02.763474,,,1.159615755,1.080771804,,,,,,
15/11/2023 19:31:02.808808,,,1.159615755,1.080771804,,,,,,
15/11/2023 19:31:02.857988,,,1.159615755,1.080771804,,,,,,
15/11/2023 19:31:02.880518,,,1.159615755,1.080771804,,,,,,
15/11/2023 19:31:02.942903,,,1.159615755,1.080771804,,,,,,
15/11/2023 19:31:02.945581,,,,,19.90625,,,,,
15/11/2023 19:31:02.945962,,,,,,1.109375,,,,
15/11/2023 19:31:02.948834,,,1.159615755,1.080771804,,,,,,
15/11/2023 19:31:02.962851,,,1.159615755,1.080771804,,,,,,
15/11/2023 19:31:03.125144,,,1.159615755,1.080771804,,,,,,
15/11/2023 19:31:03.127580,,,1.159615755,1.080771804,,,,,,
15/11/2023 19:31:03.582710,,,1.159615755,1.080771804,,,,,,
15/11/2023 19:31:03.585587,,,1.159615755,1.080771804,,,,,,
15/11/2023 19:31:03.600228,,,1.159615755,1.080771804,,,,,,
15/11/2023 19:31:03.602913,,,1.159615755,1.080771804,,,,,,
15/11/2023 19:31:03.605539,,,1.159615755,1.080771804,,,,,,
15/11/2023 19:31:03.609855,,,1.159615755,1.080771804,,,,,,
15/11/2023 19:31:03.612456,,,1.159615755,1.080771804,,,,,,
15/11/2023 19:31:03.614722,,,,,,,,,,
15/11/2023 19:31:03.632974,,,1.159615755,1.080771804,,,,,,
15/11/2023 19:31:03.634131,,,1.159615755,1.080771804,,,,,,
15/11/2023 19:31:03.635201,,,1.159615755,1.080771804,,,,,,
15/11/2023 19:31:03.636301,,,1.159615755,1.080771804,,,,,,
15/11/2023 19:31:03.668659,,,1.159615755,1.080771804,,,,,,
15/11/2023 19:31:03.679249,,,1.159615755,1.080771804,,,,,,
15/11/2023 19:31:03.691443,,,1.159615755,1.080771804,,,,,,
15/11/2023 19:31:03.721880,,,1.159615755,1.080771804,,,,,,
15/11/2023 19:31:03.777775,,,1.159615755,1.080771804,,,,,,
15/11/2023 19:31:03.812924,,,1.159615755,1.080771804,,,,,,
15/11/2023 19:31:03.857893,,,1.159615755,1.080771804,,,,,,
15/11/2023 19:31:03.895149,,,1.159615755,1.080771804,,,,,,
15/11/2023 19:31:03.933995,,,,,22.34179688,,,,,
15/11/2023 19:31:03.934172,,,,,,9.94921875,,,,
15/11/2023 19:31:03.946128,,,1.159615755,1.080771804,,,,,,
15/11/2023 19:31:04.140956,,,1.159615755,1.080771804,,,,,,
15/11/2023 19:31:04.327762,,,1.159615755,1.080771804,,,,,,
15/11/2023 19:31:04.608651,,,1.159615755,1.080771804,,,,,,
15/11/2023 19:31:04.626225,,,1.159615755,1.080771804,,,,,,
15/11/2023 19:31:04.627049,,,1.159615755,1.080771804,,,,,,
15/11/2023 19:31:04.631077,,,1.159615755,1.080771804,,,,,,
15/11/2023 19:31:04.638538,,,1.159615755,1.080771804,,,,,,
15/11/2023 19:31:04.656361,,,1.159615755,1.080771804,,,,,,
15/11/2023 19:31:04.658579,,,1.159615755,1.080771804,,,,,,
15/11/2023 19:31:04.671324,,,1.159615755,1.080771804,,,,,,
15/11/2023 19:31:04.671516,,,,,,,,,,
15/11/2023 19:31:04.697973,,,1.159615755,1.080771804,,,,,,
15/11/2023 19:31:04.700853,,,1.159615755,1.080771804,,,,,,
15/11/2023 19:31:04.765517,,,1.159615755,1.080771804,,,,,,
15/11/2023 19:31:04.825594,,,1.159615755,1.080771804,,,,,,
15/11/2023 19:31:04.852860,,,1.159615755,1.080771804,,,,,,
15/11/2023 19:31:04.860118,,,1.159615755,1.080771804,,,,,,
15/11/2023 19:31:04.887636,,,1.159615755,1.080771804,,,,,,
15/11/2023 19:31:04.911654,,,1.159615755,1.080771804,,,,,,
15/11/2023 19:31:04.930151,,,1.159615755,1.080771804,,,,,,
15/11/2023 19:31:04.960197,,,1.159615755,1.080771804,,,,,,
15/11/2023 19:31:04.960629,,,,,17.33691406,,,,,
15/11/2023 19:31:04.962089,,,,,,1.109375,,,,
15/11/2023 19:31:04.982757,,,1.159615755,1.080771804,,,,,,
15/11/2023 19:31:05.473502,,,1.159615755,1.080771804,,,,,,
15/11/2023 19:31:05.624551,,,1.159615755,1.080771804,,,,,,
15/11/2023 19:31:05.685200,,,1.159615755,1.080771804,,,,,,
15/11/2023 19:31:05.698745,,,1.159615755,1.080771804,,,,,,
15/11/2023 19:31:05.701244,,,1.159615755,1.080771804,,,,,,
15/11/2023 19:31:05.714403,,,1.159615755,1.080771804,,,,,,
15/11/2023 19:31:05.715723,,,1.159615755,1.080771804,,,,,,
15/11/2023 19:31:05.717135,,,1.159615755,1.080771804,,,,,,
15/11/2023 19:31:05.740175,,,,,,,,,,
15/11/2023 19:31:05.773717,,,1.159615755,1.080771804,,,,,,
15/11/2023 19:31:05.776593,,,1.159615755,1.080771804,,,,,,
15/11/2023 19:31:05.787517,,,1.159615755,1.080771804,,,,,,
15/11/2023 19:31:05.804791,,,1.159615755,1.080771804,,,,,,
15/11/2023 19:31:05.862056,,,1.159615755,1.080771804,,,,,,
15/11/2023 19:31:05.881324,,,1.159615755,1.080771804,,,,,,
15/11/2023 19:31:05.909109,,,1.159615755,1.080771804,,,,,,
15/11/2023 19:31:05.912616,,,1.159615755,1.080771804,,,,,,
15/11/2023 19:31:05.924116,,,1.159615755,1.080771804,,,,,,
15/11/2023 19:31:05.947267,,,1.159615755,1.080771804,,,,,,
15/11/2023 19:31:05.952548,,,,,19.09570313,,,,,
15/11/2023 19:31:05.954038,,,,,,18.94238281,,,,
15/11/2023 19:31:05.957352,,,1.159615755,1.080771804,,,,,,
15/11/2023 19:31:05.985138,,,1.159615755,1.080771804,,,,,,
15/11/2023 19:31:06.325624,,,1.159615755,1.080771804,,,,,,
15/11/2023 19:31:06.585349,,,1.159615755,1.080771804,,,,,,
15/11/2023 19:31:06.602678,,,1.159615755,1.080771804,,,,,,
15/11/2023 19:31:06.610456,,,1.159615755,1.080771804,,,,,,
15/11/2023 19:31:06.613400,,,1.159615755,1.080771804,,,,,,
15/11/2023 19:31:06.622139,,,1.159615755,1.080771804,,,,,,
15/11/2023 19:31:06.637612,,,1.159615755,1.080771804,,,,,,
15/11/2023 19:31:06.657654,,,1.159615755,1.080771804,,,,,,
15/11/2023 19:31:06.685215,,,1.159615755,1.080771804,,,,,,
15/11/2023 19:31:06.687596,,,,,,,,,,
15/11/2023 19:31:06.726432,,,1.159615755,1.080771804,,,,,,
15/11/2023 19:31:06.729326,,,1.159615755,1.080771804,,,,,,
15/11/2023 19:31:06.745344,,,1.159615755,1.080771804,,,,,,
15/11/2023 19:31:06.762166,,,1.159615755,1.080771804,,,,,,
15/11/2023 19:31:06.767610,,,1.159615755,1.080771804,,,,,,
15/11/2023 19:31:06.780250,,,1.159615755,1.080771804,,,,,,
15/11/2023 19:31:06.792848,,,1.159615755,1.080771804,,,,,,
15/11/2023 19:31:06.802701,,,1.159615755,1.080771804,,,,,,
15/11/2023 19:31:06.820516,,,1.159615755,1.080771804,,,,,,
15/11/2023 19:31:06.874953,,,1.159615755,1.080771804,,,,,,
15/11/2023 19:31:06.915601,,,1.159615755,1.080771804,,,,,,
15/11/2023 19:31:06.927418,,,,,,32.14453125,,,,
15/11/2023 19:31:06.929757,,,,,48.13867188,,,,,
15/11/2023 19:31:06.957849,,,1.159615755,1.080771804,,,,,,
15/11/2023 19:31:07.257563,,,1.159615755,1.080771804,,,,,,
15/11/2023 19:31:07.548684,,,1.159615755,1.080771804,,,,,,
15/11/2023 19:31:07.583602,,,1.159615755,1.080771804,,,,,,
15/11/2023 19:31:07.611117,,,1.159615755,1.080771804,,,,,,
15/11/2023 19:31:07.661576,,,1.159615755,1.080771804,,,,,,
15/11/2023 19:31:07.705342,,,1.159615755,1.080771804,,,,,,
15/11/2023 19:31:07.722861,,,1.159615755,1.080771804,,,,,,
15/11/2023 19:31:07.757916,,,1.159615755,1.080771804,,,,,,
15/11/2023 19:31:07.792176,,,,,,,,,,
15/11/2023 19:31:07.815526,,,1.159615755,1.080771804,,,,,,
15/11/2023 19:31:07.821759,,,1.159615755,1.080771804,,,,,,
15/11/2023 19:31:07.826336,,,1.159615755,1.080771804,,,,,,
15/11/2023 19:31:07.852915,,,1.159615755,1.080771804,,,,,,
15/11/2023 19:31:07.870267,,,1.159615755,1.080771804,,,,,,
15/11/2023 19:31:07.907535,,,1.159615755,1.080771804,,,,,,
15/11/2023 19:31:07.953712,,,1.159615755,1.080771804,,,,,,
15/11/2023 19:31:07.958478,,,1.159615755,1.080771804,,,,,,
15/11/2023 19:31:07.961011,,,1.159615755,1.080771804,,,,,,
15/11/2023 19:31:07.974101,,,1.159615755,1.080771804,,,,,,
15/11/2023 19:31:07.976202,,,1.159615755,1.080771804,,,,,,
15/11/2023 19:31:07.978703,,,1.159615755,1.080771804,,,,,,
15/11/2023 19:31:08.328435,,,1.159615755,1.080771804,,,,,,
15/11/2023 19:31:08.353955,,,1.159615755,1.080771804,,,,,,
15/11/2023 19:31:08.499002,,,1.159615755,1.080771804,,,,,,
15/11/2023 19:31:08.528524,,,1.159615755,1.080771804,,,,,,
15/11/2023 19:31:08.554733,,,1.159615755,1.080771804,,,,,,
15/11/2023 19:31:08.565380,,,1.159615755,1.080771804,,,,,,
15/11/2023 19:31:08.595135,,,1.159615755,1.080771804,,,,,,
15/11/2023 19:31:08.613080,,,1.159615755,1.080771804,,,,,,
15/11/2023 19:31:08.635434,,,1.159615755,1.080771804,,,,,,
15/11/2023 19:31:08.640468,,,1.159615755,1.080771804,,,,,,
15/11/2023 19:31:08.687746,,,1.159615755,1.080771804,,,,,,
15/11/2023 19:31:08.705324,,,1.159615755,1.080771804,,,,,,
15/11/2023 19:31:08.725075,,,,,,,,,,
15/11/2023 19:31:08.741498,,,,,13.96386719,,,,,
15/11/2023 19:31:08.760981,,,1.159615755,1.080771804,,,,,,
15/11/2023 19:31:08.763865,,,1.159615755,1.080771804,,,,,,
15/11/2023 19:31:08.766478,,,1.159615755,1.080771804,,,,,,
15/11/2023 19:31:08.769147,,,1.159615755,1.080771804,,,,,,
15/11/2023 19:31:08.774744,,,1.159615755,1.080771804,,,,,,
15/11/2023 19:31:08.779170,,,1.159615755,1.080771804,,,,,,
15/11/2023 19:31:08.780005,,,,,,1.01953125,,,,
15/11/2023 19:31:08.783937,,,1.159615755,1.080771804,,,,,,
15/11/2023 19:31:08.796435,,,1.159615755,1.080771804,,,,,,
15/11/2023 19:31:08.803796,,,1.159615755,1.080771804,,,,,,
15/11/2023 19:31:08.845445,,,1.159615755,1.080771804,,,,,,
15/11/2023 19:31:08.853397,,,1.159615755,1.080771804,,,,,,
15/11/2023 19:31:08.888924,,,1.159615755,1.080771804,,,,,,
15/11/2023 19:31:08.933773,,,,,26.7578125,,,,,
15/11/2023 19:31:08.933903,,,,,,1.0703125,,,,
15/11/2023 19:31:08.935967,,,1.159615755,1.080771804,,,,,,
15/11/2023 19:31:08.991434,,,1.159615755,1.080771804,,,,,,
15/11/2023 19:31:09.374720,,,1.159615755,1.080771804,,,,,,
15/11/2023 19:31:09.657716,,,1.159615755,1.080771804,,,,,,
15/11/2023 19:31:09.697507,,,1.159615755,1.080771804,,,,,,
15/11/2023 19:31:09.707740,,,1.159615755,1.080771804,,,,,,
15/11/2023 19:31:09.719545,,,1.159615755,1.080771804,,,,,,
15/11/2023 19:31:09.745524,,,1.159615755,1.080771804,,,,,,
15/11/2023 19:31:09.797668,,,1.159615755,1.080771804,,,,,,
15/11/2023 19:31:09.800483,,,1.159615755,1.080771804,,,,,,
15/11/2023 19:31:09.803074,,,1.159615755,1.080771804,,,,,,
15/11/2023 19:31:09.817640,,,1.159615755,1.080771804,,,,,,
15/11/2023 19:31:09.827616,,,1.159615755,1.080771804,,,,,,
15/11/2023 19:31:09.828064,,,,,,,,,,
15/11/2023 19:31:09.847919,,,1.159615755,1.080771804,,,,,,
15/11/2023 19:31:09.864658,,,1.159615755,1.080771804,,,,,,
15/11/2023 19:31:09.866498,,,1.159615755,1.080771804,,,,,,
15/11/2023 19:31:09.887732,,,1.159615755,1.080771804,,,,,,
15/11/2023 19:31:09.909969,,,1.159615755,1.080771804,,,,,,
15/11/2023 19:31:09.925328,,,1.159615755,1.080771804,,,,,,
15/11/2023 19:31:09.955073,,,1.159615755,1.080771804,,,,,,
15/11/2023 19:31:09.957567,,,,,17.31054688,,,,,
15/11/2023 19:31:09.957922,,,,,,1.01953125,,,,
15/11/2023 19:31:09.985168,,,1.159615755,1.080771804,,,,,,
15/11/2023 19:31:09.995276,,,1.159615755,1.080771804,,,,,,
15/11/2023 19:31:10.351971,,,1.159615755,1.080771804,,,,,,
15/11/2023 19:31:10.557833,,,1.159615755,1.080771804,,,,,,
15/11/2023 19:31:10.592824,,,1.159615755,1.080771804,,,,,,
15/11/2023 19:31:10.610291,,,1.159615755,1.080771804,,,,,,
15/11/2023 19:31:10.613243,,,1.159615755,1.080771804,,,,,,
15/11/2023 19:31:10.647787,,,1.159615755,1.080771804,,,,,,
15/11/2023 19:31:10.657576,,,1.159615755,1.080771804,,,,,,
15/11/2023 19:31:10.660369,,,1.159615755,1.080771804,,,,,,
15/11/2023 19:31:10.662652,,,,,,,,,,
15/11/2023 19:31:10.685359,,,1.159615755,1.080771804,,,,,,
15/11/2023 19:31:10.686280,,,1.159615755,1.080771804,,,,,,
15/11/2023 19:31:10.694268,,,1.159615755,1.080771804,,,,,,
15/11/2023 19:31:10.706671,,,1.159615755,1.080771804,,,,,,
15/11/2023 19:31:10.725456,,,1.159615755,1.080771804,,,,,,
15/11/2023 19:31:10.729912,,,1.159615755,1.080771804,,,,,,
15/11/2023 19:31:10.745342,,,1.159615755,1.080771804,,,,,,
15/11/2023 19:31:10.780405,,,1.159615755,1.080771804,,,,,,
15/11/2023 19:31:10.782989,76.9697,34.75,,,,,96.9,8.18737152,,
15/11/2023 19:31:10.825614,,,1.159615755,1.080771804,,,,,,
15/11/2023 19:31:10.836598,,,1.159615755,1.080771804,,,,,,
15/11/2023 19:31:10.872952,,,1.159615755,1.080771804,,,,,,
15/11/2023 19:31:10.925531,,,1.159615755,1.080771804,,,,,,
15/11/2023 19:31:10.962699,,,,,20.984375,,,,,
15/11/2023 19:31:10.963109,,,,,,1.340820313,,,,
15/11/2023 19:31:10.966031,,,1.159615755,1.080771804,,,,,,
15/11/2023 19:31:11.461564,,,1.159615755,1.080771804,,,,,,
15/11/2023 19:31:11.613670,,,1.159615755,1.080771804,,,,,,
15/11/2023 19:31:11.696111,,,1.159615755,1.080771804,,,,,,
15/11/2023 19:31:11.716043,,,1.159615755,1.080771804,,,,,,
15/11/2023 19:31:11.751100,,,1.159615755,1.080771804,,,,,,
15/11/2023 19:31:11.753505,,,1.159615755,1.080771804,,,,,,
15/11/2023 19:31:11.776080,,,1.159615755,1.080771804,,,,,,
15/11/2023 19:31:11.778461,,,1.159615755,1.080771804,,,,,,
15/11/2023 19:31:11.787765,,,1.159615755,1.080771804,,,,,,
15/11/2023 19:31:11.823720,,,1.159615755,1.080771804,,,,,,
15/11/2023 19:31:11.835933,,,,,,,,,,
15/11/2023 19:31:11.854770,76.9697,34.75,,,,,95.6,8.18737152,,
15/11/2023 19:31:11.855282,,,1.159615755,1.080771804,,,,,,
15/11/2023 19:31:11.856119,,,1.159615755,1.080771804,,,,,,
15/11/2023 19:31:11.856919,,,1.159615755,1.080771804,,,,,,
15/11/2023 19:31:11.911278,,,1.159615755,1.080771804,,,,,,
15/11/2023 19:31:11.921600,,,1.159615755,1.080771804,,,,,,
15/11/2023 19:31:11.928763,,,1.159615755,1.080771804,,,,,,
15/11/2023 19:31:11.935945,,,1.159615755,1.080771804,,,,,,
15/11/2023 19:31:11.973659,,,1.159615755,1.080771804,,,,,,
15/11/2023 19:31:12.112357,,,1.159615755,1.080771804,,,,,,
15/11/2023 19:31:12.259795,,,1.159615755,1.080771804,,,,,,
15/11/2023 19:31:12.284917,,,1.159615755,1.080771804,,,,,,
15/11/2023 19:31:12.510263,,,1.159615755,1.080771804,,,,,,
15/11/2023 19:31:12.589367,,,,,18.76757813,,,,,
15/11/2023 19:31:12.599902,,,,,,10.50390625,,,,
15/11/2023 19:31:12.753564,76.9697,35.01,,,,,97.2,8.18737152,,
15/11/2023 19:31:12.756002,,,1.159615755,1.080771804,,,,,,
15/11/2023 19:31:12.765997,,,1.159615755,1.080771804,,,,,,
15/11/2023 19:31:12.810977,,,1.159615755,1.080771804,,,,,,
15/11/2023 19:31:12.826174,,,1.159615755,1.080771804,,,,,,
15/11/2023 19:31:12.856168,,,1.159615755,1.080771804,,,,,,
15/11/2023 19:31:12.886179,,,1.159615755,1.080771804,,,,,,
15/11/2023 19:31:12.918680,,,1.159615755,1.080771804,,,,,,
15/11/2023 19:31:12.940831,,,,,,,,,,
15/11/2023 19:31:12.959628,,,1.159615755,1.080771804,,,,,,
15/11/2023 19:31:12.968497,,,1.159615755,1.080771804,,,,,,
15/11/2023 19:31:12.996137,,,1.159615755,1.080771804,,,,,,
15/11/2023 19:31:13.100950,,,1.159615755,1.080771804,,,,,,
15/11/2023 19:31:13.105976,,,1.159615755,1.080771804,,,,,,
15/11/2023 19:31:13.118534,,,1.159615755,1.080771804,,,,,,
15/11/2023 19:31:13.285536,,,1.159615755,1.080771804,,,,,,
15/11/2023 19:31:13.460101,,,1.159615755,1.080771804,,,,,,
15/11/2023 19:31:13.635250,,,1.159615755,1.080771804,,,,,,
15/11/2023 19:31:13.640135,,,1.159615755,1.080771804,,,,,,
15/11/2023 19:31:13.642789,,,1.159615755,1.080771804,,,,,,
15/11/2023 19:31:13.652878,,,1.159615755,1.080771804,,,,,,
15/11/2023 19:31:13.659679,,,1.159615755,1.080771804,,,,,,
15/11/2023 19:31:13.670231,,,1.159615755,1.080771804,,,,,,
15/11/2023 19:31:13.692703,,,1.159615755,1.080771804,,,,,,
15/11/2023 19:31:13.717760,,,1.159615755,1.080771804,,,,,,
15/11/2023 19:31:13.720139,,,,,,,,,,
15/11/2023 19:31:13.738048,,,1.159615755,1.080771804,,,,,,
15/11/2023 19:31:13.739203,,,1.159615755,1.080771804,,,,,,
15/11/2023 19:31:13.760334,,,1.159615755,1.080771804,,,,,,
15/11/2023 19:31:13.762240,,,1.159615755,1.080771804,,,,,,
15/11/2023 19:31:13.817746,,,1.159615755,1.080771804,,,,,,
15/11/2023 19:31:13.822873,,,1.159615755,1.080771804,,,,,,
15/11/2023 19:31:13.835128,,,1.159615755,1.080771804,,,,,,
15/11/2023 19:31:13.837662,,,1.159615755,1.080771804,,,,,,
15/11/2023 19:31:13.848518,,,1.159615755,1.080771804,,,,,,
15/11/2023 19:31:13.858619,,,1.159615755,1.080771804,,,,,,
15/11/2023 19:31:13.881109,,,1.159615755,1.080771804,,,,,,
15/11/2023 19:31:13.910301,,,1.159615755,1.080771804,,,,,,
15/11/2023 19:31:13.911495,,,,,,0.9375,,,,
15/11/2023 19:31:13.927734,,,1.159615755,1.080771804,,,,,,
15/11/2023 19:31:13.933914,,,,,12.23242188,,,,,
15/11/2023 19:31:13.937429,,,,,27.484375,,,,,
15/11/2023 19:31:13.937799,,,,,,25.01953125,,,,
15/11/2023 19:31:13.975396,,,1.159615755,1.080771804,,,,,,
15/11/2023 19:31:14.107884,,,1.159615755,1.080771804,,,,,,
15/11/2023 19:31:14.252526,,,1.159615755,1.080771804,,,,,,
15/11/2023 19:31:14.585048,,,1.159615755,1.080771804,,,,,,
15/11/2023 19:31:14.605366,,,1.159615755,1.080771804,,,,,,
15/11/2023 19:31:14.608066,,,1.159615755,1.080771804,,,,,,
15/11/2023 19:31:14.627472,,,1.159615755,1.080771804,,,,,,
15/11/2023 19:31:14.628991,,,1.159615755,1.080771804,,,,,,
15/11/2023 19:31:14.650010,,,1.159615755,1.080771804,,,,,,
15/11/2023 19:31:14.652682,,,1.159615755,1.080771804,,,,,,
15/11/2023 19:31:14.667846,,,1.159615755,1.080771804,,,,,,
15/11/2023 19:31:14.672167,,,1.159615755,1.080771804,,,,,,
15/11/2023 19:31:14.674433,,,,,,,,,,
15/11/2023 19:31:14.693241,,,1.159615755,1.080771804,,,,,,
15/11/2023 19:31:14.707299,,,1.159615755,1.080771804,,,,,,
15/11/2023 19:31:14.738743,,,1.159615755,1.080771804,,,,,,
15/11/2023 19:31:14.743644,,,1.159615755,1.080771804,,,,,,
15/11/2023 19:31:14.748500,,,1.159615755,1.080771804,,,,,,
15/11/2023 19:31:14.758475,,,1.159615755,1.080771804,,,,,,
15/11/2023 19:31:14.773706,,,1.159615755,1.080771804,,,,,,
15/11/2023 19:31:14.809055,,,1.159615755,1.080771804,,,,,,
15/11/2023 19:31:14.860120,,,1.159615755,1.080771804,,,,,,
15/11/2023 19:31:14.900236,,,1.159615755,1.080771804,,,,,,
15/11/2023 19:31:14.952507,,,,,47.24414063,,,,,
15/11/2023 19:31:14.954868,,,,,,32.14453125,,,,
15/11/2023 19:31:14.955803,,,1.159615755,1.080771804,,,,,,
15/11/2023 19:31:15.149990,,,1.159615755,1.080771804,,,,,,
15/11/2023 19:31:15.425646,,,1.159615755,1.080771804,,,,,,
15/11/2023 19:31:15.590228,,,1.159615755,1.080771804,,,,,,
15/11/2023 19:31:15.616771,,,1.159615755,1.080771804,,,,,,
15/11/2023 19:31:15.623573,,,1.159615755,1.080771804,,,,,,
15/11/2023 19:31:15.625997,,,1.159615755,1.080771804,,,,,,
15/11/2023 19:31:15.646154,,,1.159615755,1.080771804,,,,,,
15/11/2023 19:31:15.697489,,,1.159615755,1.080771804,,,,,,
15/11/2023 19:31:15.720340,,,1.159615755,1.080771804,,,,,,
15/11/2023 19:31:15.747576,,,1.159615755,1.080771804,,,,,,
15/11/2023 19:31:15.776728,,,1.159615755,1.080771804,,,,,,
15/11/2023 19:31:15.805444,,,1.159615755,1.080771804,,,,,,
15/11/2023 19:31:15.805894,,,,,,,,,,
15/11/2023 19:31:15.839150,,,1.159615755,1.080771804,,,,,,
15/11/2023 19:31:15.940326,,,1.159615755,1.080771804,,,,,,
