Datetime,kobuki_bat,powerbank_bat,position_x,position_y,throughput_upload,throughput_download,cpu_usage,ram_usage,completed_service_name,completed_service_duration
34:05.0,,,0.075005926,-0.01006791,,,,,,
34:05.0,,,,,8608.219727,,,,,
34:05.2,,,0.075005937,-0.010067892,,,,,,
34:05.2,,,0.075005933,-0.010067899,,,,,,
34:05.3,,,,,9492.142578,,,,,
34:05.3,,,,,,25.515625,,,,
34:05.3,,,0.075005934,-0.010067898,,,,,,
34:05.3,,,,,7412.204102,,,,,
34:05.3,,,,,,14.08886719,,,,
34:05.4,,,0.075005935,-0.010067896,,,,,,
34:05.7,,,0.075005936,-0.010067894,,,,,,
34:05.7,,,0.075005927,-0.010067908,,,,,,
34:05.7,,,,,,24.13964844,,,,
34:05.9,,,,,,,,,,
34:06.0,,,0.075005937,-0.010067893,,,,,,
34:06.0,,,0.075005933,-0.010067898,,,,,,
34:07.0,,,,,,,,,,
34:07.2,,,0.074391767,-0.007733797,,,,,,
34:07.2,,,0.07439177,-0.007733789,,,,,,
34:07.2,,,0.074391772,-0.007733782,,,,,,
34:07.2,,,0.074391775,-0.007733774,,,,,,
34:07.2,,,0.074391783,-0.007733751,,,,,,
34:07.2,,,0.074391784,-0.00773375,,,,,,
34:07.2,,,0.075070235,-0.006283528,,,,,,
34:07.2,,,0.075070236,-0.006283524,,,,,,
34:07.2,,,0.075070242,-0.006283509,,,,,,
34:07.2,,,,,6405.956055,,,,,
34:07.2,,,,,,92.97070313,,,,
34:07.2,,,0.075070248,-0.006283495,,,,,,
34:07.4,,,,,8760.259766,,,,,
34:07.4,,,,,,43.3984375,,,,
34:07.9,,,,,,,,,,
34:09.0,,,,,,,,,,
34:09.7,,,0.075770107,-0.009411462,,,,,,
34:09.7,,,0.07577011,-0.009411464,,,,,,
34:09.7,,,0.075770114,-0.009411467,,,,,,
34:09.8,,,0.075770121,-0.009411473,,,,,,
34:09.8,,,0.075770123,-0.009411473,,,,,,
34:09.8,,,0.075770124,-0.009411474,,,,,,
34:09.8,,,0.075770126,-0.009411476,,,,,,
34:09.8,,,,,7432.355469,,,,,
34:09.8,,,,,,32.83789063,,,,
34:09.8,,,0.075770129,-0.009411478,,,,,,
34:09.8,,,0.075770132,-0.00941148,,,,,,
34:09.9,,,0.075770134,-0.009411482,,,,,,
34:09.9,88.4848,63.77,,,,,95.9,8.18737152,,
34:09.9,,,,,,,,,,
34:10.8,,,,,8763.708008,,,,,
34:10.8,,,,,,15.88574219,,,,
34:10.8,,,,,8067.728516,,,,,
34:10.9,,,,,,14.34667969,,,,
34:11.0,,,,,,,,,,
34:12.2,,,,,,,,,,
34:12.4,,,0.082839892,-0.012917105,,,,,,
34:12.4,,,0.082839894,-0.012917106,,,,,,
34:12.5,,,0.082839906,-0.012917112,,,,,,
34:12.5,,,0.076917261,-0.007128334,,,,,,
34:12.5,,,0.07691726,-0.007128325,,,,,,
34:12.5,,,0.076917258,-0.007128317,,,,,,
34:12.5,,,0.076917257,-0.007128309,,,,,,
34:12.5,,,0.076917256,-0.007128301,,,,,,
34:12.5,,,0.076917253,-0.007128284,,,,,,
34:12.5,,,0.076917251,-0.007128277,,,,,,
34:12.6,,,,,7458.916992,,,,,
34:12.6,,,,,,14.65820313,,,,
34:12.6,,,,,7546.773438,,,,,
34:12.6,,,,,,25.8515625,,,,
34:12.7,88.4848,64.17,,,,,94.7,8.18737152,,
34:12.7,,,,,6887.177734,,,,,
34:12.7,,,,,,59.03222656,,,,
34:12.7,88.4848,64.17,,,,,100,8.18737152,,
34:12.9,,,,,,,,,,
34:14.0,,,,,,,,,,
34:14.7,,,0.076308386,-0.007437692,,,,,,
34:14.7,,,0.075969453,-0.006218492,,,,,,
34:14.7,,,0.07596945,-0.006218486,,,,,,
34:14.8,,,0.075969445,-0.006218475,,,,,,
34:14.8,,,0.075969444,-0.006218474,,,,,,
34:14.8,,,0.075969442,-0.006218468,,,,,,
34:14.8,,,0.075969437,-0.006218457,,,,,,
34:14.8,,,0.075969433,-0.006218446,,,,,,
34:14.9,,,0.075969432,-0.006218446,,,,,,
34:14.9,,,0.075969432,-0.006218445,,,,,,
34:15.2,,,,,8434.484375,,,,,
34:15.2,,,,,,37.58496094,,,,
34:15.2,,,,,7254.967773,,,,,
34:15.2,,,,,,45.46777344,,,,
34:15.5,,,,,,,,,,
34:15.9,,,,,,,,,,
34:16.5,,,0.076387544,-0.009162521,,,,,,
34:16.5,,,0.076387544,-0.009162523,,,,,,
34:16.5,,,0.076387544,-0.009162527,,,,,,
34:16.5,,,0.076387544,-0.00916253,,,,,,
34:16.6,,,0.076387544,-0.009162534,,,,,,
34:16.6,,,0.075979597,-0.010465421,,,,,,
34:16.7,,,0.075979596,-0.010465432,,,,,,
34:16.7,,,,,5880.296875,,,,,
34:16.7,,,,,,29.07324219,,,,
34:16.7,,,0.075979595,-0.01046544,,,,,,
34:16.7,,,0.075979594,-0.010465445,,,,,,
34:16.7,,,0.075979592,-0.010465459,,,,,,
34:16.8,,,,,6658.924805,,,,,
34:16.8,,,,,,20.13867188,,,,
34:16.9,,,,,,,,,,
34:17.9,,,,,,,,,,
34:18.1,,,0.07517106,-0.008078988,,,,,,
34:18.1,,,0.075171061,-0.008078988,,,,,,
34:18.1,,,0.075171059,-0.008078986,,,,,,
34:18.2,,,0.075171057,-0.008078983,,,,,,
34:18.2,,,0.075171055,-0.008078981,,,,,,
34:18.2,,,0.075171054,-0.008078979,,,,,,
34:18.3,,,,,6276.257813,,,,,
34:18.3,,,,,,14.63085938,,,,
34:18.4,88.4848,63.85,,,,,95.6,8.18737152,,
34:18.6,,,0.075171072,-0.008079003,,,,,,
34:18.8,,,0.07517107,-0.008079001,,,,,,
34:18.8,,,0.075171069,-0.008079,,,,,,
34:18.8,,,0.075171064,-0.008078993,,,,,,
34:18.9,,,,,,,,,,
34:19.8,,,0.074759877,-0.010154634,,,,,,
34:19.8,,,0.074759875,-0.010154636,,,,,,
34:19.8,,,0.074759872,-0.010154638,,,,,,
34:19.8,,,0.07475987,-0.010154641,,,,,,
34:19.8,,,0.074759865,-0.010154645,,,,,,
34:19.8,,,0.074759862,-0.010154647,,,,,,
34:19.8,,,0.074759862,-0.010154647,,,,,,
34:19.8,,,,,8132.180664,,,,,
34:19.8,,,,,,14.85742188,,,,
34:19.8,,,0.07475986,-0.010154649,,,,,,
34:19.8,,,0.074759858,-0.01015465,,,,,,
34:19.8,,,0.074759856,-0.010154652,,,,,,
34:19.9,,,,,,,,,,
34:20.5,,,,,7443.344727,,,,,
34:20.5,,,,,,34.03515625,,,,
34:20.9,,,,,,,,,,
34:21.6,,,0.076790326,-0.011445509,,,,,,
34:21.6,,,0.076790328,-0.011445511,,,,,,
34:21.7,,,0.07679033,-0.011445513,,,,,,
34:21.7,,,0.076790332,-0.011445515,,,,,,
34:21.7,,,0.076790334,-0.011445517,,,,,,
34:21.7,,,0.076790338,-0.011445522,,,,,,
34:21.7,,,0.076790338,-0.011445522,,,,,,
34:21.7,,,0.080277941,-0.014918018,,,,,,
34:21.8,,,0.080277957,-0.014918034,,,,,,
34:21.8,,,0.080277971,-0.014918048,,,,,,
34:21.8,,,,,9679.083008,,,,,
34:21.8,,,,,,15.12988281,,,,
34:21.8,,,,,7530.244141,,,,,
34:21.8,,,,,,32.13085938,,,,
34:21.9,,,,,,,,,,
34:22.9,,,,,,,,,,
34:23.1,,,0.075726351,-0.009460021,,,,,,
34:23.2,,,0.07572635,-0.009460019,,,,,,
34:23.2,,,0.075726346,-0.009460013,,,,,,
34:23.2,,,0.075726342,-0.009460007,,,,,,
34:23.2,,,0.075726338,-0.009460001,,,,,,
34:23.2,,,0.075726334,-0.009459996,,,,,,
34:23.2,,,0.075726331,-0.009459991,,,,,,
34:23.2,,,0.075726323,-0.009459979,,,,,,
34:23.2,,,0.07572632,-0.009459975,,,,,,
34:23.2,88.4848,63.85,,,,,96.7,8.18737152,,
34:23.2,,,0.075726319,-0.009459974,,,,,,
34:23.2,88.4848,63.85,,,,,90.9,8.18737152,,
34:23.3,,,,,8315.900391,,,,,
34:23.3,,,,,,38.67089844,,,,
34:23.9,,,,,,,,,,
34:24.7,,,0.075053212,-0.009307566,,,,,,
34:24.7,,,0.07505321,-0.009307564,,,,,,
34:24.7,,,0.075053208,-0.009307562,,,,,,
34:24.7,,,0.075053206,-0.009307561,,,,,,
34:24.7,,,0.075053201,-0.009307556,,,,,,
34:24.8,,,0.074280322,-0.015387399,,,,,,
34:24.8,,,,,8945.027344,,,,,
34:24.8,,,,,,27.42675781,,,,
34:24.8,,,0.074280321,-0.015387403,,,,,,
34:24.8,,,0.074280316,-0.01538742,,,,,,
34:24.8,,,0.074280311,-0.015387437,,,,,,
34:24.8,,,0.074280306,-0.015387452,,,,,,
34:24.9,,,,,,,,,,
34:25.4,,,,,8860.670898,,,,,
34:25.4,,,,,,15.36230469,,,,
34:25.9,,,,,,,,,,
34:26.7,,,0.075011422,-0.006852604,,,,,,
34:26.8,,,0.075011422,-0.006852602,,,,,,
34:26.8,,,0.075011421,-0.006852599,,,,,,
34:26.8,,,0.075011421,-0.006852596,,,,,,
34:26.8,,,0.075011421,-0.006852593,,,,,,
34:26.9,,,0.075011421,-0.006852586,,,,,,
34:26.9,,,0.075011421,-0.006852584,,,,,,
34:26.9,,,,,,,,,/IP_10_3_0_8/release_trolley,12766
34:26.9,,,0.07501142,-0.00685258,,,,,,
34:26.9,,,0.07501142,-0.006852578,,,,,,
34:26.9,,,,,,,,,,
34:27.0,,,0.07501142,-0.006852576,,,,,,
34:27.0,,,,,9031.540039,,,,,
34:27.0,,,,,,14.66503906,,,,
34:27.2,,,,,6454.880859,,,,,
34:27.2,,,,,,14.24511719,,,,
34:27.4,,,,,,,,,/IP_10_3_0_8/rosping_service,8248
34:27.9,,,,,,,,,,
34:28.9,,,0.074761031,-0.011158405,,,,,,
34:28.9,,,0.074761036,-0.011158403,,,,,,
34:28.9,,,0.074761042,-0.0111584,,,,,,
34:28.9,,,,,,,,,,
34:29.1,,,,,,,,,/IP_10_3_0_8/move_camera,2263
34:29.1,88.4848,64.3,,,,,95.7,8.18737152,,
34:29.1,,,,,7243.345703,,,,,
34:29.1,,,,,,14.51855469,,,,
34:29.4,,,0.074761047,-0.011158398,,,,,,
34:29.4,,,,,8094.71582,,,,,
34:29.4,,,,,,36.74023438,,,,
34:29.4,,,0.074761052,-0.011158395,,,,,,
34:29.4,,,0.074761057,-0.011158393,,,,,,
34:29.5,,,0.074761061,-0.011158391,,,,,,
34:29.5,,,0.074761072,-0.011158386,,,,,,
34:29.5,,,0.074761076,-0.011158384,,,,,,
34:29.5,,,0.074761077,-0.011158384,,,,,,
34:29.9,,,,,,,,,,
34:31.2,,,0.116020844,-0.007476097,,,,,,
34:31.2,,,0.124306585,-0.00588967,,,,,,
34:31.2,,,0.133460822,-0.00380908,,,,,,
34:31.2,,,0.1429574,-0.001346322,,,,,,
34:31.2,,,0.153535192,0.001787889,,,,,,
34:31.2,,,0.169133811,0.007018822,,,,,,
34:31.2,,,0.18080342,0.011550379,,,,,,
34:31.2,,,0.20538281,0.022843362,,,,,,
34:31.2,,,0.218194487,0.029344728,,,,,,
34:31.2,,,0.233477179,0.037700771,,,,,,
34:31.2,,,,,,,,,,
34:31.2,,,,,8147.785156,,,,,
34:31.2,,,,,,38.77929688,,,,
34:31.5,,,,,9589.299805,,,,,
34:31.5,,,,,,44.34375,,,,
34:31.9,,,,,,,,,,
34:32.9,,,,,,,,,,
34:33.2,,,0.633977336,0.559807743,,,,,,
34:33.2,,,0.650594473,0.579902543,,,,,,
34:33.2,,,0.675478817,0.610032063,,,,,,
34:33.2,,,0.698870884,0.638565741,,,,,,
34:33.2,,,0.706747423,0.648293305,,,,,,
34:33.2,,,0.721587017,0.666802385,,,,,,
34:33.2,,,0.735393314,0.684397968,,,,,,
34:33.2,,,,,7338.058594,,,,,
34:33.2,,,,,,38.79003906,,,,
34:33.3,,,0.748186538,0.701262038,,,,,,
34:33.3,,,0.760382476,0.718025938,,,,,,
34:33.3,,,0.772023146,0.73487594,,,,,,
34:33.4,88.4848,63.81,,,,,96.7,8.18737152,,
34:33.4,88.4848,63.81,,,,,100,8.18737152,,
34:33.4,,,,,8687.612305,,,,,
34:33.4,,,,,,24.97070313,,,,
34:33.9,,,,,,,,,,
34:34.9,,,,,,,,,,
34:35.3,,,1.040261568,1.0849972,,,,,,
34:35.4,,,1.048881348,1.071184765,,,,,,
34:35.4,,,1.056887283,1.0595916,,,,,,
34:35.4,,,1.059651486,1.055844688,,,,,,
34:35.4,,,1.064806629,1.04906399,,,,,,
34:35.4,,,,,9229.882813,,,,,
34:35.4,,,,,,19.10058594,,,,
34:35.4,,,1.069729985,1.042966618,,,,,,
34:35.4,,,1.074585499,1.037401037,,,,,,
34:35.4,,,1.078977592,1.032652681,,,,,,
34:35.4,,,1.083214884,1.028392343,,,,,,
34:35.4,,,1.089116187,1.022876438,,,,,,
34:35.5,,,,,10477.41699,,,,,
34:35.5,,,,,,16.20800781,,,,
34:36.0,,,,,,,,,,
34:37.0,,,,,,,,,,
34:38.0,,,1.157993955,1.108831633,,,,,,
34:38.0,,,,,,,,,,
34:38.2,,,1.157998164,1.108831281,,,,,,
34:38.2,,,,,8646.947266,,,,,
34:38.2,,,,,,28.72167969,,,,
34:38.2,,,1.157999337,1.108831184,,,,,,
34:38.2,,,1.158001825,1.108830976,,,,,,
34:38.2,,,1.158004196,1.108830778,,,,,,
34:38.2,,,1.158009356,1.108830339,,,,,,
34:38.2,,,1.158014361,1.108829913,,,,,,
34:38.2,,,1.158025167,1.108828982,,,,,,
34:38.2,,,1.158029399,1.108828619,,,,,,
34:38.2,,,1.158031405,1.10882845,,,,,,
34:38.3,,,,,6582.662109,,,,,
34:38.3,,,,,,14.78808594,,,,
34:38.3,,,,,6866.557617,,,,,
34:38.3,,,,,,31.53125,,,,
34:39.0,,,,,,,,,,
34:39.1,,,,,,,,,/IP_10_3_0_8/move_robot,9859
34:39.9,,,,,,,,,,
34:40.5,,,1.155467657,1.104258731,,,,,,
34:40.6,88.4848,63.64,,,,,96.4,8.18737152,,
34:40.6,,,1.155468265,1.104258683,,,,,,
34:40.6,,,1.15547024,1.104258522,,,,,,
34:40.6,,,1.155470887,1.10425847,,,,,,
34:40.6,,,1.155470946,1.104258466,,,,,,
34:40.6,,,1.155471544,1.104258418,,,,,,
34:40.6,,,1.155472114,1.104258372,,,,,,
34:40.6,,,1.160222521,1.101578746,,,,,,
34:40.6,,,1.160224574,1.101578544,,,,,,
34:40.6,,,1.160224775,1.101578529,,,,,,
34:40.7,,,,,6582.972656,,,,,
34:40.7,,,,,,40.15429688,,,,
34:40.8,,,,,6169.890625,,,,,
34:40.8,,,,,,39.53710938,,,,
34:40.8,,,,,6727.946289,,,,,
34:40.8,,,,,,15.15136719,,,,
34:41.0,,,,,,,,,,
34:41.3,,,,,,,,,/IP_10_3_0_8/move_camera,2314
34:41.9,,,,,,,,,,
34:42.9,,,1.142337608,1.097132243,,,,,,
34:43.0,,,,,,,,,,
34:43.2,,,,,7071.130859,,,,,
34:43.2,,,,,,19.64746094,,,,
34:43.2,88.4848,63.83,,,,,95.4,8.18737152,,
34:43.2,,,,,6595.012695,,,,,
34:43.2,,,,,,27.36230469,,,,
34:43.2,88.4848,63.83,,,,,100,8.18737152,,
34:43.3,,,1.136987626,1.095063091,,,,,,
34:43.3,,,1.131007731,1.092532833,,,,,,
34:43.4,,,1.124672616,1.089506736,,,,,,
34:43.4,,,1.117814528,1.086061724,,,,,,
34:43.4,,,1.156001625,1.093000395,,,,,,
34:43.4,,,1.14320981,1.088466287,,,,,,
34:43.4,,,1.128344039,1.082368452,,,,,,
34:43.4,,,1.123323339,1.08012952,,,,,,
34:43.4,,,1.112760287,1.075126721,,,,,,
34:44.0,,,,,,,,,,
34:44.9,,,,,,,,,,
34:45.1,,,0.557037338,0.417491622,,,,,,
34:45.1,,,0.539778832,0.396464338,,,,,,
34:45.1,,,0.514572786,0.365613189,,,,,,
34:45.2,,,0.489324438,0.334439503,,,,,,
34:45.2,,,0.48112384,0.3242766,,,,,,
34:45.2,,,0.46443581,0.30356827,,,,,,
34:45.2,,,0.44782471,0.282922009,,,,,,
34:45.2,,,0.431272833,0.262298856,,,,,,
34:45.2,,,0.414739002,0.241645635,,,,,,
34:45.2,,,0.398250631,0.220970207,,,,,,
34:45.2,,,,,6590.43457,,,,,
34:45.2,,,,,,32.17773438,,,,
34:45.3,,,,,6954.665039,,,,,
34:45.3,,,,,,26.61523438,,,,
34:45.9,,,,,,,,,,
34:46.9,,,,,,,,,,
34:47.2,,,0.084955159,-0.240966655,,,,,,
34:47.2,,,0.08564968,-0.236749887,,,,,,
34:47.2,,,0.086662222,-0.229806944,,,,,,
34:47.2,,,0.087487637,-0.224603093,,,,,,
34:47.2,,,0.087641665,-0.223294832,,,,,,
34:47.2,,,0.087943037,-0.22139911,,,,,,
34:47.3,,,0.088171061,-0.219637921,,,,,,
34:47.3,,,,,9650.243164,,,,,
34:47.3,,,,,,37.90136719,,,,
34:47.3,,,0.088242233,-0.219015705,,,,,,
34:47.3,,,0.088252718,-0.218879689,,,,,,
34:47.3,,,0.088270988,-0.218692034,,,,,,
34:47.5,,,,,11571.69238,,,,,
34:47.5,,,,,,42.0703125,,,,
34:47.9,,,,,,,,,,
34:48.1,,,,,,,,,/IP_10_3_0_8/move_robot,6785
34:48.3,,,,,,,,,/IP_10_3_0_8/rosping_service,4827
34:48.9,,,,,,,,,,
34:49.4,,,0.005223803,-0.355717805,,,,,,
34:49.4,,,0.005224306,-0.355706232,,,,,,
34:49.4,,,0.005224732,-0.35569637,,,,,,
34:49.4,,,0.00522537,-0.355681654,,,,,,
34:49.4,,,0.005225787,-0.355672066,,,,,,
34:49.4,,,0.005226164,-0.355663374,,,,,,
34:49.4,,,0.005226533,-0.355654853,,,,,,
34:49.4,,,0.005227586,-0.355631506,,,,,,
34:49.4,,,,,5605.171875,,,,,
34:49.4,,,,,,36.04785156,,,,
34:49.4,,,0.005227893,-0.355624411,,,,,,
34:49.4,,,0.005228338,-0.355614272,,,,,,
34:49.6,88.4848,63.76,,,,,97.3,8.18737152,,
34:49.8,,,,,7082.943359,,,,,
34:49.8,,,,,,25.47460938,,,,
34:49.9,,,,,,,,,,
34:50.3,,,,,,,,,/IP_10_3_0_8/move_camera,2165
34:50.9,,,,,,,,,,
34:51.3,,,0.003793407,-0.350500756,,,,,,
34:51.3,,,0.003793568,-0.350497433,,,,,,
34:51.3,,,0.003793732,-0.350494087,,,,,,
34:51.3,,,,,5935.464844,,,,,
34:51.3,,,,,,14.69433594,,,,
34:51.3,,,0.003793888,-0.350490885,,,,,,
34:51.3,,,0.003794048,-0.350487631,,,,,,
34:51.3,,,0.003794509,-0.35047834,,,,,,
34:51.4,,,0.003794635,-0.350475793,,,,,,
34:51.4,,,0.003794756,-0.350473372,,,,,,
34:51.4,,,0.003794815,-0.350472173,,,,,,
34:51.5,,,0.003794991,-0.350468653,,,,,,
34:51.7,,,,,5418.954102,,,,,
34:51.7,,,,,,23.52246094,,,,
34:51.9,,,,,,,,,,
34:52.3,,,,,,,,,/IP_10_3_0_8/object_detection,2062
34:52.9,,,,,,,,,,
34:53.2,,,0.00917796,-0.353558927,,,,,,
34:53.2,,,0.009178087,-0.353556136,,,,,,
34:53.2,,,0.009178222,-0.353553162,,,,,,
34:53.2,,,0.009178274,-0.353551956,,,,,,
34:53.2,,,0.009178293,-0.353551519,,,,,,
34:53.2,,,,,7542.620117,,,,,
34:53.2,,,,,,29.79882813,,,,
34:53.2,,,0.00917839,-0.353549405,,,,,,
34:53.2,,,0.009178485,-0.353547314,,,,,,
34:53.2,,,0.009178583,-0.353545178,,,,,,
34:53.2,,,0.009178665,-0.353543401,,,,,,
34:53.2,,,0.00917875,-0.353541579,,,,,,
34:53.3,88.4848,63.7,,,,,98.4,8.18737152,,
34:53.3,88.4848,63.7,,,,,100,8.18737152,,
34:53.3,,,,,7100.606445,,,,,
34:53.3,,,,,,21.88964844,,,,
34:53.9,,,,,,,,,,
34:54.5,,,,,,,,,/IP_10_3_0_8/move_camera,2112
34:54.9,,,,,,,,,,
34:55.0,,,0.00060403,-0.350060499,,,,,,
34:55.1,,,0.000604058,-0.350059459,,,,,,
34:55.3,,,,,7244.332031,,,,,
34:55.3,,,,,,41.015625,,,,
34:55.4,,,0.000604079,-0.350058728,,,,,,
34:55.4,,,0.0006041,-0.350057982,,,,,,
34:55.5,,,,,8030.578125,,,,,
34:55.5,,,,,,40.75195313,,,,
34:55.5,,,0.000604119,-0.350057309,,,,,,
34:55.5,,,0.000604137,-0.35005667,,,,,,
34:55.5,,,0.000604155,-0.350056061,,,,,,
34:55.6,,,0.000604201,-0.350054507,,,,,,
34:55.6,,,0.000604215,-0.350053979,,,,,,
34:55.7,,,0.000604055,-0.350059598,,,,,,
34:55.8,,,,,,,,,/IP_10_3_0_8/reverse_robot,1307
34:55.9,,,,,,,,,,
34:56.7,,,0.006393942,-0.248390272,,,,,,
34:56.8,,,0.006192574,-0.240299937,,,,,,
34:56.8,,,0.016473279,-0.232684474,,,,,,
34:56.8,,,0.016640275,-0.224713624,,,,,,
34:56.8,,,0.016536539,-0.216704506,,,,,,
34:56.9,,,0.016067741,-0.206391196,,,,,,
34:56.9,,,0.015149862,-0.197564358,,,,,,
34:56.9,,,0.014757167,-0.194800802,,,,,,
34:56.9,,,,,,,,,,
34:57.0,,,0.013898251,-0.189414129,,,,,,
34:57.0,,,,,6775.548828,,,,,
34:57.0,,,,,,34.0703125,,,,
34:57.0,,,0.01301411,-0.184714762,,,,,,
34:57.1,,,,,6412.066406,,,,,
34:57.1,,,,,,26.33886719,,,,
34:57.9,,,,,,,,,,
34:58.3,,,0.055502501,-0.198455964,,,,,,
34:58.3,,,0.064182905,-0.203274353,,,,,,
34:58.3,,,0.079147369,-0.210924439,,,,,,
34:58.3,,,0.100245432,-0.220447748,,,,,,
34:58.4,,,0.106250804,-0.222919442,,,,,,
34:58.4,,,0.024857536,-0.162487626,,,,,,
34:58.4,,,0.038031688,-0.168098403,,,,,,
34:58.4,,,0.052148028,-0.173756985,,,,,,
34:58.4,,,0.066558866,-0.179281098,,,,,,
34:58.4,,,0.082071105,-0.184862801,,,,,,
34:58.4,,,,,8133.842773,,,,,
34:58.4,,,,,,20.11132813,,,,
34:58.5,88.4848,63.64,,,,,97.9,8.18737152,,
34:59.0,,,,,,,,,,
34:59.9,,,,,,,,,,
35:00.0,,,0.550091859,-0.212274059,,,,,,
35:00.0,,,0.572874875,-0.220138181,,,,,,
35:00.1,,,0.662854762,-0.268750993,,,,,,
35:00.1,,,,,10381.18262,,,,,
35:00.1,,,,,,21.80566406,,,,
35:00.2,,,0.593182074,-0.228400462,,,,,,
35:00.3,,,,,6013.87793,,,,,
35:00.3,,,,,,31.16210938,,,,
35:00.3,,,0.605914678,-0.234209233,,,,,,
35:00.3,,,0.617608611,-0.240069083,,,,,,
35:00.3,,,0.628353421,-0.245937605,,,,,,
35:00.4,,,0.638253264,-0.25182136,,,,,,
35:00.7,,,0.579846704,-0.222883482,,,,,,
35:00.8,,,0.651863007,-0.260608011,,,,,,
35:00.9,,,,,,,,,,
35:01.8,,,1.013738832,-0.302148572,,,,,,
35:01.8,,,1.012231731,-0.298926362,,,,,,
35:01.8,,,1.010903966,-0.295952324,,,,,,
35:01.8,,,1.009532595,-0.292697158,,,,,,
35:01.8,,,1.008780906,-0.290788696,,,,,,
35:01.9,,,1.008672801,-0.290473213,,,,,,
35:01.9,,,1.008625569,-0.290349012,,,,,,
35:01.9,,,1.008497545,-0.289998432,,,,,,
35:01.9,,,1.00862191,-0.290324235,,,,,,
35:01.9,,,,,9578.977539,,,,,
35:01.9,,,,,,18.71679688,,,,
35:01.9,,,1.00891323,-0.291087973,,,,,,
35:01.9,,,,,,,,,,
35:02.9,,,,,8454.361328,,,,,
35:02.9,,,,,,34.21777344,,,,
35:02.9,,,,,,,,,,
35:03.8,,,0.970965019,-0.190867802,,,,,,
35:03.9,,,0.970436084,-0.188157374,,,,,,
35:03.9,,,0.969783446,-0.184761163,,,,,,
35:03.9,,,0.969499961,-0.18317365,,,,,,
35:03.9,,,,,,,,,,
35:04.2,,,,,,29.03027344,,,,
35:04.2,,,,,8394.619141,,,,,
35:04.6,88.4848,63.89,,,,,96.2,8.18737152,,
35:04.6,,,1.013097162,-0.318896145,,,,,,
35:04.6,,,,,7555.019531,,,,,
35:04.6,,,,,,41.76757813,,,,
35:04.6,88.4848,63.89,,,,,100,8.18737152,,
35:04.7,,,1.013062613,-0.318622922,,,,,,
35:04.7,,,1.013061132,-0.318610865,,,,,,
35:04.7,,,1.013059649,-0.318598777,,,,,,
35:04.7,,,1.013058992,-0.318593454,,,,,,
35:04.7,,,1.013057606,-0.318582247,,,,,,
35:04.9,,,,,,,,,,
35:06.0,,,,,,,,,,
35:06.1,,,1.003547334,-0.242725864,,,,,,
35:06.1,,,1.003547075,-0.242722966,,,,,,
35:06.1,,,1.003546829,-0.242720207,,,,,,
35:06.2,,,1.00354623,-0.242713476,,,,,,
35:06.2,,,1.003546239,-0.242713583,,,,,,
35:06.3,,,,,7966.333984,,,,,
35:06.4,,,,,,15.35742188,,,,
35:06.5,,,,,7844.149414,,,,,
35:06.5,,,,,,24.79199219,,,,
35:06.8,,,1.003548682,-0.242740999,,,,,,
35:06.8,,,1.003548272,-0.242736399,,,,,,
35:06.8,,,1.003547798,-0.242731079,,,,,,
35:06.8,,,1.003547741,-0.242730431,,,,,,
35:06.9,,,1.003547619,-0.242729066,,,,,,
35:06.9,,,,,,,,,,
35:07.4,,,,,,,,,/IP_10_3_0_8/move_robot,11610
35:07.5,,,,,,,,,/IP_10_3_0_8/rosping_service,2764
35:07.9,,,,,,,,,,
35:08.4,,,0.998431503,-0.274815047,,,,,,
35:08.4,,,0.99843146,-0.274814592,,,,,,
35:08.4,,,0.998431298,-0.274812851,,,,,,
35:08.4,,,1.001158013,-0.278317745,,,,,,
35:08.4,,,1.001157858,-0.278315963,,,,,,
35:08.4,,,1.001157775,-0.278315006,,,,,,
35:08.4,,,1.001157718,-0.278314361,,,,,,
35:08.4,,,1.001157662,-0.27831372,,,,,,
35:08.5,,,1.001157575,-0.278312716,,,,,,
35:08.5,,,,,6443.543945,,,,,
35:08.5,,,,,,14.95898438,,,,
35:08.5,,,1.001157559,-0.278312537,,,,,,
35:08.6,,,,,6736.966797,,,,,
35:08.6,,,,,,29.16503906,,,,
35:08.7,88.4848,63.14,,,,,97.4,8.18737152,,
35:09.1,,,,,,,,,,
35:09.7,,,,,,,,,/IP_10_3_0_8/move_camera,2264
35:10.4,,,,,,,,,,
35:10.9,,,,,,,,,,
35:11.2,,,,,6811.003906,,,,,
35:11.2,,,,,,32.13183594,,,,
35:11.2,,,,,4857.099609,,,,,
35:11.2,,,,,,55.18261719,,,,
35:11.6,,,0.992502832,-0.273240967,,,,,,
35:11.6,,,,,,,,,/IP_10_3_0_8/object_detection,1358
35:11.6,,,,,8829.317383,,,,,
35:11.7,,,,,,27.23730469,,,,
35:11.7,,,0.992502808,-0.27324084,,,,,,
35:11.7,,,0.992502787,-0.273240727,,,,,,
35:11.7,,,0.992502767,-0.273240619,,,,,,
35:11.8,,,0.992502692,-0.27324022,,,,,,
35:11.8,,,0.992502696,-0.273240242,,,,,,
35:11.8,,,0.99250268,-0.273240156,,,,,,
35:11.8,,,0.992502664,-0.273240075,,,,,,
35:11.9,,,0.992502622,-0.273239848,,,,,,
35:11.9,,,0.992502633,-0.273239908,,,,,,
35:11.9,,,,,,,,,,
35:12.9,,,,,,,,,,
35:13.1,,,1.000616419,-0.283011503,,,,,,
35:13.1,,,1.000616422,-0.283011479,,,,,,
35:13.1,,,1.000616426,-0.283011455,,,,,,
35:13.2,,,1.000616427,-0.283011445,,,,,,
35:13.2,,,1.000616429,-0.283011431,,,,,,
35:13.2,,,1.000616431,-0.283011419,,,,,,
35:13.2,,,1.000616432,-0.283011414,,,,,,
35:13.2,,,1.000616433,-0.283011407,,,,,,
35:13.2,,,1.000616436,-0.283011387,,,,,,
35:13.3,,,,,4557.004883,,,,,
35:13.3,,,,,,34.95117188,,,,
35:13.3,,,,,,,,,/IP_10_3_0_8/move_camera,2313
35:13.5,88.4848,62.95,,,,,97.4,8.18737152,,
35:13.5,,,,,5535.345703,,,,,
35:13.5,,,,,,15.08203125,,,,
35:13.5,88.4848,62.95,,,,,83.3,8.18737152,,
35:13.9,,,,,,,,,,
35:13.9,,,1.000616416,-0.283011522,,,,,,
35:14.8,,,1.001270762,-0.276942072,,,,,,
35:14.9,,,,,,,,,,
35:14.9,,,1.003125132,-0.272275147,,,,,,
35:14.9,,,1.003125135,-0.272275137,,,,,,
35:14.9,,,1.003125137,-0.272275126,,,,,,
35:14.9,,,1.003125139,-0.272275116,,,,,,
35:15.0,,,1.003125141,-0.272275111,,,,,,
35:15.0,,,1.003125145,-0.272275091,,,,,,
35:15.2,,,,,6329.451172,,,,,
35:15.2,,,,,,16.796875,,,,
35:15.3,,,1.003125158,-0.272275038,,,,,,
35:15.3,,,,,5339.630859,,,,,
35:15.3,,,,,,25.85644531,,,,
35:15.5,,,1.003125149,-0.272275073,,,,,,
35:15.8,,,1.003125151,-0.272275065,,,,,,
35:15.9,,,,,,,,,,
35:16.4,,,0.991751353,-0.276094678,,,,,,
35:16.5,,,0.991751317,-0.276094678,,,,,,
35:16.5,,,0.991751306,-0.276094678,,,,,,
35:16.6,,,0.991751295,-0.276094678,,,,,,
35:16.6,,,0.991751274,-0.276094679,,,,,,
35:16.6,,,0.991751205,-0.276094679,,,,,,
35:16.7,,,0.991751194,-0.276094679,,,,,,
35:16.7,,,0.991751187,-0.276094679,,,,,,
35:16.7,,,0.991751182,-0.276094679,,,,,,
35:16.7,,,0.991751179,-0.276094679,,,,,,
35:16.7,,,,,8499.650391,,,,,
35:16.7,,,,,,33.51660156,,,,
35:16.8,,,,,7732.069336,,,,,
35:16.8,,,,,,17.80175781,,,,
35:16.9,,,,,,,,,,
35:17.9,,,,,,,,,,
35:18.1,,,1.014620778,-0.378043954,,,,,,
35:18.2,,,1.010534149,-0.309141576,,,,,,
35:18.2,,,1.01133736,-0.316659878,,,,,,
35:18.2,,,1.011600153,-0.319054831,,,,,,
35:18.2,,,1.012095368,-0.32350988,,,,,,
35:18.3,,,1.012674629,-0.328555443,,,,,,
35:18.3,,,1.013173003,-0.332855507,,,,,,
35:18.4,,,,,7584.719727,,,,,
35:18.4,,,,,,33.46386719,,,,
35:18.4,,,1.012580284,-0.362616599,,,,,,
35:18.4,88.4848,63.04,,,,,97.8,8.18737152,,
35:18.7,,,1.013301861,-0.368207572,,,,,,
35:18.9,,,,,,,,,,
35:19.0,,,1.013924835,-0.372895542,,,,,,
35:19.6,,,1.039667016,-0.448904588,,,,,,
35:19.6,,,1.039972722,-0.451267598,,,,,,
35:19.6,,,1.040284019,-0.453695756,,,,,,
35:19.7,,,1.040696258,-0.456956651,,,,,,
35:19.7,,,1.040960732,-0.459051311,,,,,,
35:19.7,,,1.041439476,-0.462801461,,,,,,
35:19.7,,,1.041578485,-0.463875224,,,,,,
35:19.8,,,1.041874473,-0.466136375,,,,,,
35:19.8,,,,,9806.625977,,,,,
35:19.8,,,,,,55.77148438,,,,
35:19.8,,,1.042279892,-0.469200811,,,,,,
35:19.8,,,1.042424716,-0.470252524,,,,,,
35:19.9,,,,,,,,,,
35:19.9,,,,,10247.97266,,,,,
35:19.9,,,,,,18.94824219,,,,
35:20.9,,,,,,,,,,
35:21.3,,,1.043215166,-0.534474215,,,,,,
35:21.3,,,1.059655656,-0.549735092,,,,,,
35:21.3,,,1.059839149,-0.550810611,,,,,,
35:21.4,,,1.060101618,-0.552401014,,,,,,
35:21.4,,,1.060291479,-0.553577429,,,,,,
35:21.4,,,1.060313259,-0.553714714,,,,,,
35:21.4,,,1.060437147,-0.554519068,,,,,,
35:21.4,,,1.060563872,-0.555350628,,,,,,
35:21.4,,,1.060690087,-0.556191308,,,,,,
35:21.4,,,1.060795601,-0.556910653,,,,,,
35:21.6,,,,,9641.491211,,,,,
35:21.6,,,,,,18.02148438,,,,
35:21.9,,,,,,,,,,
35:22.8,,,1.057368396,-0.568098973,,,,,,
35:22.9,,,,,,,,,,
35:22.9,,,1.057464669,-0.568844572,,,,,,
35:22.9,,,1.057474624,-0.568923585,,,,,,
35:22.9,,,1.057501984,-0.569143729,,,,,,
35:23.0,,,,,8308.946289,,,,,
35:23.0,,,,,,19.05957031,,,,
35:23.0,,,1.057531026,-0.569382141,,,,,,
35:23.1,,,1.057542728,-0.569477662,,,,,,
35:23.1,,,1.057572247,-0.569724749,,,,,,
35:23.1,88.4848,62.82,,,,,98.7,8.18737152,,
35:23.1,88.4848,62.82,,,,,92.3,8.18737152,,
35:23.2,,,,,8066.257813,,,,,
35:23.2,,,,,,17.34570313,,,,
35:23.2,,,1.057608754,-0.570039717,,,,,,
35:23.5,,,1.057641008,-0.57032133,,,,,,
35:23.5,,,1.057654373,-0.570440483,,,,,,
35:23.9,,,,,,,,,,
35:24.3,,,1.061588697,-0.596231217,,,,,,
35:24.3,,,1.061632583,-0.59656666,,,,,,
35:24.3,,,1.061675321,-0.596901794,,,,,,
35:24.3,,,1.061741643,-0.597434814,,,,,,
35:24.3,,,1.061832481,-0.598194713,,,,,,
35:24.3,,,1.061888883,-0.598683711,,,,,,
35:24.3,,,1.05813375,-0.593313915,,,,,,
35:24.3,,,1.05820335,-0.593899944,,,,,,
35:24.3,,,1.058257857,-0.594380634,,,,,,
35:24.3,,,1.058334284,-0.595077629,,,,,,
35:24.4,,,,,7944.72168,,,,,
35:24.4,,,,,,32.84277344,,,,
35:24.9,,,,,,,,,,
35:25.9,,,,,,,,,,
35:26.1,,,1.052801525,-0.614579637,,,,,,
35:26.1,,,1.05671112,-0.609328117,,,,,,
35:26.1,,,1.056707488,-0.609443789,,,,,,
35:26.2,,,1.056711221,-0.60931493,,,,,,
35:26.2,,,1.056707768,-0.609450404,,,,,,
35:26.3,,,,,10095.05176,,,,,
35:26.3,,,,,,35.33496094,,,,
35:26.4,,,1.052779624,-0.613858712,,,,,,
35:26.5,,,1.05278089,-0.613911009,,,,,,
35:26.6,,,1.052787336,-0.614154025,,,,,,
35:26.7,,,1.052789484,-0.614228157,,,,,,
35:26.9,,,,,,,,,,
35:26.9,,,,,8435.851563,,,,,
35:26.9,,,,,,27.49511719,,,,
35:27.0,,,1.052800539,-0.614550205,,,,,,
35:27.4,,,1.056690501,-0.610437063,,,,,,
35:27.4,,,1.056690477,-0.610438782,,,,,,
35:27.4,,,1.058290862,-0.613354894,,,,,,
35:27.4,,,1.058290807,-0.613352077,,,,,,
35:27.4,,,1.058290756,-0.613349491,,,,,,
35:27.5,,,1.05829066,-0.613344306,,,,,,
35:27.5,,,,,9478.391602,,,,,
35:27.5,,,,,,55.33398438,,,,
35:27.5,,,1.058290599,-0.613341393,,,,,,
35:27.5,,,1.058290543,-0.613338536,,,,,,
35:27.5,,,1.058290534,-0.613338127,,,,,,
35:27.5,,,1.058290517,-0.613337343,,,,,,
35:27.9,,,,,,,,,,
35:28.9,,,,,,,,,,
35:29.1,,,1.055022538,-0.655079594,,,,,,
35:29.2,,,1.054954644,-0.662124648,,,,,,
35:29.2,,,1.054818975,-0.673236979,,,,,,
35:29.2,,,1.054652659,-0.684462079,,,,,,
35:29.2,,,1.054586546,-0.688612207,,,,,,
35:29.3,,,1.05447188,-0.695398985,,,,,,
35:29.3,,,1.054332395,-0.702732349,,,,,,
35:29.3,,,1.054188923,-0.709389189,,,,,,
35:29.4,88.4848,63.06,,,,,97.5,8.18737152,,
35:29.4,,,,,10515.9668,,,,,
35:29.4,,,,,,16.91308594,,,,
35:29.7,,,,,10052.67383,,,,,
35:29.7,,,,,,19.02050781,,,,
35:29.8,,,1.055142784,-0.640498416,,,,,,
35:29.9,,,,,,,,,,
35:30.0,,,1.055089232,-0.6475963,,,,,,
35:30.9,,,,,,,,,,
35:31.1,,,1.062490466,-0.863703685,,,,,,
35:31.2,,,1.062596136,-0.87128207,,,,,,
35:31.2,,,1.062635976,-0.874763156,,,,,,
35:31.2,,,1.062671823,-0.878490494,,,,,,
35:31.2,,,1.062695272,-0.881711818,,,,,,
35:31.2,,,1.062716981,-0.886817131,,,,,,
35:31.2,,,1.06271924,-0.890089173,,,,,,
35:31.2,,,,,7805.65332,,,,,
35:31.2,,,,,,18.42773438,,,,
35:31.2,,,1.062713157,-0.893296107,,,,,,
35:31.2,,,1.06270111,-0.896315953,,,,,,
35:31.2,,,1.062673996,-0.899540341,,,,,,
35:31.4,,,,,7647.3125,,,,,
35:31.4,,,,,,16.60742188,,,,
35:31.9,,,,,,,,,,
35:32.9,,,,,,,,,,
35:33.1,,,1.065388335,-1.024695227,,,,,,
35:33.1,,,1.065365091,-1.025946095,,,,,,
35:33.1,,,1.065330474,-1.027690812,,,,,,
35:33.1,,,1.065312282,-1.028824866,,,,,,
35:33.1,,,1.065293111,-1.030037992,,,,,,
35:33.1,,,1.065278629,-1.031086276,,,,,,
35:33.2,,,,,5392.49707,,,,,
35:33.2,,,,,,29.39355469,,,,
35:33.2,,,1.065262176,-1.032289618,,,,,,
35:33.4,88.4848,62.93,,,,,97.9,8.18737152,,
35:33.4,,,,,5478.138672,,,,,
35:33.4,,,,,,16.68945313,,,,
35:33.4,88.4848,62.93,,,,,91.7,8.18737152,,
35:33.7,,,1.065445973,-1.020016203,,,,,,
35:33.7,,,1.065430386,-1.021923465,,,,,,
35:33.9,,,1.065411152,-1.023283901,,,,,,
35:33.9,,,,,,,,,,
35:35.0,,,,,,,,,,
35:36.0,,,,,,,,,,
35:36.2,,,1.061948748,-1.088293762,,,,,,
35:36.3,,,1.061999079,-1.088901248,,,,,,
35:36.3,,,1.062039828,-1.089430884,,,,,,
35:36.3,,,1.062047203,-1.089530056,,,,,,
35:36.3,,,1.062071424,-1.089864367,,,,,,
35:36.3,,,1.062096073,-1.090214803,,,,,,
35:36.3,,,1.062124318,-1.090637081,,,,,,
35:36.4,,,1.062152697,-1.091076926,,,,,,
35:36.4,,,1.062182633,-1.091568322,,,,,,
35:36.4,,,,,7480.513672,,,,,
35:36.4,,,,,,34.99511719,,,,
35:36.5,,,1.06222008,-1.092210132,,,,,,
35:36.7,,,,,5462.99707,,,,,
35:36.7,,,,,,51.44433594,,,,
35:36.7,,,,,3836.297852,,,,,
35:36.7,,,,,,14.67578125,,,,
35:37.0,,,,,,,,,,
35:37.9,,,,,,,,,,
35:38.6,,,,,,,,,/IP_10_3_0_8/trolley_docking_service,24231
35:38.8,,,,,,,,,/IP_10_3_0_8/rosping_service,14834
35:38.9,,,1.069004718,-1.105267345,,,,,,
35:38.9,,,1.069004791,-1.105265323,,,,,,
35:38.9,,,1.069004857,-1.105263471,,,,,,
35:38.9,,,1.069005042,-1.105258389,,,,,,
35:38.9,,,1.0690051,-1.105256786,,,,,,
35:38.9,,,1.072047444,-1.103111043,,,,,,
35:39.0,,,1.072047604,-1.103108136,,,,,,
35:39.0,,,1.072047765,-1.103105217,,,,,,
35:39.0,,,1.072047911,-1.103102567,,,,,,
35:39.0,,,,,4301.745117,,,,,
35:39.0,,,,,,14.85351563,,,,
35:39.0,,,1.072048042,-1.103100197,,,,,,
35:39.3,,,,,3653.214844,,,,,
35:39.3,,,,,,19.60839844,,,,
35:39.3,88.4848,63.44,,,,,96.7,8.18737152,,
35:39.3,,,,,5315.049805,,,,,
35:39.3,,,,,,16.08886719,,,,
35:39.3,,,,,,,,,,
35:40.0,,,,,,,,,,
35:41.0,,,,,,,,,,
35:41.7,,,1.056148991,-1.10781552,,,,,,
35:41.7,,,1.056149001,-1.107815133,,,,,,
35:41.8,,,1.056149027,-1.10781419,,,,,,
35:41.8,,,1.056149035,-1.107813859,,,,,,
35:41.8,,,1.056149036,-1.107813795,,,,,,
35:41.8,,,1.056149044,-1.10781349,,,,,,
35:41.8,,,1.056149052,-1.107813199,,,,,,
35:41.8,,,1.05614906,-1.107812881,,,,,,
35:41.8,,,1.056149083,-1.107812086,,,,,,
35:41.8,,,1.056149084,-1.107811998,,,,,,
35:41.9,,,,,3945.214844,,,,,
35:41.9,,,,,,38.60449219,,,,
35:42.0,,,,,,,,,,
35:42.1,,,,,4877.682617,,,,,
35:42.1,,,,,,15.75878906,,,,
35:42.1,,,,,5283.467773,,,,,
35:42.1,,,,,,33.20703125,,,,
35:42.9,,,,,,,,,,
35:44.0,,,,,,,,,,
35:44.2,,,1.068025943,-1.103732966,,,,,,
35:44.2,,,1.068025957,-1.103732893,,,,,,
35:44.3,88.4848,62.76,,,,,96.9,8.18737152,,
35:44.3,88.4848,62.76,,,,,100,8.18737152,,
35:44.4,,,,,3831.658203,,,,,
35:44.4,,,,,,56.33496094,,,,
35:44.5,,,,,5330.177734,,,,,
35:44.5,,,,,,15.98730469,,,,
35:44.5,,,1.068025854,-1.103733449,,,,,,
35:44.5,,,1.068025873,-1.103733346,,,,,,
35:44.5,,,1.068025879,-1.103733314,,,,,,
35:44.6,,,1.068025887,-1.103733267,,,,,,
35:44.6,,,1.068025895,-1.103733224,,,,,,
35:44.6,,,1.068025897,-1.103733211,,,,,,
35:44.8,,,1.068025913,-1.103733127,,,,,,
35:44.9,,,,,,,,,,
35:45.0,,,1.068025928,-1.103733045,,,,,,
35:45.7,,,1.072022659,-1.106545489,,,,,,
35:45.7,,,1.072022668,-1.106545467,,,,,,
35:45.7,,,1.072022677,-1.106545444,,,,,,
35:45.8,,,1.072022685,-1.106545424,,,,,,
35:45.8,,,1.072022692,-1.106545407,,,,,,
35:45.8,,,1.072022714,-1.106545353,,,,,,
35:45.8,,,1.070195837,-1.095694917,,,,,,
35:45.8,,,1.070195838,-1.095694901,,,,,,
35:45.9,,,1.070195844,-1.095694835,,,,,,
35:45.9,,,1.07019585,-1.095694773,,,,,,
35:45.9,,,,,,,,,,
35:46.0,,,,,4633.757813,,,,,
35:46.0,,,,,,23.66992188,,,,
35:46.4,,,,,7541.474609,,,,,
35:46.5,,,,,,18.15820313,,,,
35:46.9,,,,,,,,,,
35:47.8,,,1.060322114,-1.105188666,,,,,,
35:47.8,,,1.060322105,-1.105188666,,,,,,
35:47.8,,,1.060322096,-1.105188666,,,,,,
35:47.8,,,1.060322093,-1.105188666,,,,,,
35:47.8,,,1.06032209,-1.105188666,,,,,,
35:47.8,,,1.060322073,-1.105188666,,,,,,
35:47.8,,,1.060322056,-1.105188667,,,,,,
35:47.9,,,1.060322054,-1.105188667,,,,,,
35:47.9,,,1.060322041,-1.105188667,,,,,,
35:47.9,,,1.060322028,-1.105188667,,,,,,
35:47.9,,,,,,,,,,
35:48.0,,,,,6766.771484,,,,,
35:48.0,,,,,,16.71386719,,,,
35:48.0,,,,,5830.642578,,,,,
35:48.0,,,,,,28.44824219,,,,
35:48.9,,,,,,,,,,
35:49.4,,,1.059243145,-1.106307309,,,,,,
35:49.4,,,1.059243147,-1.106307309,,,,,,
35:49.4,,,1.059243141,-1.10630731,,,,,,
35:49.5,,,1.065930226,-1.10184515,,,,,,
35:49.5,,,1.06593024,-1.101845137,,,,,,
35:49.5,,,1.065930243,-1.101845134,,,,,,
35:49.5,88.4848,62.93,,,,,96.7,8.18737152,,
35:49.5,,,1.065930254,-1.101845123,,,,,,
35:49.6,,,1.065930265,-1.101845113,,,,,,
35:49.6,,,1.065930282,-1.101845096,,,,,,
35:49.6,,,1.065930287,-1.101845091,,,,,,
35:49.7,,,,,7087.572266,,,,,
35:49.7,,,,,,17.10742188,,,,
35:49.9,,,,,,,,,,
35:50.7,,,,,,,,,/IP_10_3_0_8/grab_trolley,12074
35:50.9,,,,,,,,,,
35:51.3,,,1.065272514,-1.10044132,,,,,,
35:51.3,,,1.065272516,-1.100441313,,,,,,
35:51.3,,,,,7601.361328,,,,,
35:51.3,,,,,,34.95800781,,,,
35:51.3,,,1.065272519,-1.100441307,,,,,,
35:51.3,,,1.065272521,-1.100441301,,,,,,
35:51.3,,,1.065272523,-1.100441296,,,,,,
35:51.3,,,1.065272525,-1.10044129,,,,,,
35:51.3,,,1.06527253,-1.100441277,,,,,,
35:51.3,,,1.065272532,-1.100441272,,,,,,
35:51.3,,,1.065272532,-1.100441271,,,,,,
35:51.3,,,1.065272534,-1.100441267,,,,,,
35:51.4,,,,,6533.301758,,,,,
35:51.4,,,,,,52.63574219,,,,
35:51.9,,,,,,,,,,
35:52.8,,,1.06245719,-1.104963236,,,,,,
35:52.8,,,1.062457179,-1.10496325,,,,,,
35:52.8,,,1.062457177,-1.104963253,,,,,,
35:52.8,,,1.062457173,-1.104963259,,,,,,
35:52.8,,,1.062457167,-1.104963267,,,,,,
35:52.9,,,1.062457166,-1.104963268,,,,,,
35:52.9,,,,,5511.826172,,,,,
35:52.9,,,,,,22.58691406,,,,
35:52.9,,,1.062457166,-1.104963268,,,,,,
35:52.9,,,1.062457159,-1.104963278,,,,,,
35:52.9,,,1.062457158,-1.104963279,,,,,,
35:52.9,,,,,,,,,,
35:53.0,,,1.066215003,-1.103116513,,,,,,
35:53.0,,,,,,,,,/IP_10_3_0_8/move_camera,2262
35:53.1,85.6061,63.46,,,,,97.2,8.18737152,,
35:53.1,,,,,7274.345703,,,,,
35:53.1,,,,,,17.25292969,,,,
35:53.1,85.6061,63.46,,,,,92.3,8.18737152,,
35:53.9,,,,,,,,,,
35:54.3,,,1.068408616,-1.053820826,,,,,,
35:54.4,,,1.068926529,-1.044347022,,,,,,
35:54.4,,,1.069438761,-1.034984386,,,,,,
35:54.4,,,1.069961925,-1.025497544,,,,,,
35:54.4,,,1.07074545,-1.011310743,,,,,,
35:54.4,,,1.071538233,-0.997035863,,,,,,
35:54.4,,,1.071813423,-0.992087499,,,,,,
35:54.4,,,1.072337299,-0.982680558,,,,,,
35:54.4,,,1.072860315,-0.973225023,,,,,,
35:54.4,,,1.07339279,-0.963561133,,,,,,
35:54.6,,,,,7219.958008,,,,,
35:54.6,,,,,,23.09570313,,,,
35:54.9,,,,,,,,,,
35:55.4,,,,,,,,,/IP_10_3_0_8/reverse_robot,2058
35:55.8,,,1.081427104,-0.780649213,,,,,,
35:55.9,,,,,,,,,,
35:56.0,,,1.081996819,-0.770642082,,,,,,
35:56.0,,,,,9165.711914,,,,,
35:56.0,,,,,,18.95800781,,,,
35:56.0,,,1.082646965,-0.759972982,,,,,,
35:56.0,,,1.08343198,-0.748937278,,,,,,
35:56.0,,,1.084418579,-0.737483567,,,,,,
35:56.0,,,1.086326342,-0.719824565,,,,,,
35:56.0,,,1.08872538,-0.702136773,,,,,,
35:56.0,,,1.089607156,-0.69641358,,,,,,
35:56.2,,,,,11201.95313,,,,,
35:56.2,,,,,,46.21777344,,,,
35:56.2,,,1.091305758,-0.649587798,,,,,,
35:56.2,,,1.092139805,-0.638868056,,,,,,
35:56.9,,,,,,,,,,
35:57.5,,,1.13499117,-0.476683935,,,,,,
35:57.5,,,1.13278229,-0.479229876,,,,,,
35:57.5,,,1.128786205,-0.483670916,,,,,,
35:57.5,,,1.124809038,-0.487812017,,,,,,
35:57.6,,,1.121835064,-0.490795184,,,,,,
35:57.6,,,1.117589923,-0.494917968,,,,,,
35:57.6,,,1.113093966,-0.498947395,,,,,,
35:57.6,,,1.108973983,-0.502665718,,,,,,
35:57.6,,,1.128911946,-0.381075503,,,,,,
35:57.6,,,1.125258203,-0.385438538,,,,,,
35:57.6,,,,,10239.19531,,,,,
35:57.6,,,,,,24.06738281,,,,
35:57.8,,,,,10171.83691,,,,,
35:57.8,,,,,,52.67285156,,,,
35:57.9,,,,,,,,,,
35:58.9,,,,,,,,,,
35:59.2,,,0.911101953,-0.439322386,,,,,,
35:59.2,,,0.894781116,-0.441746618,,,,,,
35:59.2,,,0.878341414,-0.444050929,,,,,,
35:59.2,,,0.853659243,-0.447301854,,,,,,
35:59.2,,,0.836951372,-0.449325429,,,,,,
35:59.3,,,0.820391302,-0.451253574,,,,,,
35:59.3,,,0.803784803,-0.453142164,,,,,,
35:59.3,,,0.787059926,-0.45498082,,,,,,
35:59.3,,,0.770648402,-0.456714987,,,,,,
35:59.4,,,0.753981513,-0.45838575,,,,,,
35:59.4,85.6061,63.21,,,,,97.1,8.18737152,,
35:59.5,,,,,12565.49805,,,,,
35:59.5,,,,,,60.53808594,,,,
35:59.9,,,,,,,,,,
36:00.9,,,,,,,,,,
36:01.2,,,0.062613549,-0.158892694,,,,,,
36:01.3,,,0.048938952,-0.148076479,,,,,,
36:01.3,,,0.028783519,-0.131702059,,,,,,
36:01.3,,,0.015865279,-0.120934871,,,,,,
36:01.3,,,0.002856991,-0.110058291,,,,,,
36:01.4,,,-0.003737502,-0.104476372,,,,,,
36:01.4,,,-0.023174961,-0.088047051,,,,,,
36:01.4,,,-0.036406038,-0.070630212,,,,,,
36:01.4,,,,,9541.200195,,,,,
36:01.4,,,,,,20.77148438,,,,
36:01.4,,,-0.047152838,-0.060313951,,,,,,
36:01.4,,,-0.057845887,-0.050028039,,,,,,
36:01.6,,,,,8183.974609,,,,,
36:01.6,,,,,,17.68945313,,,,
36:01.9,,,,,,,,,,
36:02.9,,,,,,,,,,
36:03.1,,,-0.190106626,0.06035515,,,,,,
36:03.2,,,-0.188125403,0.058389638,,,,,,
36:03.2,,,-0.186157616,0.05646637,,,,,,
36:03.2,,,-0.185450954,0.055790174,,,,,,
36:03.3,,,-0.184082072,0.054492431,,,,,,
36:03.3,,,,,,17.69433594,,,,
36:03.3,,,,,8283.644531,,,,,
36:03.3,,,-0.182482148,0.053012643,,,,,,
36:03.3,,,-0.180590718,0.051318275,,,,,,
36:03.4,88.4848,63.25,,,,,97.3,8.18737152,,
36:03.5,88.4848,63.25,,,,,100,8.18737152,,
36:03.5,,,,,10778.85156,,,,,
36:03.5,,,,,,19.28125,,,,
36:03.9,,,,,,,,,,
36:03.9,,,-0.193594001,0.063824155,,,,,,
36:03.9,,,-0.191929282,0.062167344,,,,,,
36:04.0,,,-0.197830611,0.068042542,,,,,,
36:04.6,,,,,,,,,/IP_10_3_0_8/move_robot,9503
36:04.7,,,,,,,,,/IP_10_3_0_8/rosping_service,9401
36:04.9,,,,,,,,,,
36:05.4,,,-0.051407785,0.000871458,,,,,,
36:05.5,,,-0.05141979,0.000873459,,,,,,
36:05.5,,,-0.051425164,0.000874354,,,,,,
36:05.5,,,-0.051430285,0.000875206,,,,,,
36:05.5,,,-0.009568699,-0.018260619,,,,,,
36:05.6,,,-0.009578591,-0.018260305,,,,,,
36:05.6,,,-0.009580511,-0.018260247,,,,,,
36:05.6,,,-0.009587606,-0.018260019,,,,,,
36:05.6,,,-0.009594643,-0.018259793,,,,,,
36:05.6,,,-0.00960136,-0.018259577,,,,,,
36:05.6,,,,,10724.86816,,,,,
36:05.6,,,,,,30.56738281,,,,
36:05.7,,,,,8319.931641,,,,,
36:05.7,,,,,,16.20898438,,,,
36:05.9,,,,,,,,,,
36:06.9,,,,,,,,,/IP_10_3_0_8/trolley_parking_service,2312
36:06.9,,,,,,,,,,
36:07.0,,,-0.009679111,-0.018257114,,,,,,
36:07.1,,,-0.00936781,0.003266624,,,,,,
36:07.1,,,,,7953.006836,,,,,
36:07.2,,,-0.009347497,0.003265557,,,,,,
36:07.2,,,,,,45.76464844,,,,
36:07.2,,,,,8578.294922,,,,,
36:07.2,,,,,,55.02734375,,,,
36:07.2,,,-0.009355353,0.003265967,,,,,,
36:07.2,,,-0.009358515,0.003266134,,,,,,
36:07.4,,,-0.009360486,0.003266238,,,,,,
36:07.4,,,-0.009361332,0.003266283,,,,,,
36:07.8,,,-0.009362635,0.003266351,,,,,,
36:07.9,,,,,,,,,,
36:07.9,,,-0.009363792,0.003266412,,,,,,
36:08.0,,,-0.009366816,0.003266571,,,,,,
36:08.9,,,,,,,,,,
36:09.1,,,-0.007888912,0.002176517,,,,,,
36:09.2,,,-0.007889158,0.002176529,,,,,,
36:09.2,,,-0.007889356,0.002176539,,,,,,
36:09.2,,,-0.011212331,-0.003732221,,,,,,
36:09.2,,,-0.011213518,-0.00373218,,,,,,
36:09.2,,,-0.011213756,-0.003732172,,,,,,
36:09.2,,,-0.011214122,-0.00373216,,,,,,
36:09.2,,,-0.01121447,-0.003732148,,,,,,
36:09.3,,,-0.011215839,-0.003732101,,,,,,
36:09.4,,,-0.011216035,-0.003732094,,,,,,
36:09.4,,,,,8465.072266,,,,,
36:09.4,,,,,,21.17773438,,,,
36:09.6,88.4848,62.52,,,,,96.6,8.18737152,,
36:09.6,,,,,6326.652344,,,,,
36:09.6,,,,,,16.37207031,,,,
36:09.9,,,,,,,,,,
36:10.9,,,,,,,,,,
36:11.3,,,-0.007992903,0.000329644,,,,,,
36:11.3,,,-0.007993238,0.00032966,,,,,,
36:11.3,,,-0.00799313,0.000329655,,,,,,
36:11.4,,,-0.007993239,0.00032966,,,,,,
36:11.4,,,-0.007993604,0.000329679,,,,,,
36:11.4,,,-0.007993403,0.000329669,,,,,,
36:11.4,,,-0.007993393,0.000329668,,,,,,
36:11.4,,,-0.007993683,0.000329683,,,,,,
36:11.4,,,-0.008662871,0.000870051,,,,,,
36:11.5,,,,,8725.078125,,,,,
36:11.5,,,-0.008662963,0.000870056,,,,,,
36:11.5,,,,,,16.04003906,,,,
36:11.7,,,,,8849.000977,,,,,
36:11.7,,,,,,22.29003906,,,,
36:11.9,,,,,,,,,,
36:12.9,,,,,,,,,,
36:13.5,,,-0.010598161,0.004361388,,,,,,
36:13.5,,,-0.011521239,0.005344152,,,,,,
36:13.5,,,-0.011521255,0.005344155,,,,,,
36:13.5,,,-0.011521319,0.005344169,,,,,,
36:13.5,,,-0.011521379,0.005344181,,,,,,
36:13.5,,,-0.011521436,0.005344193,,,,,,
36:13.5,,,-0.01152146,0.005344198,,,,,,
36:13.5,,,,,8530.832031,,,,,
36:13.5,,,,,,28.11230469,,,,
36:13.6,,,-0.011521492,0.005344205,,,,,,
36:13.6,,,-0.011521552,0.005344217,,,,,,
36:13.6,,,-0.011521561,0.005344219,,,,,,
36:13.8,88.4848,62.71,,,,,97.8,8.18737152,,
36:13.8,88.4848,62.71,,,,,100,8.18737152,,
36:13.9,,,,,6466.852539,,,,,
36:13.9,,,,,,15.25683594,,,,
36:13.9,,,,,,,,,,
36:14.9,,,,,,,,,,
36:15.3,,,-0.007058151,0.005300092,,,,,,
36:15.3,,,-0.00705816,0.005300095,,,,,,
36:15.4,,,-0.007058168,0.005300098,,,,,,
36:15.4,,,,,8762.420898,,,,,
36:15.4,,,,,,33.54101563,,,,
36:15.4,,,-0.007058176,0.0053001,,,,,,
36:15.4,,,-0.007058196,0.005300107,,,,,,
36:15.4,,,-0.007058203,0.00530011,,,,,,
36:15.4,,,-0.007058203,0.00530011,,,,,,
36:15.4,,,-0.00705821,0.005300112,,,,,,
36:15.4,,,-0.007058215,0.005300114,,,,,,
36:15.4,,,-0.007058221,0.005300116,,,,,,
36:15.6,,,,,8212.818359,,,,,
36:15.6,,,,,,51.95605469,,,,
36:15.9,,,,,,,,,,
36:16.9,,,,,,,,,,
36:17.0,,,-0.012456964,0.004251055,,,,,,
36:17.2,,,-0.012456976,0.004251053,,,,,,
36:17.3,,,,,7931.995117,,,,,
36:17.3,,,,,,17.2890625,,,,
36:17.4,,,-0.012456983,0.004251051,,,,,,
36:17.4,,,-0.012456985,0.004251051,,,,,,
36:17.6,,,-0.012456989,0.00425105,,,,,,
36:17.7,,,-0.012456993,0.004251049,,,,,,
36:17.7,,,,,8958.181641,,,,,
36:17.7,,,,,,16.68847656,,,,
36:17.7,,,-0.012457003,0.004251047,,,,,,
36:17.8,,,-0.012457006,0.004251047,,,,,,
36:17.9,,,,,,,,,,
36:18.0,,,-0.012457009,0.004251046,,,,,,
36:18.0,,,-0.012457014,0.004251045,,,,,,
36:18.9,,,,,,,,,,
36:19.1,,,,,,,,,/IP_10_3_0_8/reverse_robot,2213
36:19.1,,,0.211676305,-0.005229081,,,,,,
36:19.1,,,0.138579062,-0.002705367,,,,,,
36:19.1,,,0.150550186,-0.003109893,,,,,,
36:19.2,,,,,8024.62793,,,,,
36:19.2,,,,,,20.47363281,,,,
36:19.2,,,0.158165877,-0.00336968,,,,,,
36:19.3,88.4848,62.69,,,,,96.1,8.18737152,,
36:19.3,,,,,6825.37207,,,,,
36:19.3,,,,,,15.62792969,,,,
36:19.4,,,0.168016976,-0.003709262,,,,,,
36:19.7,,,0.146168581,0.000699871,,,,,,
36:19.8,,,0.182546179,-0.004209878,,,,,,
36:19.9,,,,,,,,,,
36:19.9,,,0.128982745,-0.002381329,,,,,,
36:20.0,,,0.197308879,-0.004725561,,,,,,
36:20.0,,,0.202088426,-0.004893056,,,,,,
36:20.7,,,0.559621017,0.002079128,,,,,,
36:20.7,,,0.580130848,0.004720733,,,,,,
36:20.7,,,0.591072882,0.006457532,,,,,,
36:20.7,,,0.6150506,0.010658025,,,,,,
36:20.7,,,0.638709398,0.015944671,,,,,,
36:20.7,,,0.646454517,0.017960615,,,,,,
36:20.8,,,0.654551385,0.020177332,,,,,,
36:20.8,,,0.677470487,0.026814966,,,,,,
36:20.8,,,0.704883665,0.036451954,,,,,,
36:20.8,,,0.717602021,0.041466491,,,,,,
36:20.8,,,,,,35.44335938,,,,
36:20.8,,,,,6521.705078,,,,,
36:20.9,,,,,,,,,,
36:21.7,,,,,9413.618164,,,,,
36:21.7,,,,,,20.70898438,,,,
36:21.9,,,,,,,,,,
36:22.9,,,,,,,,,,
36:23.0,,,0.824210312,0.054693283,,,,,,
36:23.0,,,0.823169916,0.050001094,,,,,,
36:23.0,,,0.822433863,0.046160882,,,,,,
36:23.2,,,,,6729.375977,,,,,
36:23.2,,,,,,42.76074219,,,,
36:23.2,,,0.821794224,0.042561345,,,,,,
36:23.3,,,0.821189963,0.038383644,,,,,,
36:23.3,88.4848,62.95,,,,,96.2,8.18737152,,
36:23.3,88.4848,62.95,,,,,85.7,8.18737152,,
36:23.3,,,,,6457.116211,,,,,
36:23.3,,,,,,56.09277344,,,,
36:23.3,,,0.820658541,0.033672659,,,,,,
36:23.3,,,0.820036885,0.02570297,,,,,,
36:23.3,,,0.819765927,0.0166227,,,,,,
36:23.5,,,0.819790866,0.013014017,,,,,,
36:23.6,,,0.819913999,0.005623588,,,,,,
36:23.9,,,,,,,,,,
36:24.9,,,,,,,,,,
36:25.1,,,0.939949883,-0.138247603,,,,,,
36:25.1,,,0.939300419,-0.136225428,,,,,,
36:25.1,,,0.938655765,-0.134121711,,,,,,
36:25.1,,,0.938098121,-0.132213563,,,,,,
36:25.2,,,0.937604403,-0.130396966,,,,,,
36:25.2,,,0.937083225,-0.128333891,,,,,,
36:25.2,,,,,9714.556641,,,,,
36:25.2,,,,,,18.22460938,,,,
36:25.4,,,,,9311.226563,,,,,
36:25.4,,,,,,17.66699219,,,,
36:25.4,,,0.944827616,-0.152466632,,,,,,
36:25.5,,,0.942711706,-0.146406539,,,,,,
36:25.6,,,0.941195838,-0.14200326,,,,,,
36:25.8,,,0.940757078,-0.140693299,,,,,,
36:25.9,,,,,,,,,,
36:26.9,,,,,,,,,,
36:27.2,,,1.00128844,-0.232770983,,,,,,
36:27.2,,,1.001288607,-0.232759963,,,,,,
36:27.2,,,1.001288685,-0.232755298,,,,,,
36:27.2,,,1.001288696,-0.232754818,,,,,,
36:27.2,,,1.001288757,-0.232750992,,,,,,
36:27.2,,,1.001288819,-0.232747122,,,,,,
36:27.2,,,1.001288874,-0.232743681,,,,,,
36:27.2,,,,,5907.172852,,,,,
36:27.2,,,,,,16.43847656,,,,
36:27.2,,,1.011899983,-0.222473167,,,,,,
36:27.2,,,1.011900086,-0.222468293,,,,,,
36:27.2,,,1.011900137,-0.222465855,,,,,,
36:27.5,,,,,6691.517578,,,,,
36:27.5,,,,,,15.03125,,,,
36:27.9,,,,,,,,,,
36:28.4,,,1.01163868,-0.246576323,,,,,,
36:28.4,,,1.011638756,-0.246572411,,,,,,
36:28.5,,,1.011638828,-0.246568716,,,,,,
36:28.5,,,1.011638901,-0.246564945,,,,,,
36:28.5,,,1.011638966,-0.246561616,,,,,,
36:28.5,,,1.01163914,-0.246552326,,,,,,
36:28.5,,,1.011639201,-0.246549173,,,,,,
36:28.5,,,1.011639197,-0.24654964,,,,,,
36:28.5,,,1.011639249,-0.246546991,,,,,,
36:28.5,,,,,4244.792969,,,,,
36:28.5,,,,,,37.69238281,,,,
36:28.5,88.4848,62.97,,,,,96.9,8.18737152,,
36:28.5,,,1.011639298,-0.246544471,,,,,,
36:28.9,,,,,,,,,,
36:29.6,,,1.009207959,-0.260160915,,,,,,
36:29.7,,,,,7092.982422,,,,,
36:29.7,,,,,,20.29785156,,,,
36:29.7,,,1.009207998,-0.260158751,,,,,,
36:29.7,,,1.009208001,-0.260158579,,,,,,
36:29.7,,,1.009208037,-0.260156571,,,,,,
36:29.7,,,1.009208072,-0.26015465,,,,,,
36:29.7,,,1.009208076,-0.260154427,,,,,,
36:29.7,,,1.00920808,-0.260154173,,,,,,
36:29.7,,,1.009208084,-0.260153975,,,,,,
36:29.7,,,1.009208168,-0.260149301,,,,,,
36:29.7,,,1.012314218,-0.261494017,,,,,,
36:29.8,,,,,7084.961914,,,,,
36:29.8,,,,,,37.29492188,,,,
36:29.9,,,,,,,,,,
36:30.2,,,,,,,,,/IP_10_3_0_8/rosping_service,9001
36:30.7,,,,,,,,,/IP_10_3_0_8/move_robot,10958
36:30.9,,,,,,,,,,
36:31.1,,,1.010874422,-0.254576355,,,,,,
36:31.1,,,1.010874427,-0.254576118,,,,,,
36:31.1,,,1.010874431,-0.254575886,,,,,,
36:31.1,,,1.010874444,-0.254575225,,,,,,
36:31.3,,,,,7324.15625,,,,,
36:31.3,,,,,,65.03222656,,,,
36:31.4,,,1.012314789,-0.261469975,,,,,,
36:31.6,,,1.0108743,-0.254582785,,,,,,
36:31.8,,,1.010874314,-0.254582069,,,,,,
36:31.9,,,,,,,,,,
36:31.9,,,1.010874327,-0.254581348,,,,,,
36:32.0,,,1.010874339,-0.254580705,,,,,,
36:32.0,,,1.010874395,-0.254577778,,,,,,
36:32.6,,,1.010874678,-0.254562866,,,,,,
36:32.6,,,1.010534437,-0.259835308,,,,,,
36:32.6,,,1.010534442,-0.259835061,,,,,,
36:32.7,,,1.010534451,-0.259834694,,,,,,
36:32.7,,,1.01053447,-0.259833918,,,,,,
36:32.7,,,1.010534472,-0.259833838,,,,,,
36:32.7,,,1.010534476,-0.25983364,,,,,,
36:32.7,,,1.010534481,-0.259833452,,,,,,
36:32.7,,,1.010532882,-0.259915883,,,,,,
36:32.7,,,1.010507512,-0.261195349,,,,,,
36:32.8,,,,,6103.214844,,,,,
36:32.8,,,,,,17.93652344,,,,
36:32.8,88.4848,62.56,,,,,96.8,8.18737152,,
36:32.9,88.4848,62.56,,,,,100,8.18737152,,
36:32.9,,,,,6233.40625,,,,,
36:32.9,,,,,,,,,,
36:32.9,,,,,,19.12207031,,,,
36:33.9,,,,,,,,,,
36:34.1,,,1.010477988,-0.516623617,,,,,,
36:34.1,,,1.011869442,-0.561916839,,,,,,
36:34.1,,,1.012141814,-0.568703412,,,,,,
36:34.2,,,1.01268573,-0.581864061,,,,,,
36:34.2,,,1.01329999,-0.595347604,,,,,,
36:34.2,,,1.013942462,-0.608393929,,,,,,
36:34.2,,,1.01454326,-0.620143509,,,,,,
36:34.2,,,1.015166848,-0.632165175,,,,,,
36:34.2,,,1.01163227,-0.485128507,,,,,,
36:34.2,,,1.011688032,-0.502984363,,,,,,
36:34.4,,,,,7821.822266,,,,,
36:34.4,,,,,,18.18945313,,,,
36:34.9,,,,,,,,,,
36:35.6,,,1.039148373,-0.823321006,,,,,,
36:35.6,,,1.039413667,-0.830100607,,,,,,
36:35.6,,,1.039659298,-0.83661868,,,,,,
36:35.7,,,1.039904199,-0.843383319,,,,,,
36:35.7,,,1.040244348,-0.853003124,,,,,,
36:35.7,,,1.040478924,-0.860225894,,,,,,
36:35.7,,,1.040662218,-0.866290508,,,,,,
36:35.7,,,1.040909061,-0.874754882,,,,,,
36:35.7,,,1.040936914,-0.875743359,,,,,,
36:35.7,,,1.041024084,-0.878855015,,,,,,
36:35.7,,,,,7347.025391,,,,,
36:35.7,,,,,,22.66308594,,,,
36:35.9,,,,,,,,,,
36:36.0,,,,,7721.677734,,,,,
36:36.0,,,,,,37.22070313,,,,
36:36.9,,,,,,,,,,
36:37.4,,,1.040283449,-1.027826392,,,,,,
36:37.4,,,1.040287032,-1.030644402,,,,,,
36:37.4,,,1.040286732,-1.032294876,,,,,,
36:37.4,,,1.040286117,-1.033860119,,,,,,
36:37.5,,,1.040278556,-1.035373995,,,,,,
36:37.5,,,1.040251744,-1.03755728,,,,,,
36:37.5,,,1.040217183,-1.039121296,,,,,,
36:37.5,,,1.034957614,-1.092984454,,,,,,
36:37.5,,,1.03492207,-1.094639606,,,,,,
36:37.5,,,1.034886991,-1.096192129,,,,,,
36:37.5,,,,,6963.183594,,,,,
36:37.5,,,,,,17.64746094,,,,
36:37.9,,,,,,,,,,
36:38.9,,,1.032912864,-1.126197917,,,,,,
36:38.9,,,,,,,,,,
36:38.9,,,1.032659602,-1.127858946,,,,,,
36:38.9,,,,,5479.443359,,,,,
36:38.9,,,,,,36.39160156,,,,
36:38.9,,,1.032617818,-1.128093054,,,,,,
36:38.9,,,1.032570323,-1.128393935,,,,,,
36:38.9,,,1.032536789,-1.128588235,,,,,,
36:39.0,,,1.032526478,-1.128658077,,,,,,
36:39.0,,,1.032518182,-1.128705306,,,,,,
36:39.0,,,1.0325215,-1.128692083,,,,,,
36:39.0,,,1.032529732,-1.128652008,,,,,,
36:39.0,88.4848,62.69,,,,,98.4,8.18737152,,
36:39.0,,,1.050021399,-1.13966328,,,,,,
36:39.5,,,,,7513.557617,,,,,
36:39.5,,,,,,54.33203125,,,,
36:39.9,,,,,,,,,,
36:40.0,,,,,,,,,/IP_10_3_0_8/trolley_parking_service,9906
36:40.4,,,1.050081344,-1.139278848,,,,,,
36:40.4,,,1.050084651,-1.139257698,,,,,,
36:40.4,,,1.049760002,-1.146054739,,,,,,
36:40.4,,,1.049761043,-1.146048858,,,,,,
36:40.4,,,1.049763104,-1.146037301,,,,,,
36:40.4,,,1.049765186,-1.146025627,,,,,,
36:40.4,,,1.049767105,-1.146014865,,,,,,
36:40.4,,,1.049771639,-1.145989598,,,,,,
36:40.4,,,1.04977294,-1.14598219,,,,,,
36:40.4,,,,,5990.450195,,,,,
36:40.4,,,,,,17.7890625,,,,
36:40.4,,,1.04977478,-1.145971852,,,,,,
36:40.9,,,,,,,,,,
36:41.6,,,1.049794736,-1.145859922,,,,,,
36:41.6,,,1.049795252,-1.145857026,,,,,,
36:41.6,,,1.049795178,-1.145857421,,,,,,
36:41.6,,,1.049795617,-1.145854962,,,,,,
36:41.7,,,1.052100303,-1.14569855,,,,,,
36:41.7,,,,,6462.181641,,,,,
36:41.7,,,,,,26.1171875,,,,
36:41.7,,,1.052101234,-1.145693372,,,,,,
36:41.7,,,1.05210217,-1.145688171,,,,,,
36:41.7,,,1.052102972,-1.145683711,,,,,,
36:41.8,,,1.052104852,-1.145673285,,,,,,
36:41.8,,,1.052105577,-1.145669256,,,,,,
36:41.9,,,,,,,,,,
36:42.0,,,,,6227.802734,,,,,
36:42.0,,,,,,20.81445313,,,,
36:42.9,,,,,,,,,,
36:43.0,,,1.052115651,-1.145613237,,,,,,
36:43.1,88.4848,62.57,,,,,98.6,8.18737152,,
36:43.1,88.4848,62.57,,,,,100,8.18737152,,
36:43.2,,,,,5230.329102,,,,,
36:43.2,,,,,,19.77148438,,,,
36:43.2,,,1.052116027,-1.145611145,,,,,,
36:43.4,,,1.052115988,-1.145611355,,,,,,
36:43.5,,,1.042291801,-1.158242838,,,,,,
36:43.5,,,1.052115844,-1.145612164,,,,,,
36:43.5,,,1.042292149,-1.158240737,,,,,,
36:43.7,,,1.042292549,-1.158238317,,,,,,
36:43.8,,,,,,,,,,
36:43.9,,,1.042292754,-1.158237052,,,,,,
36:43.9,,,1.042292817,-1.158236662,,,,,,
36:43.9,,,1.042292937,-1.158235922,,,,,,
36:44.4,,,1.052978743,-1.153601743,,,,,,
36:44.5,,,1.052978811,-1.153601378,,,,,,
36:44.5,,,1.05297898,-1.153600483,,,,,,
36:44.5,,,1.052979073,-1.153599985,,,,,,
36:44.5,,,1.052979159,-1.153599524,,,,,,
36:44.5,,,1.052979186,-1.153599378,,,,,,
36:44.5,,,1.052979239,-1.153599096,,,,,,
36:44.5,,,1.052979368,-1.15359841,,,,,,
36:44.5,,,1.052979417,-1.153598148,,,,,,
36:44.5,,,1.052979457,-1.153597932,,,,,,
36:44.6,,,,,5992.300781,,,,,
36:44.6,,,,,,31.79101563,,,,
36:44.9,,,,,,,,,,
36:45.6,,,1.052980559,-1.153592079,,,,,,
36:45.6,,,1.052980564,-1.153592051,,,,,,
36:45.6,,,,,5864.43457,,,,,
36:45.6,,,,,,21.93457031,,,,
36:45.6,,,1.052980611,-1.153591799,,,,,,
36:45.6,,,1.052980657,-1.153591558,,,,,,
36:45.7,,,1.0529807,-1.15359133,,,,,,
36:45.7,,,1.051912769,-1.154314272,,,,,,
36:45.7,,,1.051912846,-1.154313871,,,,,,
36:45.7,,,1.051913013,-1.154313004,,,,,,
36:45.7,,,1.05191308,-1.154312655,,,,,,
36:45.7,,,1.051913106,-1.154312517,,,,,,
36:45.9,,,,,,,,,,
36:45.9,,,,,4729.883789,,,,,
36:45.9,,,,,,39.82617188,,,,
36:46.8,,,,,,,,,,
36:46.9,,,1.051913792,-1.15430893,,,,,,
36:46.9,,,1.051913796,-1.15430891,,,,,,
36:47.0,,,1.051913797,-1.154308904,,,,,,
36:47.2,,,1.046836396,-1.148795372,,,,,,
36:47.2,,,1.046836385,-1.148795477,,,,,,
36:47.3,,,,,3721.068359,,,,,
36:47.3,,,,,,54.83300781,,,,
36:47.3,,,1.046836405,-1.148795289,,,,,,
36:47.4,,,1.046836424,-1.148795104,,,,,,
36:47.5,,,1.046836433,-1.148795024,,,,,,
36:47.5,,,1.046836444,-1.148794911,,,,,,
36:47.5,,,1.046836453,-1.14879483,,,,,,
36:47.9,,,,,,,,,,
36:48.3,,,1.052804456,-1.14783723,,,,,,
36:48.3,,,1.052804487,-1.147837116,,,,,,
36:48.3,,,1.052804514,-1.147837014,,,,,,
36:48.3,,,1.052804545,-1.1478369,,,,,,
36:48.3,,,1.052804557,-1.147836857,,,,,,
36:48.3,,,1.052804576,-1.147836785,,,,,,
36:48.3,,,1.052804595,-1.147836716,,,,,,
36:48.3,,,1.052804613,-1.147836647,,,,,,
36:48.3,,,1.052804654,-1.147836496,,,,,,
36:48.3,,,1.052804671,-1.147836436,,,,,,
36:48.4,,,,,3954.870117,,,,,
36:48.4,,,,,,25.88964844,,,,
36:48.5,88.4848,62.35,,,,,98.2,8.18737152,,
36:48.9,,,,,,,,,,
36:49.4,,,1.05280484,-1.14783581,,,,,,
36:49.4,,,1.052804844,-1.147835796,,,,,,
36:49.4,,,1.052804849,-1.147835775,,,,,,
36:49.5,,,1.052804855,-1.147835755,,,,,,
36:49.5,,,1.05280486,-1.147835737,,,,,,
36:49.6,,,1.047287092,-1.15016407,,,,,,
36:49.6,,,,,4391.813477,,,,,
36:49.6,,,,,,19.82519531,,,,
36:49.6,,,1.047287079,-1.150163995,,,,,,
36:49.6,,,1.047287074,-1.150163965,,,,,,
36:49.6,,,1.047287072,-1.150163953,,,,,,
36:49.6,,,1.04728707,-1.150163947,,,,,,
36:49.8,,,,,,,,,,
36:50.8,,,,,,,,,,
36:50.9,,,1.052366611,-1.148610733,,,,,,
36:51.0,,,1.052366619,-1.148610719,,,,,,
36:51.1,,,1.052366666,-1.148610631,,,,,,
36:51.2,,,1.052366666,-1.148610631,,,,,,
36:51.2,,,1.052366672,-1.148610621,,,,,,
36:51.2,,,1.052366676,-1.148610613,,,,,,
36:51.3,,,,,5602.532227,,,,,
36:51.3,,,,,,17.78320313,,,,
36:51.4,,,1.052366632,-1.148610693,,,,,,
36:51.5,,,,,4893.098633,,,,,
36:51.5,,,,,,19.25097656,,,,
36:51.5,,,1.052366639,-1.148610682,,,,,,
36:51.5,,,1.052366645,-1.14861067,,,,,,
36:51.7,,,1.052366661,-1.148610641,,,,,,
36:51.9,,,,,,,,,,
36:52.4,,,,,,,,,/IP_10_3_0_8/release_trolley,12415
36:52.5,,,,,,,,,/IP_10_3_0_8/rosping_service,5831
36:52.5,,,1.050181379,-1.148535683,,,,,,
36:52.5,,,1.050181378,-1.148535672,,,,,,
36:52.6,,,1.05402696,-1.148577835,,,,,,
36:52.6,,,1.054026972,-1.148577829,,,,,,
36:52.6,,,1.054026983,-1.148577823,,,,,,
36:52.6,,,1.054026994,-1.148577817,,,,,,
36:52.6,,,,,5888.893555,,,,,
36:52.6,,,,,,30.93652344,,,,
36:52.6,,,1.054027005,-1.148577811,,,,,,
36:52.6,,,1.054027028,-1.148577799,,,,,,
36:52.6,,,1.054027036,-1.148577795,,,,,,
36:52.6,,,1.054027046,-1.148577789,,,,,,
36:52.7,85.6061,63.08,,,,,98.3,8.18737152,,
36:52.7,85.6061,63.08,,,,,94.7,8.18737152,,
36:52.8,,,,,,,,,,
36:53.8,,,1.057861599,-1.126660002,,,,,,
36:53.9,,,,,,,,,,
36:53.9,,,1.042238576,-1.135192634,,,,,,
36:53.9,,,,,5751.115234,,,,,
36:53.9,,,,,,24.64160156,,,,
36:53.9,,,1.043457009,-1.128263094,,,,,,
36:53.9,,,1.04486377,-1.120280056,,,,,,
36:53.9,,,1.046395152,-1.111586551,,,,,,
36:53.9,,,1.048731961,-1.098326418,,,,,,
36:54.0,,,1.050382586,-1.089006935,,,,,,
36:54.0,,,1.052044162,-1.079634671,,,,,,
36:54.1,,,1.053702028,-1.070303816,,,,,,
36:54.1,,,1.055430833,-1.060582929,,,,,,
36:54.2,,,,,6126.539063,,,,,
36:54.2,,,,,,40.31640625,,,,
36:54.9,,,,,,,,,,
36:55.2,,,1.089236314,-0.945029626,,,,,,
36:55.3,,,1.091017049,-0.935536457,,,,,,
36:55.3,,,1.092895766,-0.925555372,,,,,,
36:55.3,,,1.094683902,-0.916064556,,,,,,
36:55.3,,,1.096562963,-0.906096744,,,,,,
36:55.3,,,1.09930585,-0.891596914,,,,,,
36:55.3,,,1.102210163,-0.876290898,,,,,,
36:55.3,,,1.103096674,-0.871623721,,,,,,
36:55.4,,,1.104948075,-0.861894658,,,,,,
36:55.4,,,1.106832893,-0.852003298,,,,,,
36:55.4,,,,,6687.671875,,,,,
36:55.4,,,,,,54.30859375,,,,
36:55.9,,,,,,,,,,
36:56.2,,,,,,,,,/IP_10_3_0_8/reverse_robot,3117
36:56.5,,,1.125920357,-0.650553086,,,,,,
36:56.5,,,1.128077778,-0.639907495,,,,,,
36:56.5,,,1.129967673,-0.630554737,,,,,,
36:56.5,,,1.131886483,-0.621055321,,,,,,
36:56.5,,,1.133700028,-0.612057018,,,,,,
36:56.5,,,1.136219325,-0.599550787,,,,,,
36:56.5,,,1.138331396,-0.589074747,,,,,,
36:56.5,,,1.138996468,-0.585789574,,,,,,
36:56.5,,,,,6923.092773,,,,,
36:56.5,,,,,,19.53222656,,,,
36:56.5,,,1.140373897,-0.579019635,,,,,,
36:56.5,,,1.139851912,-0.533060004,,,,,,
36:56.9,,,,,,,,,,
36:57.7,,,1.247053787,-0.338098091,,,,,,
36:57.7,,,1.251956145,-0.334334144,,,,,,
36:57.8,,,1.256174606,-0.331303006,,,,,,
36:57.8,,,,,7146.651367,,,,,
36:57.8,,,,,,29.14160156,,,,
36:57.8,,,1.2598891,-0.328804835,,,,,,
36:57.8,,,1.216126643,-0.285150861,,,,,,
36:57.8,,,1.218185931,-0.282684923,,,,,,
36:57.8,,,1.221271164,-0.279253413,,,,,,
36:57.8,,,1.223299142,-0.277294646,,,,,,
36:57.8,,,1.223871253,-0.276786058,,,,,,
36:57.8,,,1.223922412,-0.276747514,,,,,,
36:57.8,,,,,,,,,,
36:57.9,,,,,8789.482422,,,,,
36:57.9,,,,,,29.60058594,,,,
36:58.9,,,,,,,,,,
36:59.1,,,1.214360882,-0.279051109,,,,,,
36:59.2,,,1.214575815,-0.279020624,,,,,,
36:59.2,,,1.214845056,-0.279101128,,,,,,
36:59.2,,,1.214763605,-0.27906601,,,,,,
36:59.2,,,1.214696058,-0.27906602,,,,,,
36:59.2,,,1.214561157,-0.278931514,,,,,,
36:59.3,85.6061,62.91,,,,,96.9,8.18737152,,
36:59.3,,,1.21477707,-0.279069355,,,,,,
36:59.3,,,1.259950353,-0.22586321,,,,,,
36:59.3,,,1.259712465,-0.225876397,,,,,,
36:59.4,,,,,10430.22168,,,,,
36:59.4,,,,,,23.87109375,,,,
36:59.8,,,1.214343443,-0.279083087,,,,,,
36:59.9,,,,,,,,,,
37:01.1,,,,,,,,,,
37:01.2,,,1.138812513,0.136418619,,,,,,
37:01.2,,,,,10492.60938,,,,,
37:01.2,,,,,,34.75683594,,,,
37:01.2,,,1.134990168,0.148727079,,,,,,
37:01.2,,,1.127407426,0.173061419,,,,,,
37:01.2,,,1.119594612,0.198021566,,,,,,
37:01.2,,,1.111578422,0.223631439,,,,,,
37:01.2,,,1.104001064,0.247759762,,,,,,
37:01.2,,,1.092033278,0.28568353,,,,,,
37:01.2,,,1.079827932,0.324316815,,,,,,
37:01.2,,,1.075859893,0.3368578,,,,,,
37:01.2,,,1.067797414,0.362310186,,,,,,
37:01.3,,,,,11344.63086,,,,,
37:01.3,,,,,,21.62792969,,,,
37:01.9,,,,,,,,,,
37:02.7,,,1.035840953,0.964869452,,,,,,
37:02.7,,,0.981523293,1.08468663,,,,,,
37:02.7,,,0.980566896,1.089663499,,,,,,
37:02.8,,,0.978770457,1.099015898,,,,,,
37:02.8,,,0.977109944,1.107677539,,,,,,
37:02.8,,,0.97558349,1.115675865,,,,,,
37:02.8,,,0.974193244,1.122967577,,,,,,
37:02.8,,,0.972967275,1.129414015,,,,,,
37:02.8,,,0.971450293,1.137364759,,,,,,
37:02.8,,,0.970591729,1.141877214,,,,,,
37:02.9,,,,,7240.84375,,,,,
37:02.9,,,,,,43.12695313,,,,
37:02.9,,,,,,,,,,
37:02.9,88.4848,62.93,,,,,96.6,8.18737152,,
37:02.9,88.4848,62.93,,,,,100,8.18737152,,
37:02.9,,,,,10262.34863,,,,,
37:02.9,,,,,,56.09179688,,,,
37:03.9,,,,,,,,,,
37:04.7,,,0.94360982,1.260538199,,,,,,
37:04.7,,,0.943660631,1.258139721,,,,,,
37:04.8,,,0.943691172,1.25671649,,,,,,
37:04.8,,,0.943728499,1.255010523,,,,,,
37:04.8,,,0.943784034,1.252486568,,,,,,
37:04.8,,,0.943798025,1.251830841,,,,,,
37:04.8,,,0.943798131,1.25182601,,,,,,
37:04.9,,,0.94380057,1.251724057,,,,,,
37:04.9,,,0.943808708,1.251386869,,,,,,
37:04.9,,,0.943809558,1.251353752,,,,,,
37:04.9,,,,,,,,,,
37:05.0,,,,,11779.7998,,,,,
37:05.0,,,,,,19.43164063,,,,
37:05.5,,,,,9596.431641,,,,,
37:05.5,,,,,,19.43261719,,,,
37:06.0,,,,,,,,,,
37:06.9,,,0.929135147,1.28331053,,,,,,
37:06.9,,,,,,,,,,
37:07.0,,,0.929389691,1.28137913,,,,,,
37:07.0,,,0.929564596,1.280107011,,,,,,
37:07.1,,,,,10239.0752,,,,,
37:07.1,,,,,,18.08007813,,,,
37:07.2,,,,,9943.973633,,,,,
37:07.2,,,,,,20.72167969,,,,
37:07.3,,,0.929689699,1.279221383,,,,,,
37:07.3,,,0.929972361,1.277337337,,,,,,
37:07.6,,,0.930234455,1.275573413,,,,,,
37:07.6,,,0.930542799,1.273547566,,,,,,
37:07.6,,,0.93059116,1.273226573,,,,,,
37:07.8,,,0.930646897,1.27286938,,,,,,
37:07.8,,,0.93079892,1.271902217,,,,,,
37:08.0,,,,,,,,,,
37:08.9,,,,,,,,,,
37:09.0,,,1.03433789,1.123886061,,,,,,
37:09.0,,,1.039712257,1.120797391,,,,,,
37:09.0,,,1.041534568,1.119836741,,,,,,
37:09.2,,,,,11423.53711,,,,,
37:09.2,,,,,,30.73242188,,,,
37:09.3,88.4848,62.5,,,,,96.7,8.18737152,,
37:09.3,,,,,7859.859375,,,,,
37:09.3,,,,,,23.16308594,,,,
37:09.4,,,1.048742132,1.116297377,,,,,,
37:09.4,,,1.051958027,1.114865764,,,,,,
37:09.4,,,1.054747703,1.113689964,,,,,,
37:09.4,,,1.056998667,1.11280628,,,,,,
37:09.5,,,,,,,,,/IP_10_3_0_8/move_robot,13422
37:09.6,,,1.059370409,1.111887494,,,,,,
37:09.9,,,1.060301212,1.111574053,,,,,,
37:09.9,,,,,,,,,,
37:10.0,,,1.04532139,1.117919225,,,,,,
37:11.2,,,,,,,,,,
37:11.9,,,1.11628174,1.110775236,,,,,,
37:11.9,,,1.116273934,1.110775485,,,,,,
37:11.9,,,1.116262009,1.110775882,,,,,,
37:11.9,,,1.116261013,1.110775905,,,,,,
37:11.9,,,1.116257693,1.110776011,,,,,,
37:11.9,,,1.116254727,1.110776106,,,,,,
37:11.9,,,1.116250692,1.110776234,,,,,,
37:11.9,,,1.116246803,1.110776358,,,,,,
37:11.9,,,1.116245599,1.110776396,,,,,,
37:11.9,,,1.116243063,1.110776477,,,,,,
37:12.0,,,,,7858.587891,,,,,
37:12.0,,,,,,46.13476563,,,,
37:12.0,,,,,,,,,,
37:12.2,,,,,6116.311523,,,,,
37:12.2,,,,,,52.29003906,,,,
37:12.2,,,,,5500.269531,,,,,
37:12.2,,,,,,14.6484375,,,,
37:12.9,,,,,,,,,,
37:13.9,,,,,,,,,,
37:14.1,,,1.119367731,1.109800984,,,,,,
37:14.1,,,1.119366126,1.109801042,,,,,,
37:14.1,,,1.119365946,1.109801047,,,,,,
37:14.1,,,1.119364583,1.109801097,,,,,,
37:14.1,,,1.119363397,1.10980114,,,,,,
37:14.2,,,1.119362197,1.109801184,,,,,,
37:14.2,85.6061,62.57,,,,,94.9,8.18737152,,
37:14.2,,,1.119361052,1.109801226,,,,,,
37:14.2,85.6061,62.57,,,,,100,8.18737152,,
37:14.3,,,,,6491.966797,,,,,
37:14.3,,,,,,14.87011719,,,,
37:14.3,,,1.11937519,1.10980071,,,,,,
37:14.4,,,,,8214.313477,,,,,
37:14.4,,,,,,15.27246094,,,,
37:14.7,,,1.119373427,1.109800774,,,,,,
37:14.9,,,1.119371742,1.109800835,,,,,,
37:15.3,,,,,,,,,,
37:15.9,,,,,,,,,,
37:16.3,,,1.120261673,1.111927544,,,,,,
37:16.3,,,1.120261288,1.111927558,,,,,,
37:16.3,,,1.12026087,1.111927574,,,,,,
37:16.3,,,1.120259911,1.111927611,,,,,,
37:16.3,,,1.120259539,1.111927624,,,,,,
37:16.3,,,1.120259506,1.111927625,,,,,,
37:16.3,,,1.120259196,1.111927637,,,,,,
37:16.3,,,1.120258899,1.111927648,,,,,,
37:16.3,,,1.123515228,1.111788131,,,,,,
37:16.3,,,1.123514795,1.111788151,,,,,,
37:16.3,,,,,7939.626953,,,,,
37:16.3,,,,,,21.06835938,,,,
37:16.5,,,,,6106.767578,,,,,
37:16.5,,,,,,34.3984375,,,,
37:17.0,,,,,,,,,,
37:17.9,,,,,,,,,,
37:18.3,,,1.120556569,1.115892085,,,,,,
37:18.3,,,1.12055645,1.115892098,,,,,,
37:18.3,,,1.120556165,1.115892128,,,,,,
37:18.3,,,1.12055605,1.115892139,,,,,,
37:18.3,,,1.120556038,1.115892141,,,,,,
37:18.3,,,1.120555942,1.115892151,,,,,,
37:18.3,,,1.120555854,1.11589216,,,,,,
37:18.3,,,1.120555769,1.115892169,,,,,,
37:18.3,,,1.120555687,1.115892177,,,,,,
37:18.4,,,1.12055561,1.115892185,,,,,,
37:18.4,,,,,7768.836914,,,,,
37:18.4,,,,,,15.58691406,,,,
37:18.6,,,,,6992.228516,,,,,
37:18.6,,,,,,32.81835938,,,,
37:18.6,85.6061,62.8,,,,,95.2,8.18737152,,
37:18.9,,,,,,,,,,
37:19.9,,,,,,,,,,
37:20.2,,,1.123310762,1.102196029,,,,,,
37:20.2,,,1.123310744,1.102196018,,,,,,
37:20.2,,,1.123310739,1.102196015,,,,,,
37:20.2,,,1.123310709,1.102195996,,,,,,
37:20.3,,,1.123310681,1.102195979,,,,,,
37:20.3,,,1.123310654,1.102195962,,,,,,
37:20.3,,,1.123310628,1.102195946,,,,,,
37:20.3,,,1.123310604,1.10219593,,,,,,
37:20.3,,,,,7567.301758,,,,,
37:20.3,,,,,,56.04589844,,,,
37:20.3,,,1.123310598,1.102195927,,,,,,
37:20.3,,,1.12331054,1.102195891,,,,,,
37:20.5,,,,,7214.991211,,,,,
37:20.5,,,,,,15.4765625,,,,
37:20.9,,,,,,,,,,
37:21.9,,,,,,,,,,
37:22.3,,,1.118156405,1.102768028,,,,,,
37:22.3,,,1.118156385,1.10276802,,,,,,
37:22.3,,,1.118156366,1.102768012,,,,,,
37:22.3,,,1.118156348,1.102768005,,,,,,
37:22.3,,,1.118156331,1.102767999,,,,,,
37:22.3,,,1.118156313,1.102767992,,,,,,
37:22.3,,,1.118156274,1.102767976,,,,,,
37:22.3,,,1.118156259,1.102767971,,,,,,
37:22.4,,,1.118156258,1.10276797,,,,,,
37:22.4,,,1.118156245,1.102767965,,,,,,
37:22.4,,,,,,15.84082031,,,,
37:22.4,,,,,7834.507813,,,,,
37:22.5,88.4848,62.78,,,,,95.8,8.18737152,,
37:22.5,,,,,8118.479492,,,,,
37:22.5,,,,,,14.93359375,,,,
37:22.9,,,,,,,,,,
37:23.9,,,,,,,,,,
37:24.1,,,1.119377645,1.10796778,,,,,,
37:24.1,,,1.119377642,1.107967783,,,,,,
37:24.1,,,1.119377642,1.107967783,,,,,,
37:24.2,,,1.119229089,1.104344977,,,,,,
37:24.2,,,1.119229083,1.104344972,,,,,,
37:24.2,,,1.119229081,1.104344969,,,,,,
37:24.2,,,1.119229078,1.104344967,,,,,,
37:24.2,,,1.119229076,1.104344965,,,,,,
37:24.2,,,,,7285.878906,,,,,
37:24.2,,,,,,15.77832031,,,,
37:24.2,,,1.119229074,1.104344962,,,,,,
37:24.3,,,,,8871.291992,,,,,
37:24.3,,,,,,28.47558594,,,,
37:24.8,88.4848,62.78,,,,,100,8.18737152,,
37:24.9,,,1.119377645,1.10796778,,,,,,
37:24.9,,,,,,,,,,
37:25.9,,,,,,,,,,
37:26.5,,,1.114083572,1.10447758,,,,,,
37:26.6,,,1.114083567,1.10447758,,,,,,
37:26.6,,,1.114083563,1.104477579,,,,,,
37:26.6,,,1.119546893,1.100335996,,,,,,
37:26.6,,,1.119546915,1.100335963,,,,,,
37:26.6,,,1.119546928,1.100335942,,,,,,
37:26.6,,,1.119546929,1.100335941,,,,,,
37:26.6,,,1.119546937,1.100335929,,,,,,
37:26.6,,,1.119546944,1.100335918,,,,,,
37:26.6,,,1.11954696,1.100335893,,,,,,
37:26.6,,,,,8100.709961,,,,,
37:26.6,,,,,,15.70800781,,,,
37:26.7,,,,,5818.12793,,,,,
37:26.7,,,,,,31.48632813,,,,
37:26.9,,,,,,,,,,
37:27.9,,,,,,,,,,
37:28.4,,,1.118811153,1.106174381,,,,,,
37:28.4,,,1.118811154,1.106174385,,,,,,
37:28.4,,,1.12224256,1.110680581,,,,,,
37:28.4,,,,,5022.646484,,,,,
37:28.4,,,,,,103.0498047,,,,
37:28.4,,,1.122242573,1.110680604,,,,,,
37:28.5,,,1.122242603,1.110680654,,,,,,
37:28.5,,,1.12224262,1.110680682,,,,,,
37:28.5,,,1.122242621,1.110680683,,,,,,
37:28.5,,,1.122242631,1.110680701,,,,,,
37:28.5,,,1.122242642,1.110680718,,,,,,
37:28.5,,,1.122242651,1.110680735,,,,,,
37:28.8,,,,,6273.40918,,,,,
37:28.8,,,,,,20.04882813,,,,
37:28.8,88.4848,62.48,,,,,96.9,8.18737152,,
37:28.9,,,,,,,,,,
37:29.9,,,,,,,,,,
37:30.4,,,1.119235749,1.098995787,,,,,,
37:30.4,,,1.119235746,1.098995755,,,,,,
37:30.4,,,1.119235745,1.098995744,,,,,,
37:30.4,,,1.119235744,1.098995742,,,,,,
37:30.4,,,,,7309.18457,,,,,
37:30.4,,,,,,16.28417969,,,,
37:30.4,,,1.119235744,1.09899574,,,,,,
37:30.4,,,1.119235744,1.098995739,,,,,,
37:30.4,,,1.119235743,1.098995729,,,,,,
37:30.4,,,1.123294726,1.107966575,,,,,,
37:30.4,,,1.123294736,1.107966587,,,,,,
37:30.4,,,1.12329474,1.107966593,,,,,,
37:30.6,,,,,7429.870117,,,,,
37:30.6,,,,,,15.38476563,,,,
37:30.9,,,,,,,,,,
37:32.0,,,,,,,,,,
37:32.4,,,1.128448861,1.110830676,,,,,,
37:32.5,,,1.12844887,1.110830684,,,,,,
37:32.5,,,1.128448879,1.11083069,,,,,,
37:32.6,,,1.128448882,1.110830693,,,,,,
37:32.6,,,,,,16.06054688,,,,
37:32.6,,,,,8303.045898,,,,,
37:32.6,,,1.128448885,1.110830695,,,,,,
37:32.6,,,1.128448908,1.110830714,,,,,,
37:32.6,,,1.128448908,1.110830713,,,,,,
37:32.6,,,1.128448909,1.110830714,,,,,,
37:32.6,,,1.128448922,1.110830725,,,,,,
37:32.6,,,1.128448919,1.110830722,,,,,,
37:32.8,88.4848,63.76,,,,,96.2,8.18737152,,
37:32.8,,,,,7216.324219,,,,,
37:32.8,,,,,,37.64648438,,,,
37:32.8,88.4848,63.76,,,,,94.4,8.18737152,,
37:32.9,,,,,,,,,,
37:33.5,,,,,,,,,/IP_10_3_0_8/move_camera,2261
37:33.9,,,,,,,,,,
37:34.2,,,1.118354141,1.102577466,,,,,,
37:34.2,,,1.11835413,1.102577459,,,,,,
37:34.2,,,1.118354104,1.102577445,,,,,,
37:34.2,,,,,5340.988281,,,,,
37:34.2,,,,,,20.23730469,,,,
37:34.2,,,1.118354085,1.102577434,,,,,,
37:34.2,,,1.118696678,1.102562554,,,,,,
37:34.2,,,1.12039849,1.102492613,,,,,,
37:34.2,,,1.12159744,1.102442717,,,,,,
37:34.3,,,1.123016832,1.102384774,,,,,,
37:34.3,,,1.124183686,1.10235424,,,,,,
37:34.5,,,,,7110.608398,,,,,
37:34.5,,,,,,40.33984375,,,,
37:34.8,,,1.118354153,1.102577472,,,,,,
37:34.9,,,,,,,,,,
37:35.9,,,,,,,,,,
37:35.9,,,0.905104488,0.968202932,,,,,,
37:36.0,,,0.890294655,0.955101073,,,,,,
37:36.0,,,0.875130558,0.941626713,,,,,,
37:36.1,,,0.765483416,0.840968871,,,,,,
37:36.1,,,0.746410441,0.822848901,,,,,,
37:36.1,,,,,6491.613281,,,,,
37:36.1,,,,,,60.59472656,,,,
37:36.2,,,0.853418754,0.922141544,,,,,,
37:36.3,,,,,6953.799805,,,,,
37:36.3,,,,,,23.04199219,,,,
37:36.4,,,0.842914837,0.912700414,,,,,,
37:36.5,,,0.817695382,0.889753386,,,,,,
37:36.6,,,0.792103208,0.866005632,,,,,,
37:36.7,,,0.783326147,0.857780336,,,,,,
37:36.9,,,,,,,,,,
37:37.7,,,0.492901083,0.341682152,,,,,,
37:37.7,,,0.477372733,0.321302352,,,,,,
37:37.7,,,0.453731657,0.290321969,,,,,,
37:37.7,,,0.43701948,0.268539852,,,,,,
37:37.8,,,0.423538802,0.251108966,,,,,,
37:37.8,,,0.408631769,0.231937576,,,,,,
37:37.8,,,0.394232323,0.213593649,,,,,,
37:37.8,,,0.468678161,0.271737987,,,,,,
37:37.8,,,0.450838703,0.248479983,,,,,,
37:37.8,,,0.435301608,0.228703399,,,,,,
37:37.8,,,,,,,,,,
37:37.9,,,,,6538.373047,,,,,
37:37.9,,,,,,21.34179688,,,,
37:38.1,,,,,4883.044922,,,,,
37:38.1,,,,,,24.88085938,,,,
37:38.9,,,,,,,,,,
37:39.2,,,0.124452106,-0.205564916,,,,,,
37:39.3,,,0.125521479,-0.201808715,,,,,,
37:39.3,,,0.127423538,-0.1941835,,,,,,
37:39.3,,,0.128921912,-0.187520829,,,,,,
37:39.4,,,0.129295139,-0.185679495,,,,,,
37:39.4,,,0.13002511,-0.182324677,,,,,,
37:39.4,,,0.130677916,-0.179219008,,,,,,
37:39.4,,,0.131078066,-0.177295736,,,,,,
37:39.4,,,0.131344311,-0.175999418,,,,,,
37:39.4,,,0.131392453,-0.175666865,,,,,,
37:39.4,88.4848,62.29,,,,,97.1,8.18737152,,
37:39.5,,,,,8629.763672,,,,,
37:39.5,,,,,,20.41210938,,,,
37:39.9,,,,,,,,,,
37:40.7,,,0.011228642,-0.355181157,,,,,,
37:40.7,,,0.011230343,-0.355140877,,,,,,
37:40.8,,,0.011234753,-0.355041841,,,,,,
37:40.8,,,0.011236047,-0.355008552,,,,,,
37:40.8,,,0.011237286,-0.354978865,,,,,,
37:40.8,,,0.011240742,-0.354903632,,,,,,
37:40.8,,,0.002794947,-0.354956194,,,,,,
37:40.8,,,0.002797191,-0.354904673,,,,,,
37:40.8,,,0.002798107,-0.354882655,,,,,,
37:40.8,,,,,7146.864258,,,,,
37:40.8,,,,,,31.65332031,,,,
37:40.8,,,0.002799469,-0.354849995,,,,,,
37:40.9,,,,,,,,,,
37:41.0,,,,,,,,,/IP_10_3_0_8/move_robot,7397
37:41.0,,,,,7312.945313,,,,,
37:41.0,,,,,,18.98242188,,,,
37:41.9,,,,,,,,,,
37:42.3,,,0.002824536,-0.354270288,,,,,,
37:42.3,,,5.14E-05,-0.34695846,,,,,,
37:42.4,,,5.24E-05,-0.346937565,,,,,,
37:42.4,,,5.34E-05,-0.346917806,,,,,,
37:42.4,,,5.43E-05,-0.346898913,,,,,,
37:42.4,,,5.53E-05,-0.346877335,,,,,,
37:42.4,,,5.62E-05,-0.346860569,,,,,,
37:42.5,,,5.64E-05,-0.346854135,,,,,,
37:42.5,,,5.72E-05,-0.346838789,,,,,,
37:42.5,,,5.74E-05,-0.346833144,,,,,,
37:42.6,,,,,6627.505859,,,,,
37:42.6,,,,,,41.81738281,,,,
37:42.6,88.4848,62.42,,,,,96.8,8.18737152,,
37:42.6,88.4848,62.42,,,,,100,8.18737152,,
37:42.9,,,,,,,,,,
37:43.1,,,,,,,,,/IP_10_3_0_8/move_camera,2208
37:43.2,,,,,,,,,/IP_10_3_0_8/rosping_service,452
37:43.8,,,0.006585569,-0.352153051,,,,,,
37:43.8,,,0.006586268,-0.352138209,,,,,,
37:43.9,,,0.006586336,-0.352136801,,,,,,
37:43.9,,,0.006586358,-0.352136352,,,,,,
37:43.9,,,,,,,,,,
37:43.9,,,-0.005207764,-0.347112305,,,,,,
37:43.9,,,,,6889.448242,,,,,
37:43.9,,,,,,53.49902344,,,,
37:43.9,,,-0.005207426,-0.347104852,,,,,,
37:43.9,,,-0.005207088,-0.347097403,,,,,,
37:43.9,,,-0.005206784,-0.347090662,,,,,,
37:43.9,,,-0.005206501,-0.347084318,,,,,,
37:43.9,,,-0.005206187,-0.347077277,,,,,,
37:44.2,,,,,,,,,/IP_10_3_0_8/object_detection,1056
37:44.9,,,,,,,,,,
37:44.9,,,,,6433.794922,,,,,
37:44.9,,,,,,37.43554688,,,,
37:45.1,,,-0.005202599,-0.346996569,,,,,,
37:45.1,,,-0.005202519,-0.346994732,,,,,,
37:45.1,,,-0.005202445,-0.346993006,,,,,,
37:45.2,,,0.001046565,-0.349372589,,,,,,
37:45.2,,,0.001046765,-0.349368545,,,,,,
37:45.2,,,0.001046802,-0.349367766,,,,,,
37:45.2,,,0.001046957,-0.349364649,,,,,,
37:45.2,,,0.001047094,-0.349361841,,,,,,
37:45.2,,,0.00104723,-0.349359101,,,,,,
37:45.2,,,0.001047358,-0.349356482,,,,,,
37:45.3,,,,,4949.836914,,,,,
37:45.3,,,,,,25.54882813,,,,
37:45.9,,,,,,,,,,
37:46.4,,,,,,,,,/IP_10_3_0_8/move_camera,2162
37:46.6,,,0.001049275,-0.34931736,,,,,,
37:46.6,,,0.001049303,-0.349316775,,,,,,
37:46.6,,,0.001049293,-0.349316953,,,,,,
37:46.7,,,0.00104932,-0.349316411,,,,,,
37:46.7,,,0.001049346,-0.349315894,,,,,,
37:46.7,,,0.00104937,-0.349315402,,,,,,
37:46.7,,,0.004966469,-0.345509403,,,,,,
37:46.8,,,0.004966628,-0.345506585,,,,,,
37:46.8,,,0.004966717,-0.345504989,,,,,,
37:46.8,,,0.004966779,-0.345503894,,,,,,
37:46.8,,,,,6028.037109,,,,,
37:46.8,,,,,,18.93945313,,,,
37:46.9,,,,,,,,,,
37:47.9,,,,,,,,,,
37:48.2,,,0.002923405,-0.34676504,,,,,,
37:48.2,,,,,5522.796875,,,,,
37:48.2,,,,,,25.82128906,,,,
37:48.2,,,0.002923476,-0.346763567,,,,,,
37:48.3,,,0.002923487,-0.346763339,,,,,,
37:48.3,,,0.002923509,-0.346762873,,,,,,
37:48.3,,,0.00292353,-0.346762428,,,,,,
37:48.3,,,0.002923538,-0.346762266,,,,,,
37:48.3,,,0.002923595,-0.346761101,,,,,,
37:48.3,,,0.002923599,-0.346760988,,,,,,
37:48.3,,,0.002923634,-0.346760284,,,,,,
37:48.3,,,0.002923634,-0.346760267,,,,,,
37:48.5,,,,,6228.200195,,,,,
37:48.5,,,,,,29.56933594,,,,
37:48.5,88.4848,63.29,,,,,96.9,8.18737152,,
37:48.9,,,,,,,,,,
37:49.8,,,-0.001866004,-0.388589735,,,,,,
37:49.9,,,,,,,,,,
37:49.9,,,-0.001652643,-0.391309223,,,,,,
37:49.9,,,-0.001396507,-0.394040358,,,,,,
37:49.9,,,-0.00115396,-0.396479968,,,,,,
37:50.0,,,-0.000678226,-0.40064878,,,,,,
37:50.0,,,0.001745592,-0.376474391,,,,,,
37:50.0,,,0.001840287,-0.379199363,,,,,,
37:50.0,,,0.001937793,-0.381865693,,,,,,
37:50.1,,,,,6334.516602,,,,,
37:50.1,,,,,,37.77636719,,,,
37:50.1,,,0.002080536,-0.385162995,,,,,,
37:50.1,,,0.002189065,-0.387258904,,,,,,
37:50.2,,,,,5743.05957,,,,,
37:50.2,,,,,,25.10742188,,,,
37:50.9,,,,,,,,,,
37:51.3,,,0.005874045,-0.445913759,,,,,,
37:51.3,,,0.011825013,-0.443888314,,,,,,
37:51.3,,,0.012069965,-0.445259619,,,,,,
37:51.4,,,0.01245706,-0.447369135,,,,,,
37:51.4,,,0.012602627,-0.448139865,,,,,,
37:51.4,,,0.013025366,-0.450390922,,,,,,
37:51.4,,,0.013285817,-0.451799357,,,,,,
37:51.4,,,0.013558701,-0.45327218,,,,,,
37:51.4,,,0.013728449,-0.454198401,,,,,,
37:51.4,,,0.01391641,-0.455225561,,,,,,
37:51.6,,,,,6670.730469,,,,,
37:51.6,,,,,,53.86914063,,,,
37:51.9,,,,,,,,,,
37:52.9,,,,,,,,,,
37:52.9,,,0.019499103,-0.498762287,,,,,,
37:52.9,,,0.019599051,-0.499389303,,,,,,
37:53.0,,,0.019644548,-0.499669926,,,,,,
37:53.1,,,0.020500107,-0.50509091,,,,,,
37:53.1,,,0.020562333,-0.505526674,,,,,,
37:53.2,85.6061,62.03,,,,,99.2,8.18737152,,
37:53.2,,,,,6295.121094,,,,,
37:53.2,,,,,,17.875,,,,
37:53.2,85.6061,62.03,,,,,100,8.18737152,,
37:53.2,,,0.019749598,-0.500323606,,,,,,
37:53.3,,,0.019841385,-0.500893006,,,,,,
37:53.4,,,0.019930222,-0.50144331,,,,,,
37:53.7,,,0.020055847,-0.502229544,,,,,,
37:53.7,,,,,6722.296875,,,,,
37:53.7,,,,,,18.92285156,,,,
37:53.7,,,0.020280902,-0.503653052,,,,,,
37:53.9,,,,,,,,,,
37:54.3,,,0.038234519,-0.527580934,,,,,,
37:54.3,,,0.038282281,-0.528306693,,,,,,
37:54.3,,,0.038327516,-0.529069814,,,,,,
37:54.3,,,0.038368027,-0.529834775,,,,,,
37:54.3,,,0.038402581,-0.530579816,,,,,,
37:54.3,,,0.038424731,-0.531159471,,,,,,
37:54.3,,,0.038444834,-0.531725842,,,,,,
37:54.3,,,0.038472789,-0.532664045,,,,,,
37:54.3,,,0.038492541,-0.533294397,,,,,,
37:54.4,,,0.037662195,-0.54005587,,,,,,
37:54.5,,,,,7935.19043,,,,,
37:54.5,,,,,,18.91113281,,,,
37:54.9,,,,,,,,,,
37:55.9,,,,,,,,,,
37:56.0,,,0.031569247,-0.561843142,,,,,,
37:56.0,,,0.031547103,-0.562084396,,,,,,
37:56.0,,,0.031541975,-0.562141638,,,,,,
37:56.2,,,0.031516804,-0.562453002,,,,,,
37:56.2,,,,,10128.71191,,,,,
37:56.2,,,,,,29.82714844,,,,
37:56.2,,,0.03148811,-0.56284567,,,,,,
37:56.4,,,0.031478891,-0.562980433,,,,,,
37:56.7,,,0.031463047,-0.563226514,,,,,,
37:56.7,,,,,8994.09668,,,,,
37:56.7,,,,,,19.86328125,,,,
37:56.8,,,0.031454129,-0.563382443,,,,,,
37:56.8,,,0.031448245,-0.563480527,,,,,,
37:56.8,,,0.031430219,-0.563839443,,,,,,
37:56.9,,,,,,,,,,
37:57.6,,,0.035744001,-0.565010935,,,,,,
37:57.6,,,0.035743987,-0.565009875,,,,,,
37:57.6,,,0.035743967,-0.565008444,,,,,,
37:57.6,,,0.035743947,-0.565006991,,,,,,
37:57.6,,,0.03574394,-0.565006545,,,,,,
37:57.7,,,0.035743929,-0.565005704,,,,,,
37:57.7,,,0.035743918,-0.565004898,,,,,,
37:57.7,,,0.03574389,-0.565002707,,,,,,
37:57.7,,,0.03574388,-0.565001999,,,,,,
37:57.7,,,0.035743871,-0.565001334,,,,,,
37:57.7,,,,,9235.267578,,,,,
37:57.7,,,,,,17.61035156,,,,
37:57.9,,,,,,,,,,
37:59.0,,,,,,,,,,
38:00.0,,,,,,,,,,
38:00.4,,,0.030597951,-0.699015787,,,,,,
38:00.4,,,0.030382782,-0.712214631,,,,,,
38:00.4,,,,,9812.814453,,,,,
38:00.4,,,,,,36.06738281,,,,
38:00.4,,,0.030276526,-0.719953885,,,,,,
38:00.4,,,0.030213707,-0.724660542,,,,,,
38:00.4,,,0.030132699,-0.730343462,,,,,,
38:00.4,,,0.030035571,-0.735979102,,,,,,
38:00.4,,,0.029868971,-0.744374452,,,,,,
38:00.4,,,0.029665299,-0.75304128,,,,,,
38:00.4,,,0.029593306,-0.755824836,,,,,,
38:00.4,,,0.029433969,-0.76142293,,,,,,
38:00.5,85.6061,61.96,,,,,98.2,8.18737152,,
38:00.5,,,,,9494.667969,,,,,
38:00.5,,,,,,50.88574219,,,,
38:00.6,,,,,7806.224609,,,,,
38:00.6,,,,,,15.078125,,,,
38:01.0,,,,,,,,,,
38:02.7,,,,,,,,,,
38:03.0,,,,,,,,,,
38:03.2,,,0.024827025,-0.95154109,,,,,,
38:03.3,,,0.024783995,-0.953199583,,,,,,
38:03.3,,,0.024735478,-0.955265351,,,,,,
38:03.3,,,0.024699911,-0.957290906,,,,,,
38:03.3,,,0.024668442,-0.959500062,,,,,,
38:03.3,,,0.024659518,-0.960161749,,,,,,
38:03.3,,,0.024644041,-0.961596233,,,,,,
38:03.3,,,0.024633963,-0.962908133,,,,,,
38:03.3,,,0.024631275,-0.96411715,,,,,,
38:03.3,,,0.024638148,-0.965994136,,,,,,
38:03.3,,,,,8790.076172,,,,,
38:03.3,,,,,,23.63085938,,,,
38:03.5,88.4848,62.71,,,,,97.9,8.18737152,,
38:03.5,,,,,10870.0293,,,,,
38:03.5,,,,,,15.10058594,,,,
38:03.5,88.4848,62.71,,,,,88.2,8.18737152,,
38:03.6,,,,,10632.7168,,,,,
38:03.6,,,,,,14.8046875,,,,
38:04.0,,,,,,,,,,
38:05.0,,,,,,,,,,
38:06.0,,,,,,,,,,
38:06.2,,,0.019304156,-1.025469939,,,,,,
38:06.2,,,0.019293015,-1.025692671,,,,,,
38:06.2,,,0.019252581,-1.026463757,,,,,,
38:06.2,,,0.019223269,-1.026947074,,,,,,
38:06.3,,,0.019198888,-1.027333032,,,,,,
38:06.3,,,0.019170938,-1.027749805,,,,,,
38:06.3,,,0.019147157,-1.028091746,,,,,,
38:06.3,,,0.0191188,-1.028482295,,,,,,
38:06.3,,,0.019087732,-1.028888893,,,,,,
38:06.4,,,0.019053373,-1.029342861,,,,,,
38:06.4,,,,,9438.404297,,,,,
38:06.4,,,,,,38.29101563,,,,
38:06.5,,,,,9647.266602,,,,,
38:06.5,,,,,,15.09960938,,,,
38:06.5,,,,,11137.18945,,,,,
38:06.5,,,,,,34.95507813,,,,
38:07.0,,,,,,,,,,
38:08.0,,,,,,,,,,
38:09.0,,,,,,,,,,
38:09.2,,,0.031444458,-1.056471463,,,,,,
38:09.2,,,0.031444494,-1.056469538,,,,,,
38:09.2,,,0.031444525,-1.056467788,,,,,,
38:09.2,,,0.031444554,-1.056466211,,,,,,
38:09.2,,,0.031444623,-1.056462665,,,,,,
38:09.2,,,0.031444685,-1.056459424,,,,,,
38:09.2,,,0.031444709,-1.056458106,,,,,,
38:09.2,,,0.031444872,-1.056450026,,,,,,
38:09.2,,,0.031444885,-1.056448959,,,,,,
38:09.2,,,0.031444902,-1.056448001,,,,,,
38:09.2,,,,,13044.16406,,,,,
38:09.2,,,,,,54.328125,,,,
38:09.3,,,,,,,,,/IP_10_3_0_8/trolley_docking_service,22974
38:09.4,88.4848,61.84,,,,,96.6,8.18737152,,
38:09.4,,,,,12449.80371,,,,,
38:09.4,,,,,,15.06835938,,,,
38:09.4,,,,,12174.55176,,,,,
38:09.4,,,,,,16.66992188,,,,
38:09.6,,,,,,,,,/IP_10_3_0_8/rosping_service,9955
38:10.0,,,,,,,,,,
38:11.0,,,,,,,,,,
38:12.2,,,0.035181835,-1.061136619,,,,,,
38:12.2,,,0.035181843,-1.061136322,,,,,,
38:12.2,,,0.035181851,-1.061136019,,,,,,
38:12.2,,,0.035181866,-1.061135475,,,,,,
38:12.2,,,0.035181881,-1.061134941,,,,,,
38:12.2,,,0.035181912,-1.061133811,,,,,,
38:12.2,,,0.035181928,-1.061133235,,,,,,
38:12.2,,,0.03518193,-1.061133148,,,,,,
38:12.2,,,0.035181942,-1.061132722,,,,,,
38:12.2,,,0.035181953,-1.061132323,,,,,,
38:12.3,,,,,11757.23047,,,,,
38:12.3,,,,,,25.66992188,,,,
38:12.3,,,,,11824.95313,,,,,
38:12.3,,,,,,15.93847656,,,,
38:12.3,,,,,12476.78516,,,,,
38:12.3,,,,,,27.15234375,,,,
38:12.4,,,,,,,,,,
38:13.0,,,,,,,,,,
38:14.0,,,,,,,,,,
38:14.8,,,0.034913025,-1.05961725,,,,,,
38:14.9,,,0.03491303,-1.059617195,,,,,,
38:14.9,,,0.034913031,-1.059617191,,,,,,
38:14.9,,,0.034913035,-1.059617139,,,,,,
38:14.9,,,0.03491304,-1.059617091,,,,,,
38:14.9,,,0.034913044,-1.059617041,,,,,,
38:14.9,,,0.034913048,-1.059617,,,,,,
38:14.9,88.4848,61.77,,,,,95.8,8.18737152,,
38:14.9,,,0.034913052,-1.059616958,,,,,,
38:14.9,88.4848,61.77,,,,,100,8.18737152,,
38:14.9,,,0.034913055,-1.05961692,,,,,,
38:14.9,,,0.034913058,-1.059616882,,,,,,
38:15.0,,,,,,,,,,
38:15.1,,,,,10715.52246,,,,,
38:15.1,,,,,,24.55371094,,,,
38:15.2,,,,,11263.06445,,,,,
38:15.2,,,,,,33.05664063,,,,
38:15.2,,,,,11374.35156,,,,,
38:15.2,,,,,,58.01171875,,,,
38:15.9,,,,,,,,,,
38:16.9,,,,,,,,,,
38:17.5,,,0.031399623,-1.055569743,,,,,,
38:17.5,,,0.031399623,-1.05556973,,,,,,
38:17.5,,,0.031399622,-1.055569702,,,,,,
38:17.5,,,0.031399622,-1.055569686,,,,,,
38:17.5,,,0.031399621,-1.055569646,,,,,,
38:17.6,,,0.031399621,-1.055569644,,,,,,
38:17.6,,,0.031399621,-1.055569635,,,,,,
38:17.6,,,0.031399621,-1.055569627,,,,,,
38:17.6,,,0.031399621,-1.055569619,,,,,,
38:17.6,,,0.03139962,-1.055569572,,,,,,
38:17.8,,,,,11444.73828,,,,,
38:17.8,,,,,,14.83105469,,,,
38:17.9,,,,,12516.79297,,,,,
38:17.9,,,,,,15.015625,,,,
38:17.9,,,,,,,,,,
38:18.9,,,,,,,,,,
38:19.9,,,0.038289051,-1.064171933,,,,,,
38:19.9,,,0.038289983,-1.064093689,,,,,,
38:19.9,,,0.038289985,-1.064093699,,,,,,
38:20.0,,,,,,,,,,
38:20.1,88.4848,61.99,,,,,96.3,8.18737152,,
38:20.1,,,0.038289993,-1.064093747,,,,,,
38:20.1,,,,,9800.486328,,,,,
38:20.1,,,,,,25.54785156,,,,
38:20.1,,,0.03829,-1.064093791,,,,,,
38:20.1,,,0.038290009,-1.06409384,,,,,,
38:20.1,,,0.038290015,-1.064093875,,,,,,
38:20.1,,,0.038290022,-1.064093916,,,,,,
38:20.1,,,0.038290037,-1.064094003,,,,,,
38:20.1,,,0.038290043,-1.064094043,,,,,,
38:20.2,,,,,12208.28516,,,,,
38:20.2,,,,,,15.24121094,,,,
38:20.2,,,,,12691.62402,,,,,
38:20.2,,,,,,28.47949219,,,,
38:21.1,,,,,,,,,/IP_10_3_0_8/grab_trolley,11666
38:21.4,,,,,,,,,,
38:22.0,,,,,,,,,,
38:22.6,,,0.034791042,-1.062365166,,,,,,
38:22.6,,,0.034791033,-1.062365183,,,,,,
38:22.6,,,0.034791029,-1.06236519,,,,,,
38:22.6,,,0.034791024,-1.0623652,,,,,,
38:22.7,,,0.034791023,-1.062365201,,,,,,
38:22.7,,,0.03479102,-1.062365206,,,,,,
38:22.7,,,0.034791018,-1.062365211,,,,,,
38:22.7,,,0.034791012,-1.062365223,,,,,,
38:22.7,,,0.027987688,-1.058459716,,,,,,
38:22.7,,,0.027987682,-1.058459714,,,,,,
38:22.8,,,,,10563.95508,,,,,
38:22.8,,,,,,14.78320313,,,,
38:22.8,,,,,10216.18555,,,,,
38:22.8,,,,,,41.76171875,,,,
38:22.9,88.4848,62.33,,,,,94.4,8.18737152,,
38:22.9,88.4848,62.33,,,,,100,8.18737152,,
38:23.0,,,,,,,,,,
38:23.3,,,,,,,,,/IP_10_3_0_8/move_camera,2313
38:23.9,,,,,,,,,,
38:24.9,,,,,,,,,,
38:25.1,,,0.03506926,-0.937208404,,,,,,
38:25.1,,,0.035241093,-0.927736878,,,,,,
38:25.1,,,0.035418104,-0.918114767,,,,,,
38:25.1,,,0.035594273,-0.908923765,,,,,,
38:25.1,,,0.035779874,-0.899339527,,,,,,
38:25.1,,,0.036074916,-0.884859304,,,,,,
38:25.4,,,,,12136.61035,,,,,
38:25.4,,,,,,23.19824219,,,,
38:25.4,,,,,12208.71777,,,,,
38:25.4,,,,,,15.75976563,,,,
38:25.7,,,,,,,,,/IP_10_3_0_8/reverse_robot,2411
38:25.9,,,0.034328781,-0.980256162,,,,,,
38:25.9,,,,,11388.2207,,,,,
38:25.9,,,,,,52.37597656,,,,
38:25.9,,,0.03457307,-0.96571707,,,,,,
38:25.9,,,0.034737631,-0.956183163,,,,,,
38:25.9,,,0.034900375,-0.946654414,,,,,,
38:26.0,,,,,,,,,,
38:26.9,,,,,,,,,,
38:27.5,,,0.069456765,-0.504478109,,,,,,
38:27.5,,,0.076638521,-0.490823127,,,,,,
38:27.5,,,0.084963083,-0.476654817,,,,,,
38:27.5,,,0.093675443,-0.462634144,,,,,,
38:27.5,,,0.102864893,-0.448854083,,,,,,
38:27.6,,,0.112392547,-0.435468311,,,,,,
38:27.6,,,0.122154726,-0.422290771,,,,,,
38:27.6,,,0.132292214,-0.409233676,,,,,,
38:27.6,,,0.032217292,-0.530777006,,,,,,
38:27.6,,,0.036636821,-0.510834194,,,,,,
38:27.6,,,,,9458.689453,,,,,
38:27.6,,,,,,15.45605469,,,,
38:27.8,,,,,8597.600586,,,,,
38:27.8,,,,,,45.8984375,,,,
38:28.0,,,,,,,,,,
38:29.0,,,,,,,,,,
38:29.9,,,,,,,,,,
38:30.2,,,0.286565075,-0.078545863,,,,,,
38:30.2,,,0.27354887,-0.079675198,,,,,,
38:30.2,,,0.259739631,-0.08075417,,,,,,
38:30.3,,,0.237998062,-0.082322568,,,,,,
38:30.3,,,0.218444891,-0.083627656,,,,,,
38:30.3,,,,,11072.57422,,,,,
38:30.3,,,,,,30.57519531,,,,
38:30.3,,,0.212043094,-0.084046741,,,,,,
38:30.3,,,0.199296452,-0.084881423,,,,,,
38:30.3,,,0.186892326,-0.085686096,,,,,,
38:30.3,,,0.174885703,-0.086468048,,,,,,
38:30.4,,,0.162694977,-0.087261151,,,,,,
38:30.5,88.4848,61.82,,,,,97.5,8.18737152,,
38:30.6,,,,,9092.414063,,,,,
38:30.6,,,,,,16.50683594,,,,
38:30.7,,,,,7675.34668,,,,,
38:30.7,,,,,,41.02734375,,,,
38:30.9,,,,,,,,,,
38:31.9,,,,,,,,,,
38:32.5,,,-0.020800329,-0.012426599,,,,,,
38:32.5,,,-0.020791289,-0.012427797,,,,,,
38:32.6,,,-0.020782688,-0.012428937,,,,,,
38:32.6,,,-0.020778598,-0.012429479,,,,,,
38:32.6,,,-0.020766751,-0.012431049,,,,,,
38:32.6,,,-0.020759439,-0.012432019,,,,,,
38:32.6,,,-0.0207524,-0.012432952,,,,,,
38:32.6,,,-0.020736222,-0.012435085,,,,,,
38:32.6,,,-0.020720987,-0.012437094,,,,,,
38:32.6,,,-0.020705356,-0.012439154,,,,,,
38:32.6,,,,,10110.50293,,,,,
38:32.6,,,,,,52.80664063,,,,
38:32.7,,,,,11141.14063,,,,,
38:32.7,,,,,,15.953125,,,,
38:32.8,88.4848,61.98,,,,,96.6,8.18737152,,
38:32.8,88.4848,61.98,,,,,100,8.18737152,,
38:32.9,,,,,,,,,,
38:33.9,,,,,,,,,,
38:34.2,,,,,,,,,/IP_10_3_0_8/move_robot,8500
38:34.4,,,,,,,,,/IP_10_3_0_8/rosping_service,8344
38:34.6,,,-0.031339522,-0.011878105,,,,,,
38:34.6,,,-0.031335145,-0.011878528,,,,,,
38:34.6,,,-0.031324676,-0.011879536,,,,,,
38:34.7,,,-0.03132374,-0.011879631,,,,,,
38:34.7,,,-0.031322855,-0.01187972,,,,,,
38:34.7,,,-0.03131935,-0.011880059,,,,,,
38:34.7,,,,,11355.75195,,,,,
38:34.7,,,,,,15.62207031,,,,
38:34.7,,,-0.031316002,-0.011880384,,,,,,
38:34.7,,,-0.026657973,-0.0122546,,,,,,
38:34.7,,,-0.026652713,-0.012255127,,,,,,
38:34.7,,,-0.026643178,-0.012256082,,,,,,
38:34.7,,,,,12496.14648,,,,,
38:34.7,,,,,,17.75585938,,,,
38:34.9,,,,,,,,,,
38:35.9,,,,,,,,,,
38:36.1,,,-0.026579142,-0.012262501,,,,,,
38:36.1,,,-0.033636631,-0.009221872,,,,,,
38:36.1,,,-0.033634587,-0.009222064,,,,,,
38:36.1,,,-0.033630032,-0.009222489,,,,,,
38:36.1,,,,,11392.33301,,,,,
38:36.1,,,,,,22.07324219,,,,
38:36.1,,,-0.033628359,-0.009222647,,,,,,
38:36.1,,,-0.033627663,-0.009222713,,,,,,
38:36.2,,,-0.033627328,-0.009222745,,,,,,
38:36.2,,,-0.03362345,-0.009223108,,,,,,
38:36.2,,,-0.033621743,-0.009223269,,,,,,
38:36.2,,,-0.03362149,-0.009223293,,,,,,
38:36.3,,,,,12212.69824,,,,,
38:36.3,,,,,,30.38671875,,,,
38:36.9,,,,,,,,,,
38:37.9,,,,,,,,,,
38:38.3,,,-0.027286911,-0.009440262,,,,,,
38:38.3,,,-0.027286527,-0.0094403,,,,,,
38:38.3,,,-0.027286192,-0.009440332,,,,,,
38:38.4,,,-0.027285861,-0.009440365,,,,,,
38:38.4,,,-0.027285,-0.009440449,,,,,,
38:38.4,,,-0.027284705,-0.009440478,,,,,,
38:38.4,,,-0.027284692,-0.00944048,,,,,,
38:38.5,,,-0.027284433,-0.009440505,,,,,,
38:38.5,,,-0.027284183,-0.00944053,,,,,,
38:38.5,,,-0.027283945,-0.009440553,,,,,,
38:38.5,,,,,13035.70703,,,,,
38:38.5,,,,,,16.80175781,,,,
38:38.6,88.4848,62.2,,,,,96.5,8.18737152,,
38:38.6,,,,,9258.098633,,,,,
38:38.6,,,,,,32.33886719,,,,
38:38.9,,,,,,,,,,
38:40.0,,,,,,,,,,
38:40.4,,,-0.032373689,-0.012062596,,,,,,
38:40.5,,,-0.032373634,-0.012062604,,,,,,
38:40.5,,,-0.032373608,-0.012062608,,,,,,
38:40.6,,,-0.032373582,-0.012062612,,,,,,
38:40.6,,,-0.032373502,-0.012062623,,,,,,
38:40.6,,,-0.032373481,-0.012062626,,,,,,
38:40.7,,,-0.032373462,-0.012062629,,,,,,
38:40.7,,,-0.032373434,-0.012062633,,,,,,
38:40.8,,,-0.032373415,-0.012062636,,,,,,
38:40.8,,,-0.0323734,-0.012062638,,,,,,
38:40.8,,,,,9464.000977,,,,,
38:40.8,,,,,,52.22851563,,,,
38:40.9,,,,,10764.45703,,,,,
38:40.9,,,,,,21.43261719,,,,
38:40.9,,,,,,,,,,
38:41.9,,,,,,,,,,
38:42.4,,,-0.032602312,-0.009717806,,,,,,
38:42.4,,,-0.032602248,-0.009717798,,,,,,
38:42.5,,,-0.032602216,-0.009717794,,,,,,
38:42.5,,,-0.032602212,-0.009717793,,,,,,
38:42.5,,,-0.032602188,-0.00971779,,,,,,
38:42.5,,,-0.032602166,-0.009717788,,,,,,
38:42.5,,,,,11027.31152,,,,,
38:42.5,,,,,,15.90332031,,,,
38:42.5,,,-0.032602144,-0.009717785,,,,,,
38:42.6,,,-0.032602124,-0.009717782,,,,,,
38:42.6,,,-0.032602076,-0.009717776,,,,,,
38:42.6,,,-0.032602058,-0.009717774,,,,,,
38:42.7,88.4848,61.96,,,,,96.4,8.18737152,,
38:42.7,,,,,11861.53125,,,,,
38:42.7,,,,,,15.62304688,,,,
38:42.7,88.4848,61.96,,,,,94.1,8.18737152,,
38:42.9,,,,,,,,,,
38:43.9,,,,,,,,,,
38:44.1,,,-0.036738724,-0.013313677,,,,,,
38:44.1,,,-0.036738723,-0.013313681,,,,,,
38:44.2,,,-0.036738721,-0.013313685,,,,,,
38:44.2,,,-0.03673872,-0.013313688,,,,,,
38:44.2,,,-0.036738719,-0.013313692,,,,,,
38:44.3,,,-0.036738718,-0.013313695,,,,,,
38:44.3,,,,,11812.57813,,,,,
38:44.3,,,,,,15.60449219,,,,
38:44.3,,,-0.027860171,-0.009144084,,,,,,
38:44.3,,,-0.02786014,-0.009144076,,,,,,
38:44.3,,,,,12873.13574,,,,,
38:44.3,,,,,,28.63574219,,,,
38:44.4,,,-0.036738726,-0.013313671,,,,,,
38:44.5,,,-0.036738724,-0.013313676,,,,,,
38:44.9,,,,,,,,,,
38:45.9,,,,,,,,,,
38:46.2,,,0.1620308,-0.036001654,,,,,,
38:46.3,,,0.171891986,-0.036983136,,,,,,
38:46.3,,,0.181554291,-0.037952296,,,,,,
38:46.3,,,0.19131196,-0.038932871,,,,,,
38:46.3,,,0.206205827,-0.040435208,,,,,,
38:46.3,,,0.215494652,-0.041379281,,,,,,
38:46.3,,,0.225401917,-0.042387541,,,,,,
38:46.3,,,0.235178639,-0.043384105,,,,,,
38:46.3,,,0.245133729,-0.044403218,,,,,,
38:46.3,,,0.255038548,-0.045421408,,,,,,
38:46.4,,,,,11882.16797,,,,,
38:46.4,,,,,,20.17382813,,,,
38:46.5,,,,,,,,,/IP_10_3_0_8/reverse_robot,2213
38:46.5,,,,,9877.119141,,,,,
38:46.5,,,,,,32.84960938,,,,
38:47.0,,,,,,,,,,
38:48.0,,,,,,,,,,
38:48.9,,,0.34254865,-0.055871862,,,,,,
38:48.9,,,0.332434384,-0.056906024,,,,,,
38:48.9,,,,,,,,,,
38:49.0,,,0.321614818,-0.058306589,,,,,,
38:49.0,,,,,9097.847656,,,,,
38:49.0,,,,,,58.54101563,,,,
38:49.0,,,0.310422818,-0.060053155,,,,,,
38:49.0,,,0.2986897,-0.062195772,,,,,,
38:49.0,,,0.286367542,-0.064684306,,,,,,
38:49.0,,,0.273398733,-0.067628702,,,,,,
38:49.0,,,0.253057395,-0.073025432,,,,,,
38:49.0,,,0.238483572,-0.077266159,,,,,,
38:49.0,,,0.228413768,-0.080567294,,,,,,
38:49.2,,,,,7512.042969,,,,,
38:49.2,,,,,,17.40527344,,,,
38:49.2,88.4848,61.99,,,,,96.1,8.18737152,,
38:49.2,,,,,7442.580078,,,,,
38:49.2,,,,,,24.10839844,,,,
38:50.0,,,,,,,,,,
38:50.9,,,,,,,,,,
38:51.1,,,0.032106444,-0.299512936,,,,,,
38:51.2,,,,,11332.11328,,,,,
38:51.2,,,,,,17.28417969,,,,
38:51.2,,,0.032093729,-0.299792898,,,,,,
38:51.2,,,0.032094268,-0.299776278,,,,,,
38:51.2,,,,,9754.384766,,,,,
38:51.2,,,,,,16.95117188,,,,
38:51.2,,,0.032096026,-0.299738296,,,,,,
38:51.3,,,0.032097694,-0.299702248,,,,,,
38:51.3,,,0.032099378,-0.299665815,,,,,,
38:51.3,,,0.032100778,-0.299635093,,,,,,
38:51.5,,,0.03210455,-0.299559257,,,,,,
38:51.7,,,,,,,,,/IP_10_3_0_8/move_robot,5228
38:51.8,,,0.032107351,-0.299508915,,,,,,
38:51.8,,,0.032106353,-0.299516891,,,,,,
38:51.9,,,,,,,,,/IP_10_3_0_8/rosping_service,1005
38:52.0,,,,,,,,,,
38:53.0,,,,,,,,,,
38:53.6,,,0.028765429,-0.316484448,,,,,,
38:53.7,,,0.028764989,-0.316462429,,,,,,
38:53.7,,,0.028764935,-0.316460294,,,,,,
38:53.7,,,0.028764917,-0.316459623,,,,,,
38:53.8,,,0.028764811,-0.316454432,,,,,,
38:53.8,,,0.028764708,-0.316449398,,,,,,
38:53.8,,,0.028764609,-0.316444514,,,,,,
38:53.8,,,0.028764511,-0.316439715,,,,,,
38:53.9,,,0.028764427,-0.316435626,,,,,,
38:53.9,,,0.028764206,-0.316424375,,,,,,
38:53.9,,,,,,,,,,
38:55.0,,,,,,,,,,
38:55.0,88.4848,62.05,,,,,96.6,8.18737152,,
38:55.0,,,,,10779.6377,,,,,
38:55.0,,,,,,35.93261719,,,,
38:55.0,88.4848,62.05,,,,,100,8.18737152,,
38:55.0,,,,,7905.932617,,,,,
38:55.0,,,,,,26.3984375,,,,
38:55.8,,,0.027274768,-0.44175191,,,,,,
38:55.8,,,0.02732397,-0.455657017,,,,,,
38:55.8,,,0.027353208,-0.476780007,,,,,,
38:55.8,,,0.027340122,-0.493697661,,,,,,
38:55.9,,,,,7962.998047,,,,,
38:55.9,,,,,,33.27050781,,,,
38:55.9,,,0.02730139,-0.504377794,,,,,,
38:55.9,,,0.027236366,-0.517442976,,,,,,
38:55.9,,,0.027147665,-0.531189295,,,,,,
38:55.9,,,,,,,,,,
38:56.0,,,0.027041278,-0.544482446,,,,,,
38:56.0,,,0.026923566,-0.557488836,,,,,,
38:56.0,,,0.026779446,-0.570407602,,,,,,
38:56.1,,,,,7817.59668,,,,,
38:56.1,,,,,,58.18554688,,,,
38:56.1,,,,,,16.78320313,,,,
38:56.1,,,,,8801.838867,,,,,
38:56.9,,,,,,,,,,
38:57.9,,,0.015410963,-0.955806283,,,,,,
38:57.9,,,0.015164125,-0.95951007,,,,,,
38:57.9,,,,,,,,,,
38:58.0,,,0.014907223,-0.963418749,,,,,,
38:58.0,,,0.01466121,-0.967168238,,,,,,
38:58.0,,,0.014283013,-0.973067593,,,,,,
38:58.0,,,0.014040762,-0.976919462,,,,,,
38:58.0,,,0.01382177,-0.980466464,,,,,,
38:58.0,,,0.013615134,-0.983847532,,,,,,
38:58.0,,,0.013412315,-0.987188137,,,,,,
38:58.0,,,0.013219828,-0.990434133,,,,,,
38:58.1,,,,,11350.10254,,,,,
38:58.1,,,,,,15.98046875,,,,
38:58.2,,,,,10950.98828,,,,,
38:58.2,,,,,,23.74804688,,,,
38:58.9,,,,,,,,,,
39:00.0,,,,,,,,,,
39:00.2,,,0.002921926,-1.105307302,,,,,,
39:00.2,,,0.002852135,-1.10660178,,,,,,
39:00.2,,,0.002835181,-1.106929562,,,,,,
39:00.2,,,0.00277614,-1.108134814,,,,,,
39:00.3,,,0.002745213,-1.10881197,,,,,,
39:00.3,,,0.002715459,-1.109505143,,,,,,
39:00.3,88.4848,61.34,,,,,97.4,8.18737152,,
39:00.3,,,0.002690275,-1.110087315,,,,,,
39:00.3,,,0.002663144,-1.110746516,,,,,,
39:00.3,,,0.002626321,-1.111654156,,,,,,
39:00.3,,,0.002570395,-1.113019984,,,,,,
39:00.4,,,,,12703.24707,,,,,
39:00.4,,,,,,18.03222656,,,,
39:00.4,,,,,11324.92578,,,,,
39:00.4,,,,,,29.00683594,,,,
39:00.9,,,,,,,,,,
39:01.7,,,,,,,,,/IP_10_3_0_8/trolley_parking_service,9956
39:02.0,,,,,,,,,,
39:02.5,,,-0.000784543,-1.133582454,,,,,,
39:02.6,,,-0.000784443,-1.133579742,,,,,,
39:02.6,,,-0.000784349,-1.133577187,,,,,,
39:02.6,,,-0.000784259,-1.133574731,,,,,,
39:02.6,,,-0.000784174,-1.133572428,,,,,,
39:02.7,,,-0.000783555,-1.133557569,,,,,,
39:02.7,,,-0.000783671,-1.133559844,,,,,,
39:02.7,,,-0.000783575,-1.133557203,,,,,,
39:02.7,,,-0.000783486,-1.133554738,,,,,,
39:02.7,,,-0.000783458,-1.133553967,,,,,,
39:02.8,,,,,8589.658203,,,,,
39:02.8,,,,,,15.84960938,,,,
39:02.9,,,,,,,,,,
39:03.0,88.4848,61.79,,,,,97.1,8.18737152,,
39:03.0,,,,,9021.540039,,,,,
39:03.0,,,,,,40.73339844,,,,
39:03.0,88.4848,61.79,,,,,94.1,8.18737152,,
39:03.9,,,,,,,,,,
39:04.6,,,-0.018133106,-1.131794569,,,,,,
39:04.7,,,-0.018133053,-1.131792779,,,,,,
39:04.7,,,-0.018133041,-1.131792308,,,,,,
39:04.7,,,-0.018132997,-1.131790768,,,,,,
39:04.7,,,-0.018132953,-1.131789273,,,,,,
39:04.7,,,-0.018132821,-1.131784936,,,,,,
39:04.7,,,,,,54.25585938,,,,
39:04.7,,,,,6097.753906,,,,,
39:04.7,,,-0.018132851,-1.131785797,,,,,,
39:04.7,,,-0.018132748,-1.131782325,,,,,,
39:04.7,,,-0.018132711,-1.131781004,,,,,,
39:04.7,,,-0.01813268,-1.13177993,,,,,,
39:04.9,,,,,,,,,,
39:05.4,,,,,9191.970703,,,,,
39:05.4,,,,,,16.15136719,,,,
39:05.9,,,,,,,,,,
39:06.5,,,-0.00814442,-1.136515176,,,,,,
39:06.5,,,-0.008144339,-1.136513081,,,,,,
39:06.5,,,-0.008144302,-1.13651215,,,,,,
39:06.6,,,-0.008144305,-1.136512165,,,,,,
39:06.6,,,,,9229.926758,,,,,
39:06.6,,,,,,16.77148438,,,,
39:06.6,,,-0.008144298,-1.136511967,,,,,,
39:06.6,,,-0.008144278,-1.136511462,,,,,,
39:06.6,,,-0.008144259,-1.136510952,,,,,,
39:06.6,,,-0.008144242,-1.136510519,,,,,,
39:06.6,,,-0.008144194,-1.136509325,,,,,,
39:06.6,,,-0.008144186,-1.13650906,,,,,,
39:06.8,,,,,10710.79199,,,,,
39:06.8,,,,,,15.92773438,,,,
39:06.9,,,,,,,,,,
39:07.9,,,,,,,,,,
39:08.4,,,-0.010964283,-1.132593319,,,,,,
39:08.5,,,-0.010964295,-1.132593112,,,,,,
39:08.5,,,-0.010964301,-1.132593018,,,,,,
39:08.5,,,-0.010964308,-1.132592892,,,,,,
39:08.6,,,-0.010964313,-1.132592812,,,,,,
39:08.6,,,-0.010964318,-1.132592735,,,,,,
39:08.6,,,,,10158.08105,,,,,
39:08.6,,,,,,17.92578125,,,,
39:08.6,,,-0.01096432,-1.132592699,,,,,,
39:08.6,,,-0.010964343,-1.132592302,,,,,,
39:08.6,,,-0.010964347,-1.132592243,,,,,,
39:08.6,,,-0.01096435,-1.132592191,,,,,,
39:08.7,,,,,9035.260742,,,,,
39:08.7,,,,,,27.79003906,,,,
39:08.8,88.4848,61.84,,,,,97,8.18737152,,
39:08.9,,,,,,,,,,
39:09.9,,,,,,,,,,
39:10.3,,,-0.004986118,-1.130216066,,,,,,
39:10.3,,,-0.004986114,-1.130216032,,,,,,
39:10.4,,,-0.004986113,-1.130216021,,,,,,
39:10.4,,,-0.004986111,-1.130216,,,,,,
39:10.4,,,-0.004986109,-1.130215982,,,,,,
39:10.5,,,-0.004986107,-1.130215964,,,,,,
39:10.5,,,-0.004986105,-1.130215947,,,,,,
39:10.5,,,,,11348.95801,,,,,
39:10.5,,,,,,26.46777344,,,,
39:10.5,,,-0.004986103,-1.130215923,,,,,,
39:10.5,,,-0.0049861,-1.130215899,,,,,,
39:10.5,,,-0.004986099,-1.130215892,,,,,,
39:10.6,,,,,11193.37305,,,,,
39:10.6,,,,,,35.03027344,,,,
39:10.9,,,,,,,,,,
39:11.9,,,,,,,,,,
39:12.2,,,-0.003258708,-1.130528355,,,,,,
39:12.2,,,-0.003258707,-1.130528317,,,,,,
39:12.2,,,-0.003258706,-1.130528283,,,,,,
39:12.2,,,-0.003258703,-1.130528206,,,,,,
39:12.2,,,-0.003258702,-1.130528168,,,,,,
39:12.2,,,-0.003258701,-1.130528163,,,,,,
39:12.2,,,-0.0032587,-1.130528134,,,,,,
39:12.2,,,-0.003258699,-1.130528109,,,,,,
39:12.2,,,-0.003258698,-1.130528084,,,,,,
39:12.3,,,-0.003258698,-1.130528059,,,,,,
39:12.3,,,,,10928.66797,,,,,
39:12.3,,,,,,51.99609375,,,,
39:12.4,,,,,12597.8418,,,,,
39:12.4,,,,,,17.10839844,,,,
39:12.9,,,,,,,,,,
39:13.9,,,,,,,,,,
39:14.1,,,-0.010191483,-1.131594096,,,,,,
39:14.1,,,-0.010191485,-1.131594094,,,,,,
39:14.2,,,,,10091.3125,,,,,
39:14.2,,,,,,15.71679688,,,,
39:14.3,,,,,,,,,/IP_10_3_0_8/release_trolley,12617
39:14.3,,,-0.010191406,-1.131594145,,,,,,
39:14.3,,,,,13305.72559,,,,,
39:14.3,,,,,,18.00976563,,,,
39:14.5,,,,,,,,,/IP_10_3_0_8/rosping_service,6135
39:14.6,,,-0.010191418,-1.131594138,,,,,,
39:14.7,88.4848,61.9,,,,,96.9,8.18737152,,
39:14.7,,,-0.010191452,-1.131594115,,,,,,
39:14.7,,,-0.010191455,-1.131594114,,,,,,
39:14.7,,,-0.010191467,-1.131594106,,,,,,
39:14.8,88.4848,61.9,,,,,100,8.18737152,,
39:14.8,,,-0.010191485,-1.131594095,,,,,,
39:14.9,,,-0.01019148,-1.131594098,,,,,,
39:14.9,,,,,,,,,,
39:15.0,,,-0.010191481,-1.131594097,,,,,,
39:15.8,,,0.002171008,-1.096058582,,,,,,
39:15.8,,,0.002495872,-1.088303506,,,,,,
39:15.9,,,0.00287134,-1.079449293,,,,,,
39:15.9,,,0.003393117,-1.06714041,,,,,,
39:15.9,,,,,,,,,,
39:16.0,,,0.003661597,-1.060858809,,,,,,
39:16.0,,,0.004287625,-1.046282358,,,,,,
39:16.1,,,,,12968.68848,,,,,
39:16.1,,,,,,22.59277344,,,,
39:16.2,,,,,12836.02344,,,,,
39:16.2,,,,,,33.83300781,,,,
39:16.3,,,0.004916065,-1.031850708,,,,,,
39:16.4,,,0.005133973,-1.026862774,,,,,,
39:16.4,,,0.005540358,-1.017625027,,,,,,
39:16.6,,,0.005960154,-1.00817942,,,,,,
39:16.9,,,,,,,,,,
39:18.0,,,,,,,,,,
39:18.1,,,,,,,,,/IP_10_3_0_8/reverse_robot,3220
39:18.5,,,0.012252645,-0.586148573,,,,,,
39:18.5,,,0.012852335,-0.576643075,,,,,,
39:18.5,,,0.013418791,-0.567743171,,,,,,
39:18.6,,,0.013967334,-0.559180271,,,,,,
39:18.6,,,0.014469579,-0.551281489,,,,,,
39:18.6,,,0.015174183,-0.540354818,,,,,,
39:18.6,,,0.015747486,-0.531533668,,,,,,
39:18.6,,,0.015915165,-0.528955185,,,,,,
39:18.6,,,0.016212817,-0.524416664,,,,,,
39:18.7,,,0.016465374,-0.520566582,,,,,,
39:18.9,,,,,12048.50977,,,,,
39:18.9,,,,,,15.75390625,,,,
39:18.9,88.4848,61.99,,,,,96.4,8.18737152,,
39:18.9,,,,,9057.297852,,,,,
39:18.9,,,,,,33.49121094,,,,
39:18.9,,,,,,,,,,
39:19.9,,,,,,,,,,
39:21.2,,,-0.114848509,-0.140096501,,,,,,
39:21.2,,,-0.112159843,-0.140834287,,,,,,
39:21.2,,,-0.108653346,-0.141639258,,,,,,
39:21.2,,,-0.102294964,-0.142837214,,,,,,
39:21.2,,,-0.090965101,-0.144222962,,,,,,
39:21.2,,,-0.084459426,-0.144715908,,,,,,
39:21.2,,,-0.077248126,-0.145019797,,,,,,
39:21.2,,,-0.067253531,-0.145051306,,,,,,
39:21.3,,,-0.061121415,-0.144872427,,,,,,
39:21.3,,,,,7685.738281,,,,,
39:21.3,,,,,,60.78320313,,,,
39:21.3,,,-0.051876785,-0.144282968,,,,,,
39:21.4,,,,,,,,,,
39:21.6,,,,,12334.28613,,,,,
39:21.6,,,,,,29.23339844,,,,
39:21.6,,,,,11316.64941,,,,,
39:21.6,,,,,,20.74121094,,,,
39:21.9,,,,,,,,,,
39:22.9,,,,,,,,,,
39:23.6,,,0.483733084,0.481667329,,,,,,
39:23.6,,,0.514063836,0.507811424,,,,,,
39:23.6,,,0.534676132,0.525701118,,,,,,
39:23.6,,,0.555712761,0.543998968,,,,,,
39:23.6,,,0.57575635,0.561466266,,,,,,
39:23.6,,,0.596164232,0.579316727,,,,,,
39:23.6,,,0.616758351,0.597397882,,,,,,
39:23.6,,,0.636909431,0.615132432,,,,,,
39:23.7,,,0.657005199,0.632824466,,,,,,
39:23.7,,,0.690167943,0.662069012,,,,,,
39:23.8,,,,,9388.751953,,,,,
39:23.8,,,,,,35.34277344,,,,
39:23.9,88.4848,61.94,,,,,96.5,8.18737152,,
39:23.9,,,,,10762.43359,,,,,
39:23.9,,,,,,20.2578125,,,,
39:23.9,88.4848,61.94,,,,,94.4,8.18737152,,
39:23.9,,,,,,,,,,
39:25.0,,,,,,,,,,
39:25.9,,,,,,,,,,
39:26.9,,,1.185310409,1.092800478,,,,,,
39:27.0,,,1.180755757,1.094520609,,,,,,
39:27.0,,,,,,,,,,
39:27.1,,,1.161400696,1.100495652,,,,,,
39:27.2,,,,,12518.16211,,,,,
39:27.2,,,,,,17.94628906,,,,
39:27.2,,,,,7362.115234,,,,,
39:27.2,,,,,,45.28320313,,,,
39:27.2,,,,,10074.72168,,,,,
39:27.2,,,,,,53.42382813,,,,
39:27.8,,,1.176474958,1.096059115,,,,,,
39:27.8,,,,,11652.25684,,,,,
39:27.8,,,,,,30.89160156,,,,
39:27.9,,,1.172158861,1.097500307,,,,,,
39:27.9,,,1.168929134,1.098511697,,,,,,
39:27.9,,,1.166118887,1.099320236,,,,,,
39:27.9,,,1.163103536,1.100118582,,,,,,
39:28.0,,,,,,,,,,
39:28.0,,,1.161656151,1.100442263,,,,,,
39:28.0,,,1.161373316,1.100500803,,,,,,
39:28.5,,,,,,,,,/IP_10_3_0_8/move_robot,10461
39:29.0,,,,,,,,,,
39:29.7,,,1.139950674,1.093242555,,,,,,
39:29.7,,,1.139956118,1.093242321,,,,,,
39:29.7,,,1.139968789,1.093241767,,,,,,
39:29.7,,,1.139973928,1.093241548,,,,,,
39:29.7,,,1.139974183,1.09324154,,,,,,
39:29.8,,,1.139978376,1.09324136,,,,,,
39:29.8,,,1.139982346,1.093241189,,,,,,
39:29.8,,,1.139986159,1.093241024,,,,,,
39:29.8,,,1.139996583,1.093240568,,,,,,
39:29.8,,,1.13999974,1.093240435,,,,,,
39:29.9,,,,,8172.235352,,,,,
39:29.9,,,,,,14.97558594,,,,
39:29.9,88.4848,62.14,,,,,96.2,8.18737152,,
39:29.9,,,,,8315.511719,,,,,
39:29.9,,,,,,53.4765625,,,,
39:30.0,,,,,,,,,,
39:31.0,,,,,,,,,,
39:31.5,,,,,,,,,/IP_10_3_0_8/rosping_service,554
39:32.1,,,,,,,,,,
39:32.5,,,1.134819335,1.089894143,,,,,,
39:32.5,,,1.134820522,1.08989409,,,,,,
39:32.5,,,1.134821018,1.089894068,,,,,,
39:32.5,,,1.134821457,1.089894049,,,,,,
39:32.5,,,,,,26.45019531,,,,
39:32.5,,,1.134822054,1.089894023,,,,,,
39:32.5,,,,,8018.685547,,,,,
39:32.5,,,1.13482266,1.089893996,,,,,,
39:32.6,,,1.134822839,1.089893989,,,,,,
39:32.6,,,1.134823187,1.089893974,,,,,,
39:32.6,,,1.134823522,1.089893959,,,,,,
39:32.6,,,1.134824385,1.08989392,,,,,,
39:32.8,,,,,7990.723633,,,,,
39:32.8,,,,,,14.87792969,,,,
39:32.8,88.4848,62.28,,,,,95.8,8.18737152,,
39:32.8,,,,,7979.998047,,,,,
39:32.8,,,,,,37.9609375,,,,
39:33.2,,,,,,,,,,
39:34.2,,,,,,,,,,
39:35.0,,,,,,,,,,
39:35.5,88.4848,62.28,,,,,100,8.18737152,,
39:35.5,,,1.149476319,1.083233,,,,,,
39:35.5,,,1.149476888,1.083232925,,,,,,
39:35.5,,,1.149477146,1.083232892,,,,,,
39:35.5,,,1.149477193,1.083232886,,,,,,
39:35.5,,,1.149477273,1.083232876,,,,,,
39:35.5,,,1.149477351,1.083232867,,,,,,
39:35.5,,,1.149477432,1.083232857,,,,,,
39:35.5,,,1.149477535,1.083232844,,,,,,
39:35.5,,,1.149477632,1.083232833,,,,,,
39:35.5,,,,,7095.053711,,,,,
39:35.5,,,,,,14.57226563,,,,
39:35.5,,,1.149477664,1.083232829,,,,,,
39:35.7,,,,,7658.639648,,,,,
39:35.7,,,,,,33.29492188,,,,
39:35.7,,,,,6900.923828,,,,,
39:35.7,,,,,,51.02050781,,,,
39:35.9,,,,,,,,,,
39:37.2,,,,,,,,,,
39:38.0,,,,,,,,,,
39:38.2,,,1.136186673,1.092429436,,,,,,
39:38.3,,,1.136186679,1.092429437,,,,,,
39:38.3,,,1.136186701,1.092429442,,,,,,
39:38.3,,,1.136186756,1.092429454,,,,,,
39:38.3,,,1.136186778,1.092429459,,,,,,
39:38.3,,,1.136186779,1.092429459,,,,,,
39:38.3,,,1.136186781,1.09242946,,,,,,
39:38.3,,,,,6715.77832,,,,,
39:38.3,,,,,,17.03613281,,,,
39:38.3,,,1.136186826,1.092429469,,,,,,
39:38.3,,,1.136186843,1.092429473,,,,,,
39:38.3,,,1.136186843,1.092429473,,,,,,
39:38.5,,,,,6938.925781,,,,,
39:38.5,,,,,,26.75585938,,,,
39:38.5,,,,,6696.602539,,,,,
39:38.5,,,,,,15.94921875,,,,
39:39.0,,,,,,,,,/IP_10_3_0_8/move_camera,2465
39:39.9,,,,,,,,,,
39:40.9,,,,,,,,,,
39:40.9,,,,,,,,,,
39:41.8,,,0.844374811,0.843547292,,,,,,
39:41.9,88.4848,61.86,,,,,96.4,8.18737152,,
39:41.9,,,0.826298387,0.826230102,,,,,,
39:41.9,,,0.80811292,0.808787774,,,,,,
39:41.9,,,0.789508489,0.790904,,,,,,
39:41.9,,,0.761488725,0.763882325,,,,,,
39:41.9,,,0.741970605,0.744944621,,,,,,
39:42.0,,,0.723030727,0.726441026,,,,,,
39:42.0,,,0.704262474,0.708043576,,,,,,
39:42.0,,,0.685298117,0.689403388,,,,,,
39:42.0,,,0.666115937,0.670460177,,,,,,
39:42.1,,,,,7740.504883,,,,,
39:42.1,,,,,,14.67089844,,,,
39:42.2,,,,,6999.768555,,,,,
39:42.2,,,,,,36.36523438,,,,
39:42.2,,,,,7340.862305,,,,,
39:42.2,,,,,,36.63378906,,,,
39:42.3,,,,,,,,,,
39:42.9,,,,,,,,,,
39:43.9,,,,,,,,,,
39:44.1,,,0.253590885,-0.057210707,,,,,,
39:44.2,,,0.246979236,-0.065595123,,,,,,
39:44.2,,,,,8799.077148,,,,,
39:44.2,,,,,,37.81738281,,,,
39:44.2,,,0.24109144,-0.073202108,,,,,,
39:44.3,,,0.23560663,-0.080509007,,,,,,
39:44.3,,,0.228023033,-0.091050336,,,,,,
39:44.3,,,0.222479087,-0.09973331,,,,,,
39:44.3,,,0.220264471,-0.10358327,,,,,,
39:44.3,,,0.218725284,-0.106469255,,,,,,
39:44.3,,,0.217552424,-0.109024909,,,,,,
39:44.3,,,0.216424359,-0.111718911,,,,,,
39:44.3,88.4848,61.86,,,,,96.4,8.18737152,,
39:44.4,88.4848,61.86,,,,,92.9,8.18737152,,
39:44.4,,,,,6401.883789,,,,,
39:44.4,,,,,,55.1796875,,,,
39:44.5,,,,,8392.679688,,,,,
39:44.5,,,,,,16.70214844,,,,
39:45.0,,,,,,,,,,
39:46.0,,,,,,,,,,
39:46.6,,,-0.005710439,-0.360541274,,,,,,
39:46.6,,,0.010546049,-0.282352105,,,,,,
39:46.6,,,0.010546881,-0.282314046,,,,,,
39:46.6,,,0.010547669,-0.282277983,,,,,,
39:46.6,,,0.010548418,-0.282243726,,,,,,
39:46.6,,,0.010549133,-0.282211017,,,,,,
39:46.7,,,0.010549892,-0.282176657,,,,,,
39:46.7,,,0.010551377,-0.28211284,,,,,,
39:46.7,,,0.010552031,-0.282081254,,,,,,
39:46.7,,,0.010552102,-0.282076438,,,,,,
39:46.7,,,,,9465.050781,,,,,
39:46.7,,,,,,16.79882813,,,,
39:46.8,,,,,8201.009766,,,,,
39:46.9,,,,,,16.20703125,,,,
39:46.9,,,,,,,,,,
39:47.5,,,,,,,,,/IP_10_3_0_8/move_robot,8495
39:47.9,,,,,,,,,,
39:49.0,,,,,,,,,,
39:49.1,,,0.007708464,-0.284538079,,,,,,
39:49.1,,,0.007708477,-0.284537188,,,,,,
39:49.2,,,0.007708579,-0.284531702,,,,,,
39:49.2,,,0.007708677,-0.284526463,,,,,,
39:49.2,,,0.007708776,-0.284521203,,,,,,
39:49.2,,,0.007708864,-0.28451648,,,,,,
39:49.2,,,0.007708959,-0.284511403,,,,,,
39:49.3,,,0.007709152,-0.284501482,,,,,,
39:49.3,,,,,8090.040039,,,,,
39:49.3,,,,,,15.71972656,,,,
39:49.3,,,0.007709225,-0.284497363,,,,,,
39:49.3,,,0.007709228,-0.284497021,,,,,,
39:49.5,,,,,8399.988281,,,,,
39:49.5,,,,,,34.42480469,,,,
39:49.5,88.4848,61.66,,,,,97.6,8.18737152,,
39:49.5,,,,,8037.708984,,,,,
39:49.5,,,,,,24.02636719,,,,
39:49.7,,,,,,,,,/IP_10_3_0_8/move_camera,2259
39:49.9,,,,,,,,,/IP_10_3_0_8/rosping_service,1909
39:49.9,,,,,,,,,,
39:50.9,,,,,,,,,,
39:51.4,,,0.010553043,-0.28487691,,,,,,
39:51.4,,,,,,,,,/IP_10_3_0_8/object_detection,1307
39:51.4,,,0.010553078,-0.284875701,,,,,,
39:51.4,,,0.010553111,-0.284874562,,,,,,
39:51.5,,,0.010553141,-0.284873537,,,,,,
39:51.5,,,0.010553171,-0.284872499,,,,,,
39:51.5,,,0.010553202,-0.284871436,,,,,,
39:51.5,,,0.010553279,-0.284868866,,,,,,
39:51.5,,,0.010553303,-0.284868005,,,,,,
39:51.5,,,0.005544444,-0.290205439,,,,,,
39:51.5,,,0.005544463,-0.290204017,,,,,,
39:51.6,,,,,7905.513672,,,,,
39:51.6,,,,,,40.59667969,,,,
39:51.8,,,,,8945.459961,,,,,
39:51.8,,,,,,55.80859375,,,,
39:52.0,,,,,,,,,,
39:53.0,,,,,,,,,,
39:53.4,,,,,,,,,/IP_10_3_0_8/move_camera,2413
39:54.1,,,0.008947144,-0.284261413,,,,,,
39:54.1,,,0.008947161,-0.284261131,,,,,,
39:54.2,,,,,,,,,,
39:54.2,,,0.008947169,-0.284261001,,,,,,
39:54.2,,,0.008947177,-0.28426087,,,,,,
39:54.2,,,0.008947194,-0.284260607,,,,,,
39:54.2,,,0.008947232,-0.284259995,,,,,,
39:54.2,,,0.008947238,-0.284259899,,,,,,
39:54.3,,,0.008947243,-0.284259814,,,,,,
39:54.3,,,,,9933.924805,,,,,
39:54.3,,,,,,24.58300781,,,,
39:54.3,,,0.008947257,-0.284259592,,,,,,
39:54.3,,,0.008947271,-0.284259379,,,,,,
39:54.5,88.4848,61.58,,,,,98.1,8.18737152,,
39:54.5,88.4848,61.58,,,,,100,8.18737152,,
39:54.6,,,,,8192.324219,,,,,
39:54.6,,,,,,15.56054688,,,,
39:54.7,,,,,7952.366211,,,,,
39:54.7,,,,,,22.44921875,,,,
39:55.0,,,,,,,,,,
39:56.0,,,,,,,,,,
39:57.0,,,,,,,,,,
39:57.4,,,-5.61E-05,-0.398490737,,,,,,
39:57.4,,,-0.000217216,-0.40337071,,,,,,
39:57.4,,,-0.00036612,-0.408343732,,,,,,
39:57.4,,,-0.000491226,-0.413059079,,,,,,
39:57.4,,,0.005342511,-0.319070348,,,,,,
39:57.4,,,0.00506934,-0.326187357,,,,,,
39:57.4,,,0.004791857,-0.334056958,,,,,,
39:57.5,,,0.004633957,-0.339405911,,,,,,
39:57.5,,,0.00454087,-0.343052996,,,,,,
39:57.5,,,0.00443295,-0.347973361,,,,,,
39:57.6,,,,,8031.411133,,,,,
39:57.6,,,,,,15.13085938,,,,
39:57.6,,,,,8805.572266,,,,,
39:57.6,,,,,,33.49414063,,,,
39:57.6,,,,,8445.257813,,,,,
39:57.6,,,,,,14.05175781,,,,
39:58.0,,,,,,,,,,
39:59.0,,,,,,,,,,
40:00.0,,,,,,,,,,
40:00.3,,,0.015595187,-0.562257343,,,,,,
40:00.3,,,0.013298423,-0.570609752,,,,,,
40:00.3,,,0.013192142,-0.572195756,,,,,,
40:00.3,,,0.013114084,-0.573488898,,,,,,
40:00.3,,,0.013089201,-0.573925967,,,,,,
40:00.4,,,0.013025553,-0.575090735,,,,,,
40:00.4,,,0.012981781,-0.575951855,,,,,,
40:00.4,,,0.012931515,-0.577032033,,,,,,
40:00.5,,,0.012898692,-0.577841232,,,,,,
40:00.5,,,0.012847949,-0.579313197,,,,,,
40:00.6,,,,,6951.605469,,,,,
40:00.6,,,,,,46.25195313,,,,
40:00.6,88.4848,61.02,,,,,97.1,8.18737152,,
40:00.6,,,,,8429.182617,,,,,
40:00.6,,,,,,51.26074219,,,,
40:00.6,,,,,9948.253906,,,,,
40:00.6,,,,,,16.07714844,,,,
40:01.0,,,,,,,,,,
40:02.0,,,,,,,,,,
40:03.0,,,,,,,,,,
40:03.1,,,0.014711386,-0.620655493,,,,,,
40:03.1,,,0.014701675,-0.620956711,,,,,,
40:03.1,,,0.014689577,-0.621307393,,,,,,
40:03.1,,,0.014671019,-0.621818594,,,,,,
40:03.1,,,0.014657182,-0.622170354,,,,,,
40:03.1,,,0.014603844,-0.623365817,,,,,,
40:03.1,,,0.014583064,-0.623814519,,,,,,
40:03.1,,,0.014563991,-0.624240592,,,,,,
40:03.1,,,0.014539865,-0.624785047,,,,,,
40:03.2,,,,,9650.597656,,,,,
40:03.2,,,,,,15.02148438,,,,
40:03.2,88.4848,61.45,,,,,98,8.18737152,,
40:03.2,,,,,9599.623047,,,,,
40:03.2,,,,,,15.27148438,,,,
40:03.2,88.4848,61.45,,,,,91.7,8.18737152,,
40:03.2,,,,,10303.7666,,,,,
40:03.2,,,,,,15.20703125,,,,
40:04.0,,,,,,,,,,
40:04.0,,,0.014723325,-0.620250216,,,,,,
40:05.0,,,,,,,,,,
40:05.7,,,0.013200011,-0.634944036,,,,,,
40:05.8,,,0.01320008,-0.634941809,,,,,,
40:05.8,,,0.003487645,-0.640498136,,,,,,
40:05.8,,,0.003487771,-0.640495971,,,,,,
40:05.8,,,0.003487844,-0.640494731,,,,,,
40:05.8,,,0.003487916,-0.640493485,,,,,,
40:05.8,,,0.003487985,-0.640492303,,,,,,
40:05.8,,,0.00348805,-0.640491183,,,,,,
40:05.8,,,0.003488116,-0.64049005,,,,,,
40:05.8,,,0.003488438,-0.640484715,,,,,,
40:06.0,,,,,,,,,,
40:07.0,,,,,10372.78809,,,,,
40:07.0,,,,,,28.42675781,,,,
40:07.0,,,,,9797.350586,,,,,
40:07.0,,,,,,15.87109375,,,,
40:07.9,,,,,,,,,,
40:08.0,,,,,,,,,,
40:08.4,,,0.006548034,-0.796415128,,,,,,
40:08.5,,,0.00630698,-0.801899554,,,,,,
40:08.5,,,0.005981842,-0.809073311,,,,,,
40:08.5,,,0.005801241,-0.812919145,,,,,,
40:08.5,,,,,7614.520508,,,,,
40:08.5,,,,,,36.59863281,,,,
40:08.5,,,0.005563109,-0.817837715,,,,,,
40:08.5,,,0.005188812,-0.825312059,,,,,,
40:08.5,,,0.004729536,-0.833701157,,,,,,
40:08.5,,,0.00467971,-0.834540477,,,,,,
40:08.6,,,0.004548803,-0.836762473,,,,,,
40:08.6,,,0.004129843,-0.843698111,,,,,,
40:08.8,,,,,7411.350586,,,,,
40:08.8,,,,,,60.12109375,,,,
40:08.9,88.4848,61.39,,,,,96.6,8.18737152,,
40:08.9,,,,,9520.664063,,,,,
40:08.9,,,,,,16.19140625,,,,
40:08.9,,,,,,,,,,
40:10.7,,,,,,,,,,
40:11.0,,,,,,,,,,
40:11.5,,,-0.010107521,-1.079830211,,,,,,
40:11.5,,,-0.010165531,-1.080957501,,,,,,
40:11.5,,,-0.010252047,-1.082472048,,,,,,
40:11.5,,,-0.010305832,-1.0834068,,,,,,
40:11.5,,,-0.010364618,-1.084480362,,,,,,
40:11.6,,,-0.010403069,-1.085168836,,,,,,
40:11.6,,,-0.010497744,-1.086918489,,,,,,
40:11.6,,,-0.010580358,-1.088554964,,,,,,
40:11.6,,,-0.010603672,-1.089045441,,,,,,
40:11.6,,,,,9485.926758,,,,,
40:11.6,,,,,,17.07714844,,,,
40:11.6,,,-0.010649703,-1.090035921,,,,,,
40:11.9,,,,,10042.7334,,,,,
40:11.9,,,,,,16.04882813,,,,
40:11.9,,,,,8546.44043,,,,,
40:11.9,,,,,,14.7109375,,,,
40:12.2,,,,,,,,,,
40:13.0,,,,,,,,,,
40:13.9,,,,,,,,,,
40:14.4,,,0.0037215,-1.118245727,,,,,,
40:14.4,,,0.003638675,-1.118925585,,,,,,
40:14.5,,,0.003622876,-1.119055141,,,,,,
40:14.5,,,0.003580117,-1.119415661,,,,,,
40:14.5,,,0.00353284,-1.119824255,,,,,,
40:14.5,,,0.00349491,-1.120162308,,,,,,
40:14.5,,,0.003458007,-1.120500495,,,,,,
40:14.5,,,0.003425013,-1.120810518,,,,,,
40:14.5,,,0.003367437,-1.121368118,,,,,,
40:14.6,,,,,9852.177734,,,,,
40:14.6,,,,,,27.58007813,,,,
40:14.6,,,0.003330874,-1.121739408,,,,,,
40:14.8,88.4848,61.22,,,,,99,8.18737152,,
40:14.8,88.4848,61.22,,,,,100,8.18737152,,
40:14.8,,,,,9430.65332,,,,,
40:14.8,,,,,,14.859375,,,,
40:14.9,,,,,10756.21387,,,,,
40:14.9,,,,,,34.43261719,,,,
40:15.0,,,,,,,,,,
40:16.0,,,,,,,,,,
40:16.9,,,,,,,,,,
40:17.1,,,1.59E-05,-1.130588534,,,,,,
40:17.2,,,1.60E-05,-1.130583333,,,,,,
40:17.2,,,1.60E-05,-1.130583322,,,,,,
40:17.2,,,1.61E-05,-1.130581832,,,,,,
40:17.2,,,1.61E-05,-1.130580444,,,,,,
40:17.2,,,1.61E-05,-1.130580002,,,,,,
40:17.2,,,1.61E-05,-1.130579575,,,,,,
40:17.2,,,,,,51.53710938,,,,
40:17.2,,,,,11833.4873,,,,,
40:17.2,,,1.61E-05,-1.130578295,,,,,,
40:17.4,,,,,9913.967773,,,,,
40:17.4,,,,,,15.29589844,,,,
40:17.4,,,,,11788.64844,,,,,
40:17.4,,,,,,16.73730469,,,,
40:17.7,,,1.58E-05,-1.130592729,,,,,,
40:17.7,,,,,,,,,/IP_10_3_0_8/trolley_docking_service,24282
40:17.9,,,1.59E-05,-1.130589793,,,,,,
40:17.9,,,,,,,,,/IP_10_3_0_8/rosping_service,11565
40:17.9,,,,,,,,,,
40:18.9,,,,,,,,,,
40:19.5,,,-0.010938113,-1.132294032,,,,,,
40:19.5,,,-0.010938114,-1.132293347,,,,,,
40:19.5,,,-0.010938115,-1.132292756,,,,,,
40:19.5,,,-0.010938116,-1.132292475,,,,,,
40:19.5,,,-0.010938117,-1.132291958,,,,,,
40:19.5,,,-0.010938117,-1.132291728,,,,,,
40:19.5,,,-0.010938118,-1.1322914,,,,,,
40:19.5,,,-0.010938119,-1.132290906,,,,,,
40:19.5,,,-0.010938119,-1.132290725,,,,,,
40:19.5,,,-0.01093812,-1.132290563,,,,,,
40:19.8,,,,,11143.20215,,,,,
40:19.8,,,,,,22.01464844,,,,
40:19.9,88.4848,61.51,,,,,96.4,8.18737152,,
40:19.9,,,,,,19.60449219,,,,
40:19.9,,,,,11810.4541,,,,,
40:20.0,,,,,,,,,,
40:21.3,,,,,,,,,,
40:21.9,,,,,,,,,,
40:22.0,,,-0.005052855,-1.126432475,,,,,,
40:22.1,,,-0.005052818,-1.126431756,,,,,,
40:22.1,,,,,12037.94531,,,,,
40:22.1,,,,,,27.15039063,,,,
40:22.1,,,-0.005052849,-1.126432371,,,,,,
40:22.1,,,-0.005052844,-1.126432269,,,,,,
40:22.2,,,-0.00505284,-1.126432181,,,,,,
40:22.2,,,,,10736.1875,,,,,
40:22.2,,,,,,15.56933594,,,,
40:22.3,,,,,7557.435547,,,,,
40:22.3,,,,,,44.28808594,,,,
40:22.3,,,-0.005052835,-1.126432082,,,,,,
40:22.4,,,-0.00505283,-1.126431992,,,,,,
40:22.7,,,-0.005052826,-1.126431911,,,,,,
40:22.8,,,-0.005052825,-1.126431901,,,,,,
40:22.9,,,-0.005052822,-1.126431826,,,,,,
40:23.0,,,,,,,,,,
40:23.8,,,0.005928206,-1.15177961,,,,,,
40:23.8,,,0.005928314,-1.151779667,,,,,,
40:23.8,,,0.005928355,-1.151779689,,,,,,
40:23.9,,,0.005928369,-1.151779696,,,,,,
40:23.9,,,,,,,,,,
40:23.9,85.6061,61.49,,,,,96.3,8.18737152,,
40:23.9,,,0.005928406,-1.151779716,,,,,,
40:23.9,85.6061,61.49,,,,,100,8.18737152,,
40:23.9,,,0.005928442,-1.151779735,,,,,,
40:23.9,,,0.005928475,-1.151779753,,,,,,
40:23.9,,,0.005928507,-1.15177977,,,,,,
40:23.9,,,0.005928538,-1.151779786,,,,,,
40:23.9,,,0.005928611,-1.151779825,,,,,,
40:24.4,,,,,10116.95215,,,,,
40:24.4,,,,,,50.85058594,,,,
40:24.9,,,,,,,,,,
40:25.4,,,-0.007332444,-1.142779985,,,,,,
40:25.4,,,-0.007332452,-1.142779978,,,,,,
40:25.5,,,-0.007332454,-1.142779977,,,,,,
40:25.5,,,,,8548.387695,,,,,
40:25.5,,,,,,30.57519531,,,,
40:25.5,,,-0.007332461,-1.14277997,,,,,,
40:25.5,,,-0.007332468,-1.142779963,,,,,,
40:25.5,,,-0.007332474,-1.142779957,,,,,,
40:25.5,,,-0.01099074,-1.136320313,,,,,,
40:25.6,,,-0.01099079,-1.136320244,,,,,,
40:25.6,,,-0.010990799,-1.136320232,,,,,,
40:25.6,,,-0.010990807,-1.13632022,,,,,,
40:25.7,,,,,11836.38281,,,,,
40:25.7,,,,,,16.64160156,,,,
40:25.9,,,,,,,,,,
40:26.9,,,,,,,,,,
40:27.1,,,-0.009940757,-1.143577075,,,,,,
40:27.2,,,-0.009940762,-1.143577083,,,,,,
40:27.2,,,-0.009940767,-1.143577091,,,,,,
40:27.2,,,-0.009940772,-1.143577099,,,,,,
40:27.2,,,-0.009940774,-1.143577101,,,,,,
40:27.2,,,-0.009940784,-1.143577118,,,,,,
40:27.2,,,-0.009940786,-1.14357712,,,,,,
40:27.2,,,-0.009940787,-1.143577122,,,,,,
40:27.3,,,-0.009940789,-1.143577125,,,,,,
40:27.3,,,,,,17.60742188,,,,
40:27.3,,,,,10635.39453,,,,,
40:27.4,,,,,10343.99023,,,,,
40:27.4,,,,,,16.59277344,,,,
40:27.9,,,,,,,,,,
40:27.9,,,-0.009940751,-1.143577066,,,,,,
40:28.7,,,0.002972345,-1.136470992,,,,,,
40:28.7,,,0.002972354,-1.136470988,,,,,,
40:28.7,,,0.002972385,-1.136470973,,,,,,
40:28.7,,,0.002972385,-1.136470974,,,,,,
40:28.7,,,0.002972392,-1.13647097,,,,,,
40:28.7,,,0.002972435,-1.13647095,,,,,,
40:28.7,,,0.002972443,-1.136470946,,,,,,
40:28.7,,,0.002972446,-1.136470945,,,,,,
40:28.7,,,0.002972451,-1.136470943,,,,,,
40:28.7,,,0.002972464,-1.136470937,,,,,,
40:28.9,,,,,10576.125,,,,,
40:28.9,,,,,,29.29101563,,,,
40:28.9,,,,,,,,,,
40:29.0,85.6061,60.4,,,,,96.4,8.18737152,,
40:29.2,,,,,,,,,/IP_10_3_0_8/grab_trolley,11420
40:29.9,,,,,,,,,,
40:30.4,,,-0.003979509,-1.144915051,,,,,,
40:30.4,,,-0.011959478,-1.135195533,,,,,,
40:30.4,,,-0.011959504,-1.135195508,,,,,,
40:30.4,,,-0.011959534,-1.135195479,,,,,,
40:30.5,,,,,11960.17383,,,,,
40:30.5,,,,,,24.41113281,,,,
40:30.5,,,-0.011959563,-1.135195451,,,,,,
40:30.5,,,-0.011959568,-1.135195447,,,,,,
40:30.5,,,-0.011959589,-1.135195426,,,,,,
40:30.5,,,-0.011959609,-1.135195407,,,,,,
40:30.5,,,-0.011959629,-1.135195388,,,,,,
40:30.5,,,-0.011959647,-1.135195371,,,,,,
40:30.7,,,,,10462.92871,,,,,
40:30.7,,,,,,35.9609375,,,,
40:30.9,,,,,,,,,,
40:31.4,,,,,,,,,/IP_10_3_0_8/move_camera,2212
40:31.9,,,,,,,,,,
40:32.1,,,-0.01399688,-1.134295346,,,,,,
40:32.1,,,-0.013972885,-1.13204744,,,,,,
40:32.2,,,-0.013941498,-1.129037464,,,,,,
40:32.2,,,-0.013901389,-1.125303125,,,,,,
40:32.2,,,-0.013824441,-1.118338674,,,,,,
40:32.2,,,-0.013700009,-1.108156185,,,,,,
40:32.2,,,-0.013651428,-1.104424491,,,,,,
40:32.2,,,-0.002822426,-1.135958699,,,,,,
40:32.3,,,,,9859.435547,,,,,
40:32.3,,,,,,52.85644531,,,,
40:32.4,,,-0.014027835,-1.137273958,,,,,,
40:32.4,,,,,9262.197266,,,,,
40:32.4,,,,,,29.54980469,,,,
40:32.8,,,-0.01401673,-1.136206352,,,,,,
40:32.9,,,,,,,,,,
40:33.5,,,,,,,,,/IP_10_3_0_8/reverse_robot,2110
40:33.7,,,0.010217056,-0.847455299,,,,,,
40:33.7,,,0.010269909,-0.837397705,,,,,,
40:33.7,,,0.010320596,-0.828208303,,,,,,
40:33.8,,,0.010378355,-0.818334488,,,,,,
40:33.8,,,0.010438275,-0.808642017,,,,,,
40:33.8,,,0.010501627,-0.798845676,,,,,,
40:33.8,,,0.010609346,-0.783901155,,,,,,
40:33.8,88.4848,61.81,,,,,96.5,8.18737152,,
40:33.8,,,0.010714062,-0.77030831,,,,,,
40:33.8,,,0.010749271,-0.76596609,,,,,,
40:33.8,88.4848,61.81,,,,,100,8.18737152,,
40:33.8,,,0.010817732,-0.757891111,,,,,,
40:33.8,,,,,10609.55957,,,,,
40:33.8,,,,,,16.59960938,,,,
40:33.9,,,,,,,,,,
40:34.9,,,,,,,,,,
40:35.2,,,0.017203854,-0.526006329,,,,,,
40:35.2,,,0.022390435,-0.509415621,,,,,,
40:35.2,,,0.030406025,-0.485508415,,,,,,
40:35.2,,,0.037004196,-0.468056445,,,,,,
40:35.2,,,0.042751126,-0.454085017,,,,,,
40:35.2,,,,,10834.39844,,,,,
40:35.2,,,,,,26.19238281,,,,
40:35.3,,,0.049626597,-0.438185418,,,,,,
40:35.3,,,0.056461515,-0.423172986,,,,,,
40:35.3,,,0.063602003,-0.407846522,,,,,,
40:35.3,,,0.07349249,-0.387151201,,,,,,
40:35.3,,,0.078541286,-0.376862162,,,,,,
40:35.4,,,,,12590.96387,,,,,
40:35.4,,,,,,28.91796875,,,,
40:35.9,,,,,,,,,,
40:36.9,,,0.178926478,-0.279181217,,,,,,
40:36.9,,,0.180021765,-0.278357899,,,,,,
40:36.9,,,,,,,,,,
40:37.5,,,0.316961114,-0.099092659,,,,,,
40:37.5,,,,,13570.72363,,,,,
40:37.5,,,,,,31.84472656,,,,
40:37.6,,,0.316189385,-0.099755815,,,,,,
40:37.6,,,0.315134821,-0.100633693,,,,,,
40:37.6,,,0.31353605,-0.101895005,,,,,,
40:37.6,,,0.310398343,-0.104241681,,,,,,
40:37.7,,,0.307323137,-0.10636846,,,,,,
40:37.7,,,0.304088495,-0.108423636,,,,,,
40:37.7,,,0.302875071,-0.10914883,,,,,,
40:37.9,,,,,,,,,,
40:38.8,,,0.192631849,-0.046712359,,,,,,
40:38.8,,,,,10797.86816,,,,,
40:38.8,,,,,,25.75097656,,,,
40:38.9,,,0.18683718,-0.047204812,,,,,,
40:38.9,,,0.181887204,-0.047629312,,,,,,
40:38.9,,,0.177857721,-0.047971085,,,,,,
40:38.9,,,,,,,,,,
40:38.9,,,0.174548261,-0.048245122,,,,,,
40:38.9,,,0.172240346,-0.048430686,,,,,,
40:38.9,,,0.170089605,-0.048582941,,,,,,
40:39.1,,,,,6179.526367,,,,,
40:39.1,,,,,,29.90136719,,,,
40:39.2,88.4848,61.32,,,,,97.6,8.18737152,,
40:39.2,,,0.068998358,0.001312189,,,,,,
40:39.3,,,0.069054473,0.001300521,,,,,,
40:39.5,,,0.069502864,0.001201087,,,,,,
40:39.9,,,,,,,,,,
40:40.6,,,0.028496254,0.000887673,,,,,,
40:40.6,,,0.028230215,0.000967664,,,,,,
40:40.6,,,0.027252668,0.001260077,,,,,,
40:40.6,,,0.026463923,0.001492884,,,,,,
40:40.6,,,,,9967.387695,,,,,
40:40.6,,,,,,54.19335938,,,,
40:40.6,,,0.026141398,0.001586225,,,,,,
40:40.7,,,0.025475183,0.001777746,,,,,,
40:40.7,,,0.024744167,0.001984659,,,,,,
40:40.7,,,0.024242895,0.002124774,,,,,,
40:40.7,,,0.023584005,0.002305401,,,,,,
40:40.7,,,0.022934254,0.002479812,,,,,,
40:40.9,,,,,,,,,,
40:41.0,,,,,9708.291016,,,,,
40:41.0,,,,,,16.08398438,,,,
40:41.9,,,,,,,,,,
40:42.2,,,0.024614802,-0.000221537,,,,,,
40:42.2,,,0.024613854,-0.000221441,,,,,,
40:42.2,,,0.024618038,-0.000221824,,,,,,
40:42.2,,,0.024619511,-0.000221958,,,,,,
40:42.3,,,0.024622059,-0.000222192,,,,,,
40:42.3,,,0.024624523,-0.000222417,,,,,,
40:42.3,,,,,8876.199219,,,,,
40:42.3,,,,,,22.99804688,,,,
40:42.3,,,0.024629871,-0.000222912,,,,,,
40:42.3,,,0.024635012,-0.000223388,,,,,,
40:42.3,,,0.024638007,-0.000223662,,,,,,
40:42.3,,,0.024640572,-0.000223896,,,,,,
40:42.5,,,,,8853.945313,,,,,
40:42.5,,,,,,20.48046875,,,,
40:42.7,,,,,,,,,/IP_10_3_0_8/move_robot,9251
40:42.8,,,,,,,,,/IP_10_3_0_8/rosping_service,8450
40:42.9,,,,,,,,,,
40:43.9,,,,,,,,,,
40:43.9,,,0.01018901,0.004950637,,,,,,
40:43.9,,,0.010191835,0.004950414,,,,,,
40:43.9,,,0.010193498,0.00495028,,,,,,
40:43.9,,,0.01019566,0.004950108,,,,,,
40:44.0,88.4848,61.22,,,,,97.1,8.18737152,,
40:44.0,,,0.010197722,0.004949943,,,,,,
40:44.0,88.4848,61.22,,,,,100,8.18737152,,
40:44.0,,,0.010198832,0.004949854,,,,,,
40:44.0,,,0.0101999,0.004949768,,,,,,
40:44.1,,,,,6770.168945,,,,,
40:44.1,,,,,,28.99707031,,,,
40:44.2,,,0.010200237,0.004949741,,,,,,
40:44.2,,,0.010201886,0.00494961,,,,,,
40:44.2,,,0.010203459,0.004949485,,,,,,
40:44.2,,,,,7795.571289,,,,,
40:44.3,,,,,,23.14941406,,,,
40:44.9,,,,,,,,,,
40:45.5,,,0.011802365,0.002459582,,,,,,
40:45.6,,,0.011802166,0.002459598,,,,,,
40:45.6,,,0.01180271,0.002459552,,,,,,
40:45.6,,,0.011803257,0.002459505,,,,,,
40:45.6,,,0.011804671,0.002459385,,,,,,
40:45.6,,,0.011805177,0.002459342,,,,,,
40:45.6,,,0.011805208,0.002459339,,,,,,
40:45.6,,,0.011805642,0.002459302,,,,,,
40:45.7,,,0.011806055,0.002459267,,,,,,
40:45.7,,,0.019243457,0.000476955,,,,,,
40:45.8,,,,,8591.890625,,,,,
40:45.8,,,,,,20.75292969,,,,
40:45.9,,,,,,,,,,
40:46.9,,,,,,,,,,
40:47.2,,,0.019865179,0.002877058,,,,,,
40:47.2,,,0.019865441,0.002877039,,,,,,
40:47.2,,,0.019866037,0.002876996,,,,,,
40:47.3,,,0.01986616,0.002876987,,,,,,
40:47.3,,,0.019866194,0.002876985,,,,,,
40:47.3,,,0.019866405,0.002876969,,,,,,
40:47.3,,,0.019866604,0.002876955,,,,,,
40:47.3,,,0.019866794,0.002876941,,,,,,
40:47.3,,,0.019866975,0.002876928,,,,,,
40:47.4,,,,,8377.791992,,,,,
40:47.4,,,,,,30.31445313,,,,
40:47.4,,,0.019867147,0.002876916,,,,,,
40:47.5,,,,,7815.073242,,,,,
40:47.5,,,,,,51.55664063,,,,
40:47.9,,,,,,,,,,
40:48.9,,,0.016090904,0.001442795,,,,,,
40:48.9,,,,,,,,,,
40:48.9,,,0.016090909,0.001442794,,,,,,
40:48.9,,,0.016090968,0.001442788,,,,,,
40:48.9,,,0.016091024,0.001442782,,,,,,
40:49.0,,,0.016091077,0.001442776,,,,,,
40:49.0,,,0.016091128,0.001442771,,,,,,
40:49.0,,,0.016091176,0.001442766,,,,,,
40:49.0,,,0.0212422,-0.001065649,,,,,,
40:49.0,,,0.021242319,-0.00106567,,,,,,
40:49.0,,,0.02124234,-0.001065674,,,,,,
40:49.1,,,,,,25.42089844,,,,
40:49.2,,,,,7637.306641,,,,,
40:49.7,88.4848,60.79,,,,,96.2,8.18737152,,
40:49.9,,,,,,,,,,
40:50.2,,,0.02124367,-0.001065908,,,,,,
40:50.2,,,,,6808.535156,,,,,
40:50.2,,,,,,17.54394531,,,,
40:50.3,,,0.021243645,-0.001065904,,,,,,
40:50.3,,,0.011528942,0.001958991,,,,,,
40:50.3,,,0.01152898,0.001958993,,,,,,
40:50.3,,,0.011528998,0.001958994,,,,,,
40:50.3,,,0.011529001,0.001958995,,,,,,
40:50.4,,,0.011529016,0.001958995,,,,,,
40:50.4,,,0.01152903,0.001958996,,,,,,
40:50.4,,,0.011529042,0.001958997,,,,,,
40:50.4,,,0.011529054,0.001958998,,,,,,
40:50.5,,,,,7890.154297,,,,,
40:50.5,,,,,,18.34277344,,,,
40:50.9,,,,,,,,,,
40:51.6,,,0.011426987,6.16E-05,,,,,,
40:51.6,,,0.011426993,6.16E-05,,,,,,
40:51.6,,,0.011426996,6.16E-05,,,,,,
40:51.7,,,0.011427002,6.16E-05,,,,,,
40:51.7,,,0.011427008,6.16E-05,,,,,,
40:51.7,,,0.011427013,6.16E-05,,,,,,
40:51.7,,,0.011427018,6.16E-05,,,,,,
40:51.7,,,0.011427032,6.16E-05,,,,,,
40:51.8,,,0.011427031,6.16E-05,,,,,,
40:51.8,,,0.011427036,6.16E-05,,,,,,
40:51.8,,,,,7817.744141,,,,,
40:51.8,,,,,,16.25878906,,,,
40:51.9,,,,,,,,,,
40:52.8,,,0.013743083,0.002954715,,,,,,
40:52.9,,,0.013743086,0.002954717,,,,,,
40:52.9,,,,,,,,,,
40:52.9,,,0.013743094,0.002954721,,,,,,
40:52.9,,,,,8280.164063,,,,,
40:52.9,,,,,,30.95800781,,,,
40:52.9,,,0.013743101,0.002954726,,,,,,
40:52.9,,,0.013743108,0.00295473,,,,,,
40:52.9,,,0.013743115,0.002954734,,,,,,
40:52.9,,,0.013743131,0.002954743,,,,,,
40:52.9,,,0.013743142,0.00295475,,,,,,
40:52.9,,,0.013743139,0.002954748,,,,,,
40:52.9,,,0.013743145,0.002954751,,,,,,
40:53.1,85.6061,61.3,,,,,96.1,8.18737152,,
40:53.1,85.6061,61.3,,,,,92.3,8.18737152,,
40:53.9,,,,,,,,,,
40:54.3,,,0.179874637,-0.012297456,,,,,,
40:54.3,,,,,9250.806641,,,,,
40:54.3,,,,,,27.50097656,,,,
40:54.3,,,0.189511831,-0.013165381,,,,,,
40:54.4,,,0.213744135,-0.015354346,,,,,,
40:54.4,,,0.223075871,-0.016202725,,,,,,
40:54.4,,,0.233075763,-0.017115986,,,,,,
40:54.4,,,0.242611754,-0.017993299,,,,,,
40:54.4,,,0.252272668,-0.018887713,,,,,,
40:54.4,,,0.262046058,-0.019795109,,,,,,
40:54.5,,,0.272095772,-0.02073605,,,,,,
40:54.5,,,0.281550584,-0.021626322,,,,,,
40:54.7,,,,,8661.688477,,,,,
40:54.7,,,,,,30.5,,,,
40:54.9,,,,,,,,,/IP_10_3_0_8/reverse_robot,2111
40:54.9,,,,,,,,,,
40:55.9,,,,,,,,,,
40:55.9,,,0.378758132,-0.023538202,,,,,,
40:55.9,,,0.37916161,-0.023562961,,,,,,
40:56.0,,,0.378703243,-0.023536718,,,,,,
40:56.0,,,0.377659877,-0.02348496,,,,,,
40:56.0,,,0.375206262,-0.023386238,,,,,,
40:56.1,,,0.369534414,-0.023323392,,,,,,
40:56.1,,,0.356882733,-0.023690905,,,,,,
40:56.2,,,,,8825.043945,,,,,
40:56.2,,,,,,53.109375,,,,
40:56.5,,,0.366116881,-0.023353914,,,,,,
40:56.7,,,0.371132664,-0.023319952,,,,,,
40:56.9,,,,,,,,,,
40:56.9,,,0.361845733,-0.023460123,,,,,,
40:57.8,,,0.126018613,-0.068915665,,,,,,
40:57.8,,,,,8017.520508,,,,,
40:57.8,,,,,,28.46191406,,,,
40:57.8,,,0.123276362,-0.070306792,,,,,,
40:57.8,,,0.117711084,-0.073256711,,,,,,
40:57.8,,,0.112396815,-0.076308835,,,,,,
40:57.8,,,0.10688273,-0.079632214,,,,,,
40:57.8,,,0.101319166,-0.083337891,,,,,,
40:57.8,,,0.093117457,-0.089212751,,,,,,
40:57.8,,,0.087722323,-0.093527862,,,,,,
40:57.9,,,0.082628266,-0.097782632,,,,,,
40:57.9,,,,,,,,,,
40:57.9,,,0.120104267,-0.167947235,,,,,,
40:58.6,,,,,7585.066406,,,,,
40:58.6,,,,,,18.78515625,,,,
40:58.9,,,,,,,,,,
40:59.3,,,0.019673509,-0.336507718,,,,,,
40:59.4,,,0.020388201,-0.333969053,,,,,,
40:59.4,,,0.021365947,-0.329987777,,,,,,
40:59.4,,,,,7422.624023,,,,,
40:59.4,,,,,,18.60644531,,,,
40:59.4,,,0.021779117,-0.328214746,,,,,,
40:59.4,,,0.022717595,-0.324052482,,,,,,
40:59.4,,,0.023718811,-0.319310876,,,,,,
40:59.4,,,0.024884752,-0.313361654,,,,,,
40:59.4,,,0.026126607,-0.306591536,,,,,,
40:59.4,,,0.027388224,-0.299154268,,,,,,
40:59.4,,,0.029364178,-0.286867769,,,,,,
40:59.4,85.6061,61.09,,,,,97.7,8.18737152,,
40:59.5,,,,,9704.68457,,,,,
40:59.5,,,,,,19.13476563,,,,
40:59.9,,,,,,,,,,
41:00.9,,,,,,,,,,
41:00.9,,,0.007259885,-0.376395308,,,,,,
41:00.9,,,0.007260495,-0.376389479,,,,,,
41:00.9,,,0.007260711,-0.376387376,,,,,,
41:01.0,,,0.007260722,-0.376387255,,,,,,
41:01.0,,,0.007260911,-0.376385428,,,,,,
41:01.0,,,0.007261091,-0.376383696,,,,,,
41:01.0,,,0.007261263,-0.376382035,,,,,,
41:01.0,,,0.001480052,-0.287441448,,,,,,
41:01.0,,,0.001480317,-0.287437703,,,,,,
41:01.0,,,0.001480461,-0.287435668,,,,,,
41:01.5,,,,,10019.03906,,,,,
41:01.5,,,,,,38.44042969,,,,
41:02.0,,,,,,,,,,
41:02.1,,,,,,,,,/IP_10_3_0_8/move_robot,7238
41:02.2,,,,,,,,,/IP_10_3_0_8/rosping_service,2868
41:02.5,,,0.001482686,-0.287404289,,,,,,
41:02.5,,,,,10201.64648,,,,,
41:02.5,,,,,,25.20410156,,,,
41:02.5,,,0.001482836,-0.287402187,,,,,,
41:02.5,,,0.001482881,-0.287401555,,,,,,
41:02.5,,,0.001482879,-0.287401571,,,,,,
41:02.6,,,0.001482878,-0.287401586,,,,,,
41:02.6,,,0.001483009,-0.287399754,,,,,,
41:02.6,,,0.00148304,-0.287399322,,,,,,
41:02.6,,,0.000532167,-0.277891847,,,,,,
41:02.6,,,0.000532208,-0.27789129,,,,,,
41:02.6,,,0.000532327,-0.277889723,,,,,,
41:02.7,,,,,9621.953125,,,,,
41:02.7,,,,,,30.4609375,,,,
41:02.7,85.6061,61.28,,,,,97.5,8.18737152,,
41:02.7,85.6061,61.28,,,,,93.8,8.18737152,,
41:02.8,,,,,,,,,,
41:03.7,,,0.000533102,-0.277879348,,,,,,
41:03.7,,,0.000533135,-0.277878909,,,,,,
41:03.7,,,0.000533164,-0.277878521,,,,,,
41:03.7,,,0.009860997,-0.278819833,,,,,,
41:03.7,,,0.009861049,-0.278819413,,,,,,
41:03.7,,,0.009861098,-0.27881902,,,,,,
41:03.7,,,0.009861115,-0.278818882,,,,,,
41:03.7,,,0.009861176,-0.278818387,,,,,,
41:03.7,,,,,7434.145508,,,,,
41:03.7,,,,,,65.91894531,,,,
41:03.7,,,0.009861242,-0.278817855,,,,,,
41:03.7,,,0.009861265,-0.278817665,,,,,,
41:03.9,,,,,,,,,,
41:04.8,,,,,,,,,,
41:05.3,,,0.009327937,-0.286205408,,,,,,
41:05.3,,,0.008911891,-0.29207882,,,,,,
41:05.3,,,0.009050417,-0.293169677,,,,,,
41:05.3,,,0.008615245,-0.300030225,,,,,,
41:05.3,,,0.008251577,-0.305796718,,,,,,
41:05.3,,,0.007529957,-0.317575037,,,,,,
41:05.3,,,,,8667.189453,,,,,
41:05.3,,,,,,19.43847656,,,,
41:05.3,,,0.006750687,-0.330847871,,,,,,
41:05.4,,,0.006484324,-0.335529462,,,,,,
41:05.5,,,0.005934482,-0.345428466,,,,,,
41:05.5,,,0.005351022,-0.356360946,,,,,,
41:05.7,,,,,9584.949219,,,,,
41:05.7,,,,,,18.07226563,,,,
41:05.9,,,,,,,,,,
41:06.8,,,-0.004814685,-0.574996656,,,,,,
41:06.8,,,-0.005143872,-0.594868895,,,,,,
41:06.8,,,-0.005537339,-0.617108819,,,,,,
41:06.8,,,-0.005758416,-0.628600812,,,,,,
41:06.9,,,,,,,,,,
41:06.9,,,-0.005940988,-0.637949901,,,,,,
41:07.0,,,-0.006132912,-0.647517804,,,,,,
41:07.0,,,-0.006313271,-0.656428098,,,,,,
41:07.0,,,-0.006499631,-0.665166393,,,,,,
41:07.0,,,-0.006751236,-0.676807633,,,,,,
41:07.0,,,-0.006971705,-0.686580727,,,,,,
41:07.8,,,,,8794.361328,,,,,
41:07.8,,,,,,19.30566406,,,,
41:07.9,,,,,,,,,,
41:08.3,,,0.010412528,-0.971462919,,,,,,
41:08.4,,,0.010374679,-0.973313784,,,,,,
41:08.4,,,,,9353.802734,,,,,
41:08.4,,,,,,21.59082031,,,,
41:08.4,,,0.01030294,-0.976944186,,,,,,
41:08.4,,,0.010230077,-0.980773254,,,,,,
41:08.4,,,0.010164246,-0.984344555,,,,,,
41:08.4,,,0.010093599,-0.987953242,,,,,,
41:08.4,,,0.009985513,-0.993314892,,,,,,
41:08.4,,,0.009892854,-0.997695925,,,,,,
41:08.4,,,0.009862766,-0.999088746,,,,,,
41:08.4,,,0.009801632,-1.001796234,,,,,,
41:08.6,85.6061,60.98,,,,,97.7,8.18737152,,
41:08.6,,,,,9374.642578,,,,,
41:08.6,,,,,,35.34277344,,,,
41:08.9,,,,,,,,,,
41:09.7,,,0.018017206,-1.095647024,,,,,,
41:09.7,,,0.017986057,-1.096742213,,,,,,
41:09.8,,,0.017957951,-1.097724669,,,,,,
41:09.9,,,0.017913937,-1.099096863,,,,,,
41:09.9,,,,,,,,,,
41:09.9,,,0.017858749,-1.100604021,,,,,,
41:09.9,,,0.01783678,-1.101159568,,,,,,
41:09.9,,,0.017797699,-1.102121588,,,,,,
41:10.0,,,0.017761942,-1.102944689,,,,,,
41:10.0,,,0.017724703,-1.10374201,,,,,,
41:10.0,,,0.017674293,-1.104717315,,,,,,
41:10.0,,,,,10518.52051,,,,,
41:10.0,,,,,,26.93945313,,,,
41:10.9,,,,,,,,,,
41:11.4,,,-0.002068346,-1.135348631,,,,,,
41:11.5,,,-0.002078715,-1.135432868,,,,,,
41:11.5,,,,,10739.93164,,,,,
41:11.5,,,,,,33.0234375,,,,
41:11.5,,,-0.002076839,-1.135417889,,,,,,
41:11.5,,,-0.00207488,-1.135400961,,,,,,
41:11.5,,,-0.002073413,-1.135384988,,,,,,
41:11.5,,,-0.002088719,-1.135516574,,,,,,
41:11.5,,,-0.002088322,-1.135512509,,,,,,
41:11.5,,,-0.002088579,-1.135512379,,,,,,
41:11.5,,,-0.002093419,-1.135556919,,,,,,
41:11.5,,,-0.002082347,-1.135459103,,,,,,
41:11.7,,,,,8709.818359,,,,,
41:11.7,,,,,,52.50976563,,,,
41:11.9,,,,,,,,,,
41:12.9,,,,,,,,,,
41:13.2,,,0.00216263,-1.133729002,,,,,,
41:13.2,,,0.002170585,-1.133681039,,,,,,
41:13.2,,,0.002202632,-1.133472098,,,,,,
41:13.2,,,0.002234463,-1.133268009,,,,,,
41:13.2,,,0.002228953,-1.133301608,,,,,,
41:13.2,,,0.002238409,-1.133239572,,,,,,
41:13.3,,,0.002241985,-1.13321344,,,,,,
41:13.3,,,0.002232317,-1.133277351,,,,,,
41:13.3,,,0.002214784,-1.133404923,,,,,,
41:13.3,,,0.002242546,-1.133202993,,,,,,
41:13.3,,,,,8633.240234,,,,,
41:13.3,,,,,,18.06152344,,,,
41:13.4,88.4848,60.66,,,,,98.6,8.18737152,,
41:13.4,88.4848,60.66,,,,,100,8.18737152,,
41:13.4,,,,,7052.146484,,,,,
41:13.4,,,,,,17.41308594,,,,
41:13.9,,,,,,,,,,
41:14.6,,,0.011857265,-1.132838697,,,,,,
41:14.7,,,0.011857259,-1.132838616,,,,,,
41:14.7,,,0.011857256,-1.132838498,,,,,,
41:14.7,,,0.011857382,-1.132836561,,,,,,
41:14.7,,,0.011857372,-1.13283625,,,,,,
41:14.7,,,0.011857368,-1.132836165,,,,,,
41:14.7,,,0.01185736,-1.132836004,,,,,,
41:14.7,,,0.011857469,-1.13283448,,,,,,
41:14.7,,,0.011857458,-1.13283437,,,,,,
41:14.7,,,0.011857558,-1.132832961,,,,,,
41:14.9,,,,,,,,,,
41:14.9,,,,,9331.923828,,,,,
41:14.9,,,,,,17.24414063,,,,
41:15.2,,,,,,,,,/IP_10_3_0_8/trolley_parking_service,13127
41:15.9,,,,,,,,,,
41:16.4,,,-0.000468955,-1.128921836,,,,,,
41:16.5,,,-0.000468931,-1.128921402,,,,,,
41:16.5,,,-0.000468895,-1.128920767,,,,,,
41:16.5,,,-0.00046886,-1.128920153,,,,,,
41:16.5,,,-0.000468849,-1.128919966,,,,,,
41:16.6,,,-0.000468801,-1.12891914,,,,,,
41:16.6,,,-0.000468755,-1.128918355,,,,,,
41:16.6,,,-0.000468711,-1.128917609,,,,,,
41:16.6,,,,,11144.31543,,,,,
41:16.6,,,,,,19.01660156,,,,
41:16.6,,,-0.000468668,-1.128916862,,,,,,
41:16.6,,,-0.000468654,-1.128916622,,,,,,
41:16.7,,,,,10433.43262,,,,,
41:16.7,,,,,,35.88183594,,,,
41:16.9,,,,,,,,,,
41:17.9,,,,,,,,,,
41:18.5,,,-0.003174507,-1.128977689,,,,,,
41:18.5,,,-0.003174501,-1.128977543,,,,,,
41:18.6,,,-0.003174494,-1.128977391,,,,,,
41:18.6,,,-0.003174488,-1.12897724,,,,,,
41:18.6,,,-0.003174488,-1.128977238,,,,,,
41:18.6,,,-0.003174482,-1.12897711,,,,,,
41:18.6,,,-0.003174477,-1.128976987,,,,,,
41:18.6,,,-0.003174472,-1.128976872,,,,,,
41:18.6,,,-0.003174467,-1.12897675,,,,,,
41:18.6,,,-0.007167733,-1.130969212,,,,,,
41:18.7,,,,,,21.68847656,,,,
41:18.7,,,,,9699.97168,,,,,
41:19.0,,,,,,,,,,
41:19.7,88.4848,61.3,,,,,97.2,8.18737152,,
41:19.7,,,,,10208.36914,,,,,
41:19.7,,,,,,28.60449219,,,,
41:19.9,,,,,,,,,,
41:21.5,,,-0.006250147,-1.137127728,,,,,,
41:21.6,,,-0.006250141,-1.137127708,,,,,,
41:21.6,,,-0.006250134,-1.137127687,,,,,,
41:21.6,,,-0.006250129,-1.13712767,,,,,,
41:21.6,,,-0.006250124,-1.137127652,,,,,,
41:21.6,,,-0.006250111,-1.137127608,,,,,,
41:21.6,,,-0.006250101,-1.137127578,,,,,,
41:21.6,,,,,,,,,,
41:21.7,,,-0.006250105,-1.137127589,,,,,,
41:21.7,,,,,10563.49805,,,,,
41:21.7,,,,,,58.24804688,,,,
41:21.7,,,-0.0062501,-1.137127575,,,,,,
41:21.7,,,-0.00625009,-1.137127541,,,,,,
41:21.9,,,,,11930.51563,,,,,
41:21.9,,,,,,14.29589844,,,,
41:21.9,,,,,12033.67969,,,,,
41:21.9,,,,,,15.21875,,,,
41:22.0,,,,,,,,,,
41:22.9,,,,,,,,,,
41:23.5,,,0.003861131,-1.149066539,,,,,,
41:23.5,,,0.003861144,-1.149066548,,,,,,
41:23.6,,,0.003861156,-1.149066556,,,,,,
41:23.6,,,0.003861169,-1.149066564,,,,,,
41:23.6,,,0.003861204,-1.149066586,,,,,,
41:23.6,,,0.003861208,-1.149066589,,,,,,
41:23.7,,,0.003861222,-1.149066597,,,,,,
41:23.7,,,0.003861231,-1.149066603,,,,,,
41:23.7,,,0.003861251,-1.149066615,,,,,,
41:23.7,,,0.003861249,-1.149066614,,,,,,
41:23.7,,,,,8622.277344,,,,,
41:23.7,,,,,,23.13867188,,,,
41:23.8,85.6061,60.66,,,,,96.9,8.18737152,,
41:23.8,85.6061,60.66,,,,,93.3,8.18737152,,
41:23.8,,,,,9963.537109,,,,,
41:23.8,,,,,,19.73046875,,,,
41:23.9,,,,,,,,,,
41:24.9,,,,,,,,,,
41:25.7,,,-0.000463778,-1.144196358,,,,,,
41:25.7,,,-0.000463779,-1.144196356,,,,,,
41:25.7,,,-0.000463779,-1.144196355,,,,,,
41:25.8,,,-0.000463779,-1.144196354,,,,,,
41:25.8,,,-0.00046378,-1.144196352,,,,,,
41:25.8,,,-0.000463781,-1.14419635,,,,,,
41:25.8,,,-0.000463781,-1.14419635,,,,,,
41:25.8,,,-0.000463781,-1.144196349,,,,,,
41:25.8,,,,,,28.27441406,,,,
41:25.8,,,,,12750.78027,,,,,
41:25.8,,,-0.000463783,-1.144196345,,,,,,
41:25.8,,,-0.000463783,-1.144196344,,,,,,
41:25.9,,,,,,,,,,
41:26.4,,,,,12778.55078,,,,,
41:26.4,,,,,,21.82714844,,,,
41:26.9,,,,,,,,,,
41:27.8,,,,,,,,,/IP_10_3_0_8/release_trolley,12520
41:27.9,,,,,,,,,/IP_10_3_0_8/rosping_service,9259
41:27.9,,,,,,,,,,
41:28.1,,,-0.000530021,-1.139387066,,,,,,
41:28.1,,,,,9317.447266,,,,,
41:28.1,,,,,,28.34667969,,,,
41:28.2,,,-0.00053002,-1.139387066,,,,,,
41:28.2,,,-0.000530017,-1.139387067,,,,,,
41:28.2,,,-0.000530015,-1.139387068,,,,,,
41:28.3,,,-0.000530032,-1.139387062,,,,,,
41:28.3,,,-0.000530031,-1.139387062,,,,,,
41:28.3,,,-0.00053003,-1.139387062,,,,,,
41:28.3,,,,,12490.48047,,,,,
41:28.3,,,,,,51.89746094,,,,
41:28.5,,,-0.000530027,-1.139387064,,,,,,
41:28.5,,,-0.000530023,-1.139387065,,,,,,
41:28.8,,,-0.000530022,-1.139387065,,,,,,
41:29.0,,,,,,,,,,
41:30.0,,,,,,,,,,
41:30.4,,,0.012608216,-0.869596599,,,,,,
41:30.4,,,,,10944.74609,,,,,
41:30.4,,,,,,20.72753906,,,,
41:30.4,,,0.014213785,-0.850084265,,,,,,
41:30.4,,,0.017463362,-0.952862822,,,,,,
41:30.4,,,0.018477522,-0.938378606,,,,,,
41:30.4,,,0.019295217,-0.926822773,,,,,,
41:30.4,,,0.019869753,-0.918756039,,,,,,
41:30.4,,,0.020572629,-0.908921544,,,,,,
41:30.4,,,0.021298243,-0.898876256,,,,,,
41:30.4,,,0.022238322,-0.885900925,,,,,,
41:30.4,,,0.023084998,-0.874396926,,,,,,
41:30.5,85.6061,60.92,,,,,96.6,8.18737152,,
41:30.6,,,,,12166.05762,,,,,
41:30.6,,,,,,21.67578125,,,,
41:30.7,,,,,10138.56445,,,,,
41:30.7,,,,,,16.29199219,,,,
41:31.0,,,,,,,,,,
41:31.5,,,,,,,,,/IP_10_3_0_8/reverse_robot,3220
41:32.3,,,,,,,,,,
41:33.0,,,,,,,,,,
41:33.1,,,0.042441096,-0.322300504,,,,,,
41:33.1,,,0.040123201,-0.306511791,,,,,,
41:33.2,,,0.037250021,-0.289851469,,,,,,
41:33.2,,,0.033928333,-0.273856161,,,,,,
41:33.2,,,0.030029731,-0.257829506,,,,,,
41:33.2,,,0.025761216,-0.242386448,,,,,,
41:33.2,,,0.019102838,-0.22129188,,,,,,
41:33.2,,,,,9516.361328,,,,,
41:33.2,,,,,,16.36523438,,,,
41:33.3,88.4848,61.09,,,,,96.1,8.18737152,,
41:33.3,,,,,8477.043945,,,,,
41:33.3,,,,,,33.87109375,,,,
41:33.3,88.4848,61.09,,,,,100,8.18737152,,
41:33.8,,,0.046045178,-0.365999216,,,,,,
41:33.8,,,0.044874597,-0.345268101,,,,,,
41:33.9,,,,,,,,,,
41:34.0,,,0.044206189,-0.337780176,,,,,,
41:34.9,,,,,,,,,,
41:35.4,,,,,8699.266602,,,,,
41:35.4,,,,,,27.74707031,,,,
41:35.4,,,0.003266942,-0.077701972,,,,,,
41:35.4,,,0.018150006,-0.075132697,,,,,,
41:35.4,,,0.033629534,-0.072200987,,,,,,
41:35.4,,,0.050363769,-0.0688166,,,,,,
41:35.4,,,0.065937354,-0.065409089,,,,,,
41:35.4,,,-0.142067987,-0.032585298,,,,,,
41:35.4,,,-0.124509701,-0.026295206,,,,,,
41:35.4,,,-0.097039997,-0.016300262,,,,,,
41:35.5,,,-0.073198887,-0.007408359,,,,,,
41:35.5,,,-0.058336444,-0.001776782,,,,,,
41:35.6,,,,,11284.83984,,,,,
41:35.6,,,,,,39.57421875,,,,
41:35.7,,,,,11075.78125,,,,,
41:35.7,,,,,,57.41308594,,,,
41:35.9,,,,,,,,,,
41:46.0,88.4848,60.76,,,,,96.4,8.18737152,,
41:46.0,,,1.124558714,1.105007717,,,,,,
41:46.0,,,,,,,,,,
41:46.2,88.4848,62.39,,,,,100,8.18737152,,
41:46.2,,,1.124562811,1.105007387,,,,,,
41:46.2,,,,,,,,,,
41:46.3,,,1.127733781,1.108154109,,,,,,
41:46.3,,,,,,,,,,
41:46.5,,,1.127735376,1.108153968,,,,,,
41:46.5,,,,,,,,,,
41:46.5,,,1.127736904,1.108153832,,,,,,
41:46.5,,,,,,,,,,
41:46.7,,,1.127737565,1.108153774,,,,,,
41:46.7,,,,,,,,,,
41:46.7,88.4848,62.39,,,,,96.1,8.18737152,,
41:46.7,,,1.124561714,1.105007475,,,,,,
41:46.7,,,,,,,,,,
41:46.8,,,1.12773928,1.108153622,,,,,,
41:46.8,,,,,,,,,,
41:46.9,,,1.127739818,1.108153575,,,,,,
41:46.9,,,,,,,,,,
41:47.2,,,,,,,,,,
41:47.3,,,,,,,,,/IP_10_3_0_8/move_robot,10158
41:47.3,,,,,11088.3877,,,,,
41:47.3,,,,,,19.55664063,,,,
41:47.3,,,,,8229.013672,,,,,
41:47.3,,,,,,29.734375,,,,
41:47.3,,,,,9172.001953,,,,,
41:47.3,,,,,,16.85644531,,,,
41:47.3,,,,,10928.56836,,,,,
41:47.3,,,,,,16.3828125,,,,
41:47.3,,,,,8722.351563,,,,,
41:47.3,,,,,,34.71289063,,,,
41:47.3,,,,,7268.00293,,,,,
41:47.3,,,,,,34.13378906,,,,
41:47.3,,,,,9090.939453,,,,,
41:47.3,,,,,,20.9921875,,,,
41:47.3,,,,,8408.646484,,,,,
41:47.3,,,,,,50.53222656,,,,
41:47.3,,,,,7932.549805,,,,,
41:47.3,,,,,,14.66308594,,,,
41:47.4,,,,,7930.873047,,,,,
41:47.4,,,,,,24.85546875,,,,
41:47.6,,,1.127740369,1.108153527,,,,,,
41:47.6,,,,,,,,,,
41:48.1,,,1.132334349,1.110029261,,,,,,
41:48.1,,,1.132334593,1.110029244,,,,,,
41:48.1,,,1.13233483,1.110029227,,,,,,
41:48.1,,,1.132334902,1.110029222,,,,,,
41:48.1,,,1.132335046,1.110029212,,,,,,
41:48.1,,,1.13233519,1.110029201,,,,,,
41:48.2,,,1.132335492,1.11002918,,,,,,
41:48.2,,,1.132335791,1.110029158,,,,,,
41:48.2,,,,,7868.701172,,,,,
41:48.2,,,,,,14.29492188,,,,
41:48.2,,,1.132336066,1.110029138,,,,,,
41:48.3,,,,,,,,,,
41:48.5,,,,,8905.546875,,,,,
41:48.5,,,,,,15.5859375,,,,
41:48.9,,,1.13233416,1.110029275,,,,,,
41:48.9,,,,,,,,,,
41:49.9,,,,,,,,,,
41:50.2,,,,,7301.660156,,,,,
41:50.2,,,,,,26.39160156,,,,
41:50.2,,,1.127995298,1.108283702,,,,,,
41:50.2,,,1.127995357,1.108283695,,,,,,
41:50.2,,,1.127995419,1.108283688,,,,,,
41:50.2,,,1.127995475,1.108283682,,,,,,
41:50.2,,,1.127995479,1.108283682,,,,,,
41:50.2,,,1.127995486,1.108283681,,,,,,
41:50.2,,,1.127995532,1.108283676,,,,,,
41:50.3,,,1.127995574,1.108283671,,,,,,
41:50.3,88.4848,61.06,,,,,95.9,8.18737152,,
41:50.3,,,1.127995618,1.108283666,,,,,,
41:50.3,,,1.127995739,1.108283652,,,,,,
41:50.4,,,,,5314.163086,,,,,
41:50.4,,,,,,38.06933594,,,,
41:50.4,,,,,7629.051758,,,,,
41:50.4,,,,,,47.90527344,,,,
41:51.0,,,,,,,,,,
41:51.9,,,,,,,,,,
41:52.2,,,1.12750535,1.103475759,,,,,,
41:52.2,,,1.127505337,1.103475763,,,,,,
41:52.2,,,1.127505378,1.10347575,,,,,,
41:52.2,,,1.127505381,1.103475749,,,,,,
41:52.2,,,1.127505382,1.103475749,,,,,,
41:52.2,,,1.127505384,1.103475748,,,,,,
41:52.2,,,1.127505385,1.103475748,,,,,,
41:52.2,,,1.127505398,1.103475744,,,,,,
41:52.3,,,1.126552945,1.109222907,,,,,,
41:52.3,,,1.126552953,1.109222912,,,,,,
41:52.4,,,,,4483.753906,,,,,
41:52.4,,,,,,27.08105469,,,,
41:52.5,,,,,7700.500977,,,,,
41:52.5,,,,,,17.03710938,,,,
41:52.9,,,,,,,,,,
41:54.0,,,,,,,,,,
41:54.3,,,1.126178577,1.110299779,,,,,,
41:54.3,,,1.126178578,1.11029978,,,,,,
41:54.3,,,1.126178582,1.110299785,,,,,,
41:54.3,,,1.126178584,1.110299788,,,,,,
41:54.4,85.6061,61.26,,,,,94.4,8.18737152,,
41:54.4,,,1.126178585,1.110299788,,,,,,
41:54.4,85.6061,61.26,,,,,100,8.18737152,,
41:54.4,,,1.126178588,1.110299792,,,,,,
41:54.4,,,1.126178591,1.110299796,,,,,,
41:54.4,,,1.126178594,1.1102998,,,,,,
41:54.4,,,1.126178597,1.110299803,,,,,,
41:54.4,,,1.1261786,1.110299807,,,,,,
41:54.6,,,,,7786.466797,,,,,
41:54.6,,,,,,14.08496094,,,,
41:54.6,,,,,7371.797852,,,,,
41:54.6,,,,,,15.34277344,,,,
41:54.9,,,,,,,,,,
41:55.9,,,,,,,,,,
41:56.1,,,1.125135738,1.114824293,,,,,,
41:56.1,,,1.125135733,1.114824308,,,,,,
41:56.1,,,1.125135732,1.114824314,,,,,,
41:56.2,,,1.125135729,1.114824322,,,,,,
41:56.2,,,1.125135728,1.114824327,,,,,,
41:56.2,,,1.125135726,1.114824333,,,,,,
41:56.2,,,1.125135725,1.114824337,,,,,,
41:56.2,,,1.125135724,1.114824342,,,,,,
41:56.2,,,1.125135723,1.114824346,,,,,,
41:56.2,,,1.125135722,1.11482435,,,,,,
41:56.2,,,,,6841.068359,,,,,
41:56.2,,,,,,17.85253906,,,,
41:56.4,,,,,6696.691406,,,,,
41:56.4,,,,,,28.18554688,,,,
41:56.9,,,,,,,,,,
41:57.9,,,,,,,,,,
41:58.1,,,1.12914321,1.102298735,,,,,,
41:58.1,,,1.129143213,1.102298723,,,,,,
41:58.1,,,1.129143221,1.102298696,,,,,,
41:58.2,,,1.129143224,1.102298683,,,,,,
41:58.2,,,1.129143225,1.102298681,,,,,,
41:58.2,,,1.129143227,1.102298672,,,,,,
41:58.2,,,1.12914323,1.102298663,,,,,,
41:58.2,,,1.129143233,1.102298653,,,,,,
41:58.3,,,,,8305.472656,,,,,
41:58.3,,,,,,32.04589844,,,,
41:58.4,,,,,6959.208984,,,,,
41:58.4,,,,,,41.25195313,,,,
41:58.6,,,1.128166143,1.107199425,,,,,,
41:58.8,,,1.129143206,1.102298747,,,,,,
41:58.9,,,,,,,,,,
41:59.9,,,,,,,,,,
42:00.0,,,1.126198198,1.100116549,,,,,,
42:00.0,,,1.126198193,1.100116541,,,,,,
42:00.0,,,1.12619819,1.100116537,,,,,,
42:00.1,,,1.12619818,1.100116521,,,,,,
42:00.3,85.6061,61.28,,,,,96.1,8.18737152,,
42:00.3,,,1.126198176,1.100116514,,,,,,
42:00.3,,,1.126198185,1.100116528,,,,,,
42:00.4,,,1.126198184,1.100116527,,,,,,
42:00.5,,,1.126198172,1.100116509,,,,,,
42:00.5,,,1.126198164,1.100116495,,,,,,
42:00.6,,,1.126198161,1.100116489,,,,,,
42:00.8,,,,,8393.476563,,,,,
42:00.8,,,,,,27.49414063,,,,
42:00.9,,,,,,,,,,
42:01.9,,,,,,,,,,
42:02.0,,,1.126722381,1.101047579,,,,,,
42:02.0,,,,,6778.764648,,,,,
42:02.0,,,,,,16.07226563,,,,
42:02.0,,,1.12672238,1.101047579,,,,,,
42:02.0,,,1.12672238,1.101047579,,,,,,
42:02.0,,,1.12672238,1.101047578,,,,,,
42:02.1,,,1.12835339,1.104911563,,,,,,
42:02.2,,,1.12835337,1.104911513,,,,,,
42:02.2,,,,,6908.402344,,,,,
42:02.2,,,,,,14.65136719,,,,
42:02.4,,,1.128353375,1.104911526,,,,,,
42:02.4,,,1.128353376,1.104911528,,,,,,
42:02.7,,,1.128353376,1.10491153,,,,,,
42:02.9,,,,,,,,,,
42:02.9,,,1.128353386,1.104911554,,,,,,
42:03.9,,,1.126915094,1.113963454,,,,,,
42:03.9,,,,,,,,,,
42:04.2,,,,,7286.887695,,,,,
42:04.2,,,,,,26.14355469,,,,
42:04.5,,,1.126915093,1.113963467,,,,,,
42:04.5,,,,,6647.797852,,,,,
42:04.5,,,,,,25.35351563,,,,
42:04.5,,,1.126915093,1.113963467,,,,,,
42:04.5,,,1.126915092,1.113963479,,,,,,
42:04.5,,,1.126915091,1.11396349,,,,,,
42:04.5,,,1.126915091,1.1139635,,,,,,
42:04.5,,,1.12691509,1.113963512,,,,,,
42:04.5,,,1.123251421,1.098990582,,,,,,
42:04.5,,,1.123251404,1.098990543,,,,,,
42:04.5,,,1.123251395,1.098990523,,,,,,
42:04.9,88.4848,61.11,,,,,96.7,8.18737152,,
42:04.9,88.4848,61.11,,,,,100,8.18737152,,
42:04.9,,,,,,,,,,
42:05.9,,,1.126153706,1.109255712,,,,,,
42:05.9,,,1.126153707,1.109255715,,,,,,
42:05.9,,,,,,,,,,
42:06.1,,,1.126153711,1.109255747,,,,,,
42:06.1,,,1.126153712,1.109255754,,,,,,
42:06.2,,,1.126153713,1.109255762,,,,,,
42:06.2,,,,,6241.649414,,,,,
42:06.2,,,,,,49.08105469,,,,
42:06.2,,,1.126153714,1.109255769,,,,,,
42:06.2,,,1.126153707,1.109255719,,,,,,
42:06.3,,,,,7391.962891,,,,,
42:06.3,,,,,,41.99023438,,,,
42:06.3,,,1.126153715,1.109255775,,,,,,
42:06.6,,,1.12615371,1.109255741,,,,,,
42:06.8,,,1.126153711,1.109255744,,,,,,
42:06.9,,,,,,,,,,
42:08.0,,,,,,,,,,
42:08.1,,,1.128491085,1.108205111,,,,,,
42:08.1,,,1.128491091,1.108205099,,,,,,
42:08.2,,,1.128491093,1.108205094,,,,,,
42:08.2,,,,,8455.413086,,,,,
42:08.2,,,,,,42.10644531,,,,
42:08.2,,,1.128491093,1.108205092,,,,,,
42:08.2,,,1.128491095,1.108205088,,,,,,
42:08.2,,,1.128491097,1.108205083,,,,,,
42:08.2,,,1.128491099,1.108205079,,,,,,
42:08.2,,,1.1284911,1.108205075,,,,,,
42:08.2,,,1.128491102,1.108205072,,,,,,
42:08.2,,,1.128491106,1.108205063,,,,,,
42:08.4,,,,,8667.271484,,,,,
42:08.4,,,,,,39.77246094,,,,
42:08.4,,,,,7138.282227,,,,,
42:08.4,,,,,,14.6171875,,,,
42:08.6,,,,,,,,,/IP_10_3_0_8/move_camera,2213
42:09.0,,,,,,,,,,
42:10.0,,,,,,,,,,
42:10.7,,,1.115817595,1.102457837,,,,,,
42:10.7,,,1.102430352,1.098984142,,,,,,
42:10.7,,,1.092246811,1.095800289,,,,,,
42:10.8,,,1.082076752,1.092166261,,,,,,
42:10.8,,,1.07125139,1.088013446,,,,,,
42:10.8,,,1.059327447,1.083008557,,,,,,
42:10.8,88.4848,61.15,,,,,95.4,8.18737152,,
42:10.8,,,1.047784303,1.077788272,,,,,,
42:10.8,,,1.028719166,1.068554189,,,,,,
42:10.8,,,1.015650281,1.06171536,,,,,,
42:10.8,,,1.001763587,1.054103685,,,,,,
42:11.0,,,,,7182.916992,,,,,
42:11.0,,,,,,23.80859375,,,,
42:11.0,,,,,,,,,,
42:11.2,,,,,9088.876953,,,,,
42:11.2,,,,,,22.37695313,,,,
42:12.2,,,,,,,,,,
42:12.9,,,,,,,,,,
42:13.2,,,0.496625472,0.329065247,,,,,,
42:13.2,,,0.475949066,0.304135967,,,,,,
42:13.3,,,0.469140841,0.296035604,,,,,,
42:13.3,,,0.442068231,0.264308989,,,,,,
42:13.3,,,0.429258704,0.249496085,,,,,,
42:13.4,,,0.416891862,0.235266008,,,,,,
42:13.4,,,0.404932851,0.221581973,,,,,,
42:13.4,,,0.387656716,0.201824471,,,,,,
42:13.4,,,0.371610135,0.183501321,,,,,,
42:13.4,,,,,8705.726563,,,,,
42:13.5,,,,,,31.49414063,,,,
42:13.5,,,0.366563299,0.177718718,,,,,,
42:13.6,,,,,7302.383789,,,,,
42:13.6,,,,,,29.18652344,,,,
42:13.6,85.6061,61.15,,,,,96.5,8.18737152,,
42:13.6,,,,,6592.30957,,,,,
42:13.6,,,,,,56.11621094,,,,
42:13.6,85.6061,61.15,,,,,100,8.18737152,,
42:13.9,,,,,,,,,,
42:15.0,,,,,,,,,,
42:15.8,,,0.024009962,-0.340324251,,,,,,
42:15.8,,,0.023094664,-0.325602337,,,,,,
42:15.8,,,0.023098498,-0.32554068,,,,,,
42:15.8,,,0.023100178,-0.325512592,,,,,,
42:15.8,,,0.02310369,-0.325456142,,,,,,
42:15.8,,,0.023107009,-0.325402795,,,,,,
42:15.9,,,0.023110034,-0.325354126,,,,,,
42:15.9,,,0.023113067,-0.325305379,,,,,,
42:15.9,,,0.023120299,-0.325190599,,,,,,
42:15.9,,,0.023121136,-0.325176223,,,,,,
42:16.0,,,,,,,,,,
42:16.8,,,,,,,,,/IP_10_3_0_8/move_robot,8200
42:16.9,,,,,9188.307617,,,,,
42:16.9,,,,,,40.92871094,,,,
42:16.9,,,,,7194.180664,,,,,
42:16.9,,,,,,27.73046875,,,,
42:17.0,,,,,,,,,,
42:18.0,,,,,,,,,,
42:18.3,,,0.014449217,-0.323880178,,,,,,
42:18.3,,,0.014449438,-0.323876551,,,,,,
42:18.3,,,0.014450325,-0.323863667,,,,,,
42:18.4,,,0.014450433,-0.323862064,,,,,,
42:18.4,,,0.01445112,-0.323852137,,,,,,
42:18.4,,,0.014451777,-0.323842643,,,,,,
42:18.4,,,0.014452401,-0.323833637,,,,,,
42:18.5,,,,,,15.60253906,,,,
42:18.5,,,0.014452576,-0.323831005,,,,,,
42:18.5,,,,,6630.416016,,,,,
42:18.5,,,0.014452824,-0.323827282,,,,,,
42:18.5,,,0.014453473,-0.323817881,,,,,,
42:18.6,,,,,7256.506836,,,,,
42:18.6,,,,,,21.67089844,,,,
42:18.6,,,,,6986.899414,,,,,
42:18.6,,,,,,21.88964844,,,,
42:19.0,,,,,,,,,,
42:19.1,,,,,,,,,/IP_10_3_0_8/move_camera,2309
42:19.2,,,,,,,,,/IP_10_3_0_8/rosping_service,1356
42:19.9,,,,,,,,,,
42:20.2,,,0.012668919,-0.320432913,,,,,,
42:20.2,,,0.012669007,-0.320431497,,,,,,
42:20.2,,,,,,,,,/IP_10_3_0_8/object_detection,904
42:20.3,,,0.01266909,-0.320430165,,,,,,
42:20.3,85.6061,60.98,,,,,96.1,8.18737152,,
42:20.3,,,0.012669287,-0.320427177,,,,,,
42:20.3,,,0.012669497,-0.320424009,,,,,,
42:20.3,,,0.012669697,-0.320420989,,,,,,
42:20.3,,,0.012670266,-0.320412726,,,,,,
42:20.4,,,0.012670299,-0.320411998,,,,,,
42:20.4,,,0.012670489,-0.320409056,,,,,,
42:20.4,,,0.012670641,-0.320406761,,,,,,
42:20.4,,,,,6001.874023,,,,,
42:20.4,,,,,,29.16699219,,,,
42:20.6,,,,,5538.636719,,,,,
42:20.6,,,,,,28.63476563,,,,
42:20.9,,,,,,,,,,
42:21.9,,,,,,,,,,
42:22.1,,,0.010877089,-0.327481322,,,,,,
42:22.1,,,0.010877164,-0.327480078,,,,,,
42:22.2,,,0.010877222,-0.32747912,,,,,,
42:22.2,,,0.010877246,-0.327478712,,,,,,
42:22.2,,,0.010877298,-0.327477858,,,,,,
42:22.2,,,,,,,,,/IP_10_3_0_8/move_camera,2162
42:22.2,,,0.010877348,-0.327477024,,,,,,
42:22.3,,,,,5696.492188,,,,,
42:22.3,,,,,,42.90917969,,,,
42:22.3,,,,,,41.25976563,,,,
42:22.3,,,,,3934.59082,,,,,
42:22.6,,,0.016369311,-0.328466486,,,,,,
42:22.8,,,0.016369324,-0.328466274,,,,,,
42:22.8,,,,,,,,,,
42:22.9,,,0.016369337,-0.328466075,,,,,,
42:22.9,,,0.010877023,-0.327482397,,,,,,
42:23.3,,,,,,,,,/IP_10_3_0_8/reverse_robot,1156
42:23.5,,,0.013551526,-0.293343915,,,,,,
42:23.5,,,0.01422499,-0.283880814,,,,,,
42:23.6,,,0.014884784,-0.274507607,,,,,,
42:23.6,,,0.015109215,-0.271306632,,,,,,
42:23.6,,,0.015553751,-0.264971193,,,,,,
42:23.6,,,0.01599524,-0.258670795,,,,,,
42:23.6,,,0.016429249,-0.252490736,,,,,,
42:23.6,,,0.016874319,-0.246152653,,,,,,
42:23.7,,,0.017284462,-0.240378162,,,,,,
42:23.7,85.6061,60.91,,,,,98.1,8.18737152,,
42:23.7,,,0.017818712,-0.232801917,,,,,,
42:23.8,85.6061,60.91,,,,,100,8.18737152,,
42:23.8,,,,,5902.691406,,,,,
42:23.8,,,,,,36.17675781,,,,
42:23.9,,,,,,,,,,
42:24.8,,,0.024079852,-0.121749908,,,,,,
42:24.9,,,,,,,,,,
42:24.9,,,0.023143091,-0.118760141,,,,,,
42:25.0,,,0.0223651,-0.11653544,,,,,,
42:25.0,,,0.021758393,-0.114954782,,,,,,
42:25.1,,,,,,28.83496094,,,,
42:25.1,,,,,6408.146484,,,,,
42:25.2,,,0.021297598,-0.113885733,,,,,,
42:25.5,,,0.02112586,-0.113537299,,,,,,
42:25.5,,,0.021177544,-0.113646515,,,,,,
42:25.7,,,0.022555931,-0.116322114,,,,,,
42:25.7,,,0.023833515,-0.118479922,,,,,,
42:25.9,,,,,,,,,,
42:26.0,,,0.025773318,-0.121482534,,,,,,
42:26.4,,,0.226771579,-0.201605931,,,,,,
42:26.4,,,0.24522706,-0.212451489,,,,,,
42:26.4,,,,,7857.082031,,,,,
42:26.4,,,,,,30.21875,,,,
42:26.4,,,0.265476978,-0.224276636,,,,,,
42:26.5,,,0.285789833,-0.236034755,,,,,,
42:26.5,,,0.31614496,-0.253467765,,,,,,
42:26.5,,,0.338908324,-0.266347674,,,,,,
42:26.5,,,0.38353434,-0.291374696,,,,,,
42:26.5,,,0.406295429,-0.304067826,,,,,,
42:26.5,,,0.429953269,-0.317206588,,,,,,
42:26.5,,,0.457429326,-0.332429583,,,,,,
42:26.7,,,,,6493.060547,,,,,
42:26.7,,,,,,22.15039063,,,,
42:26.9,,,,,,,,,,
42:27.8,,,0.734836831,-0.278467667,,,,,,
42:27.8,,,0.91557149,-0.225159339,,,,,,
42:27.8,,,0.922654463,-0.228731535,,,,,,
42:27.8,,,0.929294888,-0.232389796,,,,,,
42:27.8,,,0.934868511,-0.235731445,,,,,,
42:27.9,,,0.939609429,-0.238813614,,,,,,
42:27.9,,,0.943807432,-0.241757875,,,,,,
42:27.9,,,,,,,,,,
42:27.9,,,0.947112836,-0.244241597,,,,,,
42:27.9,,,0.94974067,-0.246327327,,,,,,
42:27.9,,,0.952235901,-0.248408027,,,,,,
42:27.9,,,,,7524.880859,,,,,
42:27.9,,,,,,32.94824219,,,,
42:28.9,,,,,,,,,,
42:29.3,,,1.032968546,-0.298342596,,,,,,
42:29.4,,,1.032210734,-0.296388167,,,,,,
42:29.4,,,1.031777137,-0.295222307,,,,,,
42:29.4,,,1.031395937,-0.294164352,,,,,,
42:29.4,,,1.0313362,-0.293985998,,,,,,
42:29.4,,,,,8787.082031,,,,,
42:29.4,,,,,,22.32519531,,,,
42:29.4,,,1.031355358,-0.294022857,,,,,,
42:29.5,,,1.03153943,-0.294534986,,,,,,
42:29.5,,,1.031883296,-0.29554054,,,,,,
42:29.5,,,1.032442059,-0.297202054,,,,,,
42:29.5,,,1.033159561,-0.299406954,,,,,,
42:29.7,85.6061,61,,,,,97.2,8.18737152,,
42:29.7,,,,,8662.138672,,,,,
42:29.7,,,,,,37.8203125,,,,
42:29.8,,,,,,,,,,
42:30.8,,,,,,,,,,
42:31.1,,,0.992994146,-0.322394369,,,,,,
42:31.1,,,0.99299182,-0.322372222,,,,,,
42:31.1,,,0.992990906,-0.322363523,,,,,,
42:31.1,,,0.992988754,-0.322343025,,,,,,
42:31.1,,,,,9275.806641,,,,,
42:31.1,,,,,,46.57519531,,,,
42:31.3,,,,,9290.288086,,,,,
42:31.3,,,,,,32.29296875,,,,
42:31.4,,,0.993003723,-0.322485528,,,,,,
42:31.8,,,,,,,,,/IP_10_3_0_8/move_robot,8447
42:31.9,,,,,,,,,,
42:31.9,,,0.993002239,-0.322471424,,,,,,
42:31.9,,,0.993000248,-0.322452469,,,,,,
42:31.9,,,0.992999005,-0.322440636,,,,,,
42:32.0,,,0.992997828,-0.322429429,,,,,,
42:32.0,,,0.992995242,-0.322404806,,,,,,
42:32.4,,,1.004715002,-0.313738808,,,,,,
42:32.4,,,1.004713494,-0.313713073,,,,,,
42:32.4,,,1.004712813,-0.313701441,,,,,,
42:32.4,,,1.004712699,-0.31369949,,,,,,
42:32.5,,,1.004712196,-0.313690914,,,,,,
42:32.5,,,1.004711689,-0.313682256,,,,,,
42:32.5,,,1.004711205,-0.313673992,,,,,,
42:32.6,,,1.004710745,-0.313666139,,,,,,
42:32.6,,,1.00471031,-0.313658707,,,,,,
42:32.7,,,1.004709203,-0.313639829,,,,,,
42:32.8,,,,,9243.082031,,,,,
42:32.8,,,,,,24.99414063,,,,
42:32.9,,,,,,,,,,
42:33.9,,,,,,,,,,
42:34.0,,,,,,,,,/IP_10_3_0_8/move_camera,2111
42:34.1,88.4848,60.85,,,,,97.3,8.18737152,,
42:34.2,,,1.003872362,-0.328938516,,,,,,
42:34.2,,,1.003872294,-0.328937566,,,,,,
42:34.2,88.4848,60.85,,,,,100,8.18737152,,
42:34.2,,,1.003872021,-0.328933651,,,,,,
42:34.2,,,1.003871763,-0.328929942,,,,,,
42:34.3,,,1.003871486,-0.328925951,,,,,,
42:34.3,,,1.003871281,-0.328923017,,,,,,
42:34.3,,,1.003871058,-0.328919803,,,,,,
42:34.3,,,1.003870543,-0.328912313,,,,,,
42:34.3,,,1.003870319,-0.328909128,,,,,,
42:34.3,,,1.003870287,-0.328908693,,,,,,
42:34.3,,,,,9835.84375,,,,,
42:34.3,,,,,,17.94042969,,,,
42:34.5,,,,,10373.43848,,,,,
42:34.5,,,,,,23.84960938,,,,
42:34.9,,,,,,,,,,
42:35.2,,,,,,,,,/IP_10_3_0_8/object_detection,1104
42:35.9,,,,,,,,,,
42:36.2,,,0.999225892,-0.323867873,,,,,,
42:36.2,,,0.999225847,-0.323867122,,,,,,
42:36.3,,,0.999225806,-0.32386641,,,,,,
42:36.3,,,0.999225698,-0.323864563,,,,,,
42:36.3,,,0.99922566,-0.323863927,,,,,,
42:36.3,,,1.001934109,-0.320627325,,,,,,
42:36.3,,,1.001934096,-0.320627074,,,,,,
42:36.3,,,1.001933985,-0.320624822,,,,,,
42:36.3,,,1.001933953,-0.32062419,,,,,,
42:36.3,,,1.001933944,-0.320624018,,,,,,
42:36.5,,,,,11356.6084,,,,,
42:36.5,,,,,,29.31152344,,,,
42:36.5,,,,,11136.80273,,,,,
42:36.5,,,,,,31.04101563,,,,
42:36.9,,,,,,,,,,
42:37.2,,,,,,,,,/IP_10_3_0_8/move_camera,2161
42:37.4,,,,,,,,,/IP_10_3_0_8/rosping_service,1710
42:38.0,,,,,,,,,,
42:38.7,,,0.995181433,-0.316947768,,,,,,
42:38.7,,,0.995181423,-0.316947628,,,,,,
42:38.7,,,0.995181423,-0.316947629,,,,,,
42:38.8,,,0.995181414,-0.316947506,,,,,,
42:38.8,,,0.995181406,-0.316947388,,,,,,
42:38.8,,,0.995181397,-0.316947276,,,,,,
42:38.8,,,1.003911565,-0.318778824,,,,,,
42:38.8,,,1.003911572,-0.318778612,,,,,,
42:38.9,,,1.003911588,-0.318778155,,,,,,
42:38.9,,,1.003911595,-0.318777944,,,,,,
42:38.9,,,,,9203.051758,,,,,
42:38.9,,,,,,33.23730469,,,,
42:39.0,88.4848,61.32,,,,,97.3,8.18737152,,
42:39.0,,,,,9950.807617,,,,,
42:39.0,,,,,,47.51074219,,,,
42:39.3,,,,,,,,,,
42:40.1,,,,,,,,,,
42:41.0,,,,,,,,,,
42:41.5,,,0.994400362,-0.352521146,,,,,,
42:41.6,,,0.994771361,-0.355503353,,,,,,
42:41.6,,,0.995552085,-0.361529751,,,,,,
42:41.6,,,0.996363257,-0.367397374,,,,,,
42:41.7,,,0.99723832,-0.373092955,,,,,,
42:41.7,,,0.998144328,-0.378686214,,,,,,
42:41.7,,,0.99915913,-0.384490958,,,,,,
42:41.7,,,1.000170581,-0.389914574,,,,,,
42:41.7,,,1.001784171,-0.398060422,,,,,,
42:41.7,,,1.002928225,-0.403340391,,,,,,
42:41.7,,,,,9638.032227,,,,,
42:41.7,,,,,,31.81835938,,,,
42:41.9,,,,,9685.180664,,,,,
42:41.9,,,,,,15.30957031,,,,
42:41.9,,,,,10755.83984,,,,,
42:41.9,,,,,,19.71191406,,,,
42:42.0,,,,,,,,,,
42:43.4,,,,,,,,,,
42:44.3,,,,,,,,,,
42:44.7,,,1.079904875,-0.56571545,,,,,,
42:44.7,,,1.080426193,-0.567775493,,,,,,
42:44.9,,,1.080930338,-0.569789129,,,,,,
42:44.9,,,1.081157465,-0.570693345,,,,,,
42:44.9,,,1.081478246,-0.571962397,,,,,,
42:44.9,,,1.081800749,-0.573227401,,,,,,
42:44.9,,,1.082097942,-0.574382404,,,,,,
42:44.9,,,1.082571381,-0.57620855,,,,,,
42:44.9,,,1.08291557,-0.577507856,,,,,,
42:44.9,,,1.083303221,-0.57894667,,,,,,
42:45.0,,,,,11696.18652,,,,,
42:45.0,,,,,,16.578125,,,,
42:45.0,,,,,,,,,,
42:45.2,88.4848,60.27,,,,,97.7,8.18737152,,
42:45.2,88.4848,60.27,,,,,100,8.18737152,,
42:45.2,,,,,11033.71875,,,,,
42:45.2,,,,,,33.34960938,,,,
42:45.2,,,,,,14.96972656,,,,
42:45.2,,,,,11113.82324,,,,,
42:46.0,,,,,,,,,,
42:47.0,,,,,,,,,,
42:47.4,,,1.094793623,-0.636525913,,,,,,
42:47.4,,,1.094901981,-0.636944721,,,,,,
42:47.4,,,1.092931979,-0.636675183,,,,,,
42:47.5,,,1.093078435,-0.637172896,,,,,,
42:47.5,,,1.093219923,-0.637660032,,,,,,
42:47.5,,,1.093430688,-0.638395595,,,,,,
42:47.5,,,1.093588668,-0.638963062,,,,,,
42:47.5,,,1.093721897,-0.639451523,,,,,,
42:47.5,,,1.093829747,-0.639853584,,,,,,
42:47.5,,,,,8222.727539,,,,,
42:47.5,,,,,,41.32226563,,,,
42:47.5,,,1.093893799,-0.640096437,,,,,,
42:47.7,,,,,10676.3457,,,,,
42:47.7,,,,,,41.27246094,,,,
42:47.7,,,,,12507.32617,,,,,
42:47.7,,,,,,28.48730469,,,,
42:48.0,,,,,,,,,,
42:49.4,,,,,,,,,,
42:49.9,,,,,,,,,,
42:50.2,,,1.086489756,-0.660397198,,,,,,
42:50.3,,,1.086489909,-0.660394067,,,,,,
42:50.3,,,1.086490044,-0.660391262,,,,,,
42:50.3,,,1.086490093,-0.660390245,,,,,,
42:50.4,,,1.086490178,-0.660388484,,,,,,
42:50.4,,,1.086490356,-0.660384752,,,,,,
42:50.4,,,1.086490524,-0.660381205,,,,,,
42:50.4,,,1.086490683,-0.660377843,,,,,,
42:50.4,,,1.086490747,-0.660376535,,,,,,
42:50.4,,,1.086490835,-0.660374698,,,,,,
42:50.5,,,,,11690.18066,,,,,
42:50.5,,,,,,14.98339844,,,,
42:50.5,88.4848,60.49,,,,,97.8,8.18737152,,
42:50.5,,,,,10274.17969,,,,,
42:50.5,,,,,,14.09570313,,,,
42:50.5,,,,,12574.2832,,,,,
42:50.5,,,,,,15.84375,,,,
42:51.0,,,,,,,,,,
42:52.0,,,,,,,,,,
42:53.0,,,,,,,,,,
42:53.1,,,1.079368599,-0.766919888,,,,,,
42:53.1,,,1.078627157,-0.773840041,,,,,,
42:53.1,,,1.077570658,-0.783482212,,,,,,
42:53.1,,,1.07653323,-0.792797704,,,,,,
42:53.2,,,1.076069803,-0.796870499,,,,,,
42:53.2,,,1.075312741,-0.803496763,,,,,,
42:53.3,,,1.074128529,-0.813658943,,,,,,
42:53.3,,,1.073419854,-0.819600644,,,,,,
42:53.3,,,1.088398332,-0.756108381,,,,,,
42:53.3,,,1.088032945,-0.759194627,,,,,,
42:53.5,,,,,12201.36328,,,,,
42:53.5,,,,,,26.86230469,,,,
42:53.5,88.4848,60.42,,,,,97,8.18737152,,
42:53.5,,,,,11905.32324,,,,,
42:53.5,,,,,,15.890625,,,,
42:53.5,88.4848,60.42,,,,,95.2,8.18737152,,
42:54.2,,,,,,,,,,
42:55.0,,,,,,,,,,
42:56.2,,,1.046635814,-1.062811439,,,,,,
42:56.2,,,,,8947.724609,,,,,
42:56.2,,,,,,39.39941406,,,,
42:56.2,,,1.046287655,-1.06521422,,,,,,
42:56.2,,,1.04611187,-1.066467436,,,,,,
42:56.2,,,1.04587187,-1.068236354,,,,,,
42:56.2,,,1.045550368,-1.070720606,,,,,,
42:56.3,,,1.04521339,-1.073439562,,,,,,
42:56.3,,,1.045138168,-1.074055972,,,,,,
42:56.3,,,1.044957745,-1.075584843,,,,,,
42:56.3,,,1.044792994,-1.077034282,,,,,,
42:56.4,,,1.044583802,-1.078973984,,,,,,
42:56.4,,,,,,,,,,
42:56.4,,,,,8416.330078,,,,,
42:56.4,,,,,,51.42578125,,,,
42:56.4,,,,,8546.338867,,,,,
42:56.4,,,,,,29.06933594,,,,
42:57.8,,,,,,,,,,
42:58.0,,,,,,,,,,
42:58.7,,,,,9078.662109,,,,,
42:58.7,,,,,,16.23828125,,,,
42:58.7,,,1.049344816,-1.125393625,,,,,,
42:58.7,,,1.049301363,-1.125714534,,,,,,
42:58.7,,,1.049265815,-1.125978904,,,,,,
42:58.8,,,1.049222315,-1.126311074,,,,,,
42:58.8,,,1.049174245,-1.126680994,,,,,,
42:58.8,,,1.049118971,-1.127128118,,,,,,
42:58.8,,,1.049079579,-1.127435033,,,,,,
42:58.8,,,1.048985437,-1.128177553,,,,,,
42:58.8,,,1.048925833,-1.128640099,,,,,,
42:58.8,,,1.048865838,-1.12910876,,,,,,
42:58.9,,,,,,,,,,
42:59.7,88.4848,60.04,,,,,98,8.18737152,,
42:59.7,,,,,5267.777344,,,,,
42:59.7,,,,,,33.4375,,,,
42:59.7,,,,,6530.547852,,,,,
42:59.7,,,,,,17.54296875,,,,
42:59.9,,,,,,,,,,
43:01.0,,,,,,,,,,
43:01.3,,,1.05344512,-1.137166368,,,,,,
43:01.3,,,1.053434594,-1.137225158,,,,,,
43:01.3,,,1.05340586,-1.137392616,,,,,,
43:01.3,,,1.053381784,-1.137539581,,,,,,
43:01.3,,,1.053362025,-1.137655549,,,,,,
43:01.4,,,1.0563761,-1.145420467,,,,,,
43:01.4,,,1.056313002,-1.145751939,,,,,,
43:01.4,,,1.056244249,-1.146125728,,,,,,
43:01.4,,,1.056211676,-1.146320537,,,,,,
43:01.4,,,1.056217271,-1.146284783,,,,,,
43:01.4,,,,,7789.083008,,,,,
43:01.4,,,,,,29.24316406,,,,
43:01.6,,,,,6397.15332,,,,,
43:01.6,,,,,,15.39257813,,,,
43:01.6,,,,,6821.987305,,,,,
43:01.6,,,,,,33.59765625,,,,
43:01.9,,,,,,,,,,
43:02.7,,,,,,,,,/IP_10_3_0_8/trolley_docking_service,24537
43:02.9,,,,,,,,,/IP_10_3_0_8/rosping_service,9053
43:02.9,,,,,,,,,,
43:03.5,,,1.054288675,-1.139962791,,,,,,
43:03.5,,,1.054288732,-1.139962006,,,,,,
43:03.5,,,1.053425342,-1.146851082,,,,,,
43:03.5,,,1.053425451,-1.146849731,,,,,,
43:03.5,,,1.053425546,-1.146848545,,,,,,
43:03.5,,,1.053425649,-1.146847271,,,,,,
43:03.5,,,1.053425853,-1.146844756,,,,,,
43:03.5,,,1.053425936,-1.146843724,,,,,,
43:03.6,,,1.053425968,-1.14684332,,,,,,
43:03.6,,,1.053426048,-1.146842323,,,,,,
43:03.7,,,,,8550.375977,,,,,
43:03.7,,,,,,40.24121094,,,,
43:03.8,88.4848,60.66,,,,,97.2,8.18737152,,
43:03.8,,,,,8609.78125,,,,,
43:03.8,,,,,,38.36621094,,,,
43:03.8,88.4848,60.66,,,,,88.9,8.18737152,,
43:03.9,,,,,,,,,,
43:04.9,,,,,,,,,,
43:05.6,,,1.037435293,-1.147865533,,,,,,
43:05.6,,,1.037435292,-1.147865488,,,,,,
43:05.6,,,1.037435294,-1.147865254,,,,,,
43:05.6,,,1.037435299,-1.147864636,,,,,,
43:05.6,,,1.054065606,-1.147862279,,,,,,
43:05.7,,,1.054065628,-1.147862121,,,,,,
43:05.7,,,1.05406565,-1.147861966,,,,,,
43:05.7,,,1.054065671,-1.147861817,,,,,,
43:05.7,,,1.054065692,-1.147861672,,,,,,
43:05.8,,,1.054065787,-1.147861017,,,,,,
43:05.8,,,,,8671.484375,,,,,
43:05.8,,,,,,15.35742188,,,,
43:05.9,,,,,9216.702148,,,,,
43:05.9,,,,,,15.84765625,,,,
43:05.9,,,,,,,,,,
43:06.9,,,,,,,,,,
43:07.7,,,1.034511868,-1.147583393,,,,,,
43:07.7,,,1.034511838,-1.147583254,,,,,,
43:07.8,,,1.034511846,-1.147583291,,,,,,
43:07.8,,,1.034511831,-1.147583224,,,,,,
43:07.8,,,1.034511828,-1.147583212,,,,,,
43:07.8,,,1.034511816,-1.147583154,,,,,,
43:07.8,,,1.034511804,-1.147583099,,,,,,
43:07.8,,,1.034511765,-1.147582921,,,,,,
43:07.9,,,1.034511775,-1.147582969,,,,,,
43:07.9,,,1.034511747,-1.147582838,,,,,,
43:07.9,,,,,8882.209961,,,,,
43:07.9,,,,,,16.22753906,,,,
43:07.9,,,,,,,,,,
43:08.6,,,,,8750.943359,,,,,
43:08.6,,,,,,29.7421875,,,,
43:08.9,,,,,,,,,,
43:09.9,,,1.051240438,-1.14814085,,,,,,
43:10.0,,,1.051240441,-1.148140846,,,,,,
43:10.0,,,,,,,,,,
43:10.1,,,1.051240464,-1.14814082,,,,,,
43:10.1,,,1.051240473,-1.14814081,,,,,,
43:10.1,,,1.051240481,-1.1481408,,,,,,
43:10.1,,,1.05124049,-1.14814079,,,,,,
43:10.1,,,1.051240498,-1.14814078,,,,,,
43:10.1,,,1.051240506,-1.148140772,,,,,,
43:10.1,,,,,8608.53125,,,,,
43:10.1,,,,,,22.03222656,,,,
43:10.4,88.4848,60.19,,,,,96.6,8.18737152,,
43:10.4,,,,,8933.183594,,,,,
43:10.4,,,,,,35.89453125,,,,
43:10.9,,,1.051240444,-1.148140843,,,,,,
43:10.9,,,1.051240454,-1.148140831,,,,,,
43:11.0,,,,,,,,,,
43:12.3,,,,,,,,,,
43:12.7,,,1.040835535,-1.138181231,,,,,,
43:12.7,,,1.04083553,-1.138181225,,,,,,
43:12.7,,,1.04083552,-1.138181213,,,,,,
43:12.8,,,1.040835511,-1.138181203,,,,,,
43:12.8,,,,,,41.71875,,,,
43:12.8,,,,,8531.685547,,,,,
43:12.8,,,1.040835502,-1.138181193,,,,,,
43:12.8,,,1.040835494,-1.138181184,,,,,,
43:12.8,,,1.040835482,-1.13818117,,,,,,
43:12.8,,,1.040838792,-1.138136716,,,,,,
43:12.8,,,1.040838785,-1.138136712,,,,,,
43:12.8,,,1.040838778,-1.138136709,,,,,,
43:12.9,,,,,,,,,,
43:13.3,85.6061,60.34,,,,,96.8,8.18737152,,
43:13.3,,,,,7334.413086,,,,,
43:13.3,,,,,,26.1796875,,,,
43:13.3,85.6061,60.34,,,,,94.7,8.18737152,,
43:13.3,,,,,8399.919922,,,,,
43:13.3,,,,,,15.18652344,,,,
43:13.9,,,,,,,,,,
43:14.2,,,,,,,,,/IP_10_3_0_8/grab_trolley,11462
43:15.0,,,,,,,,,,
43:15.2,,,1.039281548,-1.121192081,,,,,,
43:15.2,,,1.039281538,-1.121192001,,,,,,
43:15.2,,,1.03928154,-1.12119202,,,,,,
43:15.3,,,1.039281536,-1.121191988,,,,,,
43:15.3,,,1.039281533,-1.121191965,,,,,,
43:15.3,,,1.039281527,-1.121191921,,,,,,
43:15.3,,,1.039281527,-1.121191921,,,,,,
43:15.3,,,1.039281524,-1.121191901,,,,,,
43:15.4,,,1.039281517,-1.121191845,,,,,,
43:15.4,,,,,7878.637695,,,,,
43:15.4,,,,,,24.87695313,,,,
43:15.4,,,1.039281515,-1.12119183,,,,,,
43:15.4,,,,,8299.029297,,,,,
43:15.4,,,,,,14.61914063,,,,
43:16.3,,,,,,,,,,
43:16.4,,,,,,,,,/IP_10_3_0_8/move_camera,2212
43:17.0,,,,,,,,,,
43:17.6,,,,,8344.092773,,,,,
43:17.6,,,,,,34.78417969,,,,
43:17.7,,,1.055143789,-1.046946608,,,,,,
43:17.7,,,1.056040063,-1.03752095,,,,,,
43:17.7,,,1.056932774,-1.028091843,,,,,,
43:17.7,,,1.053042546,-1.131355041,,,,,,
43:17.7,,,1.053910849,-1.121876519,,,,,,
43:17.7,,,1.05476974,-1.112463986,,,,,,
43:17.7,,,1.055641412,-1.102873062,,,,,,
43:17.7,,,1.056500813,-1.093405537,,,,,,
43:17.7,,,1.057776057,-1.079331555,,,,,,
43:17.8,,,1.058879337,-1.067083182,,,,,,
43:17.8,,,,,7175.524414,,,,,
43:17.8,,,,,,14.53515625,,,,
43:17.9,,,,,7245.385742,,,,,
43:17.9,,,,,,53.40917969,,,,
43:17.9,,,,,,,,,,
43:18.5,,,,,,,,,/IP_10_3_0_8/reverse_robot,2109
43:18.9,,,,,,,,,,
43:19.5,,,1.078523105,-0.755897087,,,,,,
43:19.5,,,1.07926394,-0.748625055,,,,,,
43:19.6,,,1.080721697,-0.736236166,,,,,,
43:19.6,,,1.082034418,-0.726529085,,,,,,
43:19.6,,,1.083636077,-0.715871807,,,,,,
43:19.7,,,1.085537848,-0.704651103,,,,,,
43:19.7,,,1.087881663,-0.692473996,,,,,,
43:19.7,,,1.090388223,-0.680860414,,,,,,
43:19.7,,,1.093169713,-0.669215478,,,,,,
43:19.8,,,1.095858409,-0.658677595,,,,,,
43:19.8,,,,,8491.132813,,,,,
43:19.8,,,,,,40.83398438,,,,
43:19.8,85.6061,60.16,,,,,97.6,8.18737152,,
43:19.9,,,,,10280.32129,,,,,
43:19.9,,,,,,37.15527344,,,,
43:19.9,,,,,,,,,,
43:20.9,,,,,,,,,,
43:21.7,,,1.088680684,-0.442220132,,,,,,
43:21.7,,,1.080273275,-0.446318522,,,,,,
43:21.8,,,1.070866654,-0.450660484,,,,,,
43:21.8,,,1.061219789,-0.454943639,,,,,,
43:21.8,,,1.050269082,-0.459581728,,,,,,
43:21.9,,,1.039233839,-0.464013566,,,,,,
43:21.9,,,1.027381487,-0.468542449,,,,,,
43:21.9,,,1.007781339,-0.475612086,,,,,,
43:21.9,,,0.99117505,-0.481070924,,,,,,
43:21.9,,,0.979466461,-0.484590355,,,,,,
43:21.9,,,,,,,,,,
43:22.1,,,,,9097.878906,,,,,
43:22.1,,,,,,20.08984375,,,,
43:22.8,,,,,10948.50391,,,,,
43:22.8,,,,,,27.71289063,,,,
43:22.9,,,,,,,,,,
43:24.0,,,,,,,,,,
43:24.3,,,0.294229766,-0.305905066,,,,,,
43:24.3,,,0.271665598,-0.294289403,,,,,,
43:24.4,,,0.256395282,-0.285824585,,,,,,
43:24.4,,,0.241864378,-0.277338118,,,,,,
43:24.4,,,0.227102981,-0.268316557,,,,,,
43:24.4,,,0.212694533,-0.259070164,,,,,,
43:24.4,,,0.19837953,-0.249452086,,,,,,
43:24.4,,,0.183766396,-0.239282519,,,,,,
43:24.4,,,,,10451.86621,,,,,
43:24.4,,,,,,20.42578125,,,,
43:24.4,,,0.169935771,-0.229155104,,,,,,
43:24.4,,,0.149187521,-0.213261506,,,,,,
43:24.5,88.4848,60.61,,,,,96,8.18737152,,
43:24.5,88.4848,60.61,,,,,89.5,8.18737152,,
43:24.6,,,,,9306.316406,,,,,
43:24.6,,,,,,31.44726563,,,,
43:24.6,,,,,6831.984375,,,,,
43:24.6,,,,,,17.05078125,,,,
43:24.9,,,,,,,,,,
43:25.9,,,,,,,,,,
43:26.5,,,-0.101079133,-0.012251852,,,,,,
43:26.5,,,-0.097850917,-0.015143738,,,,,,
43:26.5,,,-0.09490509,-0.01773143,,,,,,
43:26.6,,,-0.091695808,-0.020469578,,,,,,
43:26.6,,,-0.087479972,-0.023983606,,,,,,
43:26.7,,,-0.084840751,-0.026116628,,,,,,
43:26.7,,,-0.171383206,0.045470305,,,,,,
43:26.7,,,-0.168742891,0.043167236,,,,,,
43:26.7,,,-0.165836404,0.040727186,,,,,,
43:26.7,,,-0.163435707,0.038800297,,,,,,
43:26.8,,,,,7972.632813,,,,,
43:26.8,,,,,,33.97851563,,,,
43:26.8,,,,,6797.821289,,,,,
43:26.8,,,,,,46.65234375,,,,
43:26.9,,,,,,,,,,
43:27.9,,,,,,,,,,
43:28.9,,,,,,,,,,
43:29.1,,,-0.01362187,-0.003292243,,,,,,
43:29.1,,,,,11989.76367,,,,,
43:29.1,,,,,,30.21972656,,,,
43:29.2,88.4848,60.25,,,,,94.8,8.18737152,,
43:29.2,,,,,9794.119141,,,,,
43:29.2,,,,,,16.90625,,,,
43:29.8,,,-0.038660404,-0.019448125,,,,,,
43:29.8,,,-0.038667489,-0.019447052,,,,,,
43:29.8,,,-0.013588512,-0.003291999,,,,,,
43:29.8,,,-0.013593569,-0.003292036,,,,,,
43:29.9,,,-0.013598643,-0.003292073,,,,,,
43:29.9,,,-0.013605552,-0.003292124,,,,,,
43:29.9,,,-0.013612072,-0.003292171,,,,,,
43:29.9,,,,,,,,,,
43:30.0,,,-0.013614118,-0.003292186,,,,,,
43:30.0,,,-0.013618094,-0.003292215,,,,,,
43:30.9,,,,,,,,,,
43:31.2,,,-0.003865107,-0.020946525,,,,,,
43:31.3,,,-0.003872981,-0.02094662,,,,,,
43:31.3,,,-0.003877351,-0.020946679,,,,,,
43:31.4,,,-0.003876655,-0.020946662,,,,,,
43:31.4,,,-0.003878528,-0.020946684,,,,,,
43:31.4,,,,,7137.935547,,,,,
43:31.4,,,,,,15.61035156,,,,
43:31.4,,,-0.003880307,-0.020946704,,,,,,
43:31.4,,,-0.00388211,-0.020946725,,,,,,
43:31.5,,,-0.00388371,-0.020946743,,,,,,
43:31.5,,,-0.003888994,-0.020946814,,,,,,
43:31.5,,,-0.003889042,-0.020946808,,,,,,
43:31.6,,,,,7845.053711,,,,,
43:31.6,,,,,,15.10449219,,,,
43:31.6,,,,,8545.450195,,,,,
43:31.6,,,,,,28.83007813,,,,
43:32.0,,,,,,,,,,
43:32.2,,,,,,,,,/IP_10_3_0_8/move_robot,13726
43:32.4,,,,,,,,,/IP_10_3_0_8/rosping_service,13025
43:32.9,,,,,,,,,,
43:33.6,,,0.001875781,0.001163675,,,,,,
43:33.7,,,0.001875715,0.001163678,,,,,,
43:33.7,,,0.00187531,0.001163696,,,,,,
43:33.7,,,0.001874876,0.001163714,,,,,,
43:33.7,,,0.001874483,0.001163731,,,,,,
43:33.7,,,0.001874119,0.001163747,,,,,,
43:33.8,,,0.001873733,0.001163764,,,,,,
43:33.8,,,0.001873637,0.001163769,,,,,,
43:33.8,,,0.001873608,0.00116377,,,,,,
43:33.8,,,0.001873538,0.001163774,,,,,,
43:33.9,88.4848,60.36,,,,,96.3,8.18737152,,
43:33.9,,,,,7934.640625,,,,,
43:33.9,,,,,,14.81640625,,,,
43:33.9,88.4848,60.36,,,,,94.7,8.18737152,,
43:33.9,,,,,,44.96777344,,,,
43:33.9,,,,,7613.477539,,,,,
43:33.9,,,,,,,,,,
43:34.6,,,,,,,,,/IP_10_3_0_8/trolley_parking_service,2312
43:34.9,,,,,,,,,,
43:36.0,,,,,,,,,,
43:36.2,,,-0.005756738,-0.010242929,,,,,,
43:36.2,,,-0.005756994,-0.010242958,,,,,,
43:36.2,,,-0.005757,-0.010242958,,,,,,
43:36.2,,,-0.005757277,-0.010242989,,,,,,
43:36.2,,,-0.00575739,-0.010243002,,,,,,
43:36.2,,,-0.005757403,-0.010243003,,,,,,
43:36.2,,,-0.005757494,-0.010243013,,,,,,
43:36.2,,,-0.005757724,-0.010243039,,,,,,
43:36.2,,,-0.005757944,-0.010243064,,,,,,
43:36.2,,,-0.005758104,-0.010243082,,,,,,
43:36.2,,,,,8940.330078,,,,,
43:36.2,,,,,,39.40429688,,,,
43:36.3,,,,,9119.157227,,,,,
43:36.3,,,,,,30.453125,,,,
43:36.9,,,,,,,,,,
43:38.3,,,,,,,,,,
43:38.6,,,0.00015328,-0.003163986,,,,,,
43:38.7,,,-0.006312623,-0.006152585,,,,,,
43:38.7,,,-0.006312635,-0.006152587,,,,,,
43:38.7,,,-0.006312646,-0.006152589,,,,,,
43:38.7,,,-0.006312751,-0.006152611,,,,,,
43:38.7,,,,,7819.408203,,,,,
43:38.7,,,,,,14.45410156,,,,
43:38.7,,,-0.006312804,-0.006152622,,,,,,
43:38.7,,,-0.006312821,-0.006152625,,,,,,
43:38.7,,,-0.006312838,-0.006152628,,,,,,
43:38.7,,,-0.006312876,-0.006152636,,,,,,
43:38.7,,,-0.006312911,-0.006152643,,,,,,
43:38.9,,,,,7731.766602,,,,,
43:38.9,,,,,,14.93261719,,,,
43:39.0,88.4848,60.33,,,,,96.6,8.18737152,,
43:39.0,,,,,6974.793945,,,,,
43:39.0,,,,,,20.4453125,,,,
43:39.0,,,,,,,,,,
43:40.0,,,,,,,,,,
43:40.9,,,,,,,,,,
43:41.3,,,,,6435.75,,,,,
43:41.3,,,,,,14.98144531,,,,
43:41.5,,,0.003915151,-0.006557457,,,,,,
43:41.5,,,0.00391515,-0.006557456,,,,,,
43:41.6,,,0.003915152,-0.006557458,,,,,,
43:41.6,,,0.003915155,-0.006557459,,,,,,
43:41.6,,,0.003915155,-0.006557459,,,,,,
43:41.7,,,0.003915155,-0.006557459,,,,,,
43:41.7,,,0.003915157,-0.006557461,,,,,,
43:41.7,,,0.006513201,-0.00073645,,,,,,
43:41.7,,,0.006513206,-0.000736444,,,,,,
43:41.8,,,0.006513211,-0.000736438,,,,,,
43:41.9,,,,,5674.073242,,,,,
43:41.9,,,,,,29.31445313,,,,
43:42.0,,,,,,,,,,
43:43.0,,,,,,,,,,
43:43.6,,,-0.007831102,-0.001366167,,,,,,
43:43.6,,,-0.007831147,-0.001366162,,,,,,
43:43.7,,,-0.007831158,-0.00136616,,,,,,
43:43.7,,,-0.00783116,-0.00136616,,,,,,
43:43.7,,,,,7991.31543,,,,,
43:43.7,,,,,,32.96386719,,,,
43:43.8,,,-0.00783117,-0.001366159,,,,,,
43:43.8,,,-0.00783118,-0.001366158,,,,,,
43:43.8,,,-0.007831188,-0.001366156,,,,,,
43:43.8,,,-0.007831197,-0.001366155,,,,,,
43:43.8,,,-0.007831205,-0.001366154,,,,,,
43:43.8,,,-0.007831227,-0.001366152,,,,,,
43:43.9,88.4848,60.17,,,,,96.3,8.18737152,,
43:43.9,,,,,7126.46582,,,,,
43:43.9,,,,,,40.16308594,,,,
43:43.9,88.4848,60.17,,,,,100,8.18737152,,
43:43.9,,,,,6719.821289,,,,,
43:43.9,,,,,,26.90234375,,,,
43:43.9,,,,,,,,,,
43:44.9,,,,,,,,,,
43:46.2,,,,,,,,,,
43:46.3,,,0.092182739,-0.001130589,,,,,,
43:46.5,,,,,7766.712891,,,,,
43:46.5,,,,,,15.72460938,,,,
43:46.5,,,0.106891578,-0.001230269,,,,,,
43:46.5,,,0.116474665,-0.00129892,,,,,,
43:46.5,,,0.126572785,-0.001376827,,,,,,
43:46.5,,,0.13584181,-0.001447631,,,,,,
43:46.5,,,,,7400.800781,,,,,
43:46.5,,,,,,19.39257813,,,,
43:46.5,,,0.150253879,-0.00155986,,,,,,
43:46.5,,,0.164502656,-0.001677349,,,,,,
43:46.5,,,0.169282018,-0.001719139,,,,,,
43:46.5,,,0.179217392,-0.001808727,,,,,,
43:46.5,,,,,6754.545898,,,,,
43:46.6,,,,,,14.1015625,,,,
43:46.6,,,0.059588887,-0.001227219,,,,,,
43:47.0,,,,,,,,,,
43:47.2,,,,,,,,,/IP_10_3_0_8/reverse_robot,2413
43:47.9,,,,,,,,,,
43:48.4,,,0.370410114,0.001147408,,,,,,
43:48.4,,,0.378881843,0.002391186,,,,,,
43:48.4,,,0.393145035,0.004978358,,,,,,
43:48.5,,,0.408787408,0.008394501,,,,,,
43:48.5,,,0.414228266,0.009704642,,,,,,
43:48.5,,,0.419934215,0.011156525,,,,,,
43:48.6,,,0.510806025,0.018132883,,,,,,
43:48.6,,,0.531475146,0.019263723,,,,,,
43:48.6,,,0.538948407,0.019890464,,,,,,
43:48.6,,,0.553837786,0.021494527,,,,,,
43:48.8,,,,,6172.082031,,,,,
43:48.8,,,,,,36.13476563,,,,
43:48.9,,,,,,25.35839844,,,,
43:48.9,,,,,4524.53418,,,,,
43:48.9,,,,,,,,,,
43:50.0,,,,,,,,,,
43:50.8,,,0.698265765,0.007326787,,,,,,
43:50.8,,,0.694682013,-0.006268044,,,,,,
43:50.8,88.4848,60.42,,,,,96.8,8.18737152,,
43:50.8,,,0.691398756,-0.020371037,,,,,,
43:50.8,,,0.786001402,0.117129656,,,,,,
43:50.8,,,0.784012076,0.108624845,,,,,,
43:50.8,,,0.782267441,0.10031497,,,,,,
43:50.8,,,0.780926568,0.092952062,,,,,,
43:50.8,,,0.779740525,0.08505857,,,,,,
43:50.8,,,0.778191947,0.072753384,,,,,,
43:50.8,,,0.777369215,0.058741241,,,,,,
43:50.9,,,,,,,,,,
43:51.0,,,,,8963.797852,,,,,
43:51.0,,,,,,43.27148438,,,,
43:51.4,,,,,4563.996094,,,,,
43:51.4,,,,,,43.68945313,,,,
43:51.9,,,,,,,,,,
43:52.7,,,0.875108968,-0.181005558,,,,,,
43:52.7,,,0.874500991,-0.178881934,,,,,,
43:52.7,,,0.874208762,-0.17779173,,,,,,
43:52.7,,,1.027225153,-0.336943907,,,,,,
43:52.8,,,1.024350663,-0.332931429,,,,,,
43:52.8,,,1.020895805,-0.327759082,,,,,,
43:52.8,,,1.019352986,-0.325338767,,,,,,
43:52.8,,,1.016432777,-0.320646729,,,,,,
43:52.8,,,1.013189987,-0.315138113,,,,,,
43:52.9,,,1.009779649,-0.308978244,,,,,,
43:52.9,,,,,6295.173828,,,,,
43:52.9,,,,,,31.22167969,,,,
43:53.0,,,,,,,,,,
43:53.6,85.6061,60.16,,,,,97,8.18737152,,
43:53.6,,,,,6812.359375,,,,,
43:53.6,,,,,,17.1171875,,,,
43:53.7,85.6061,60.16,,,,,100,8.18737152,,
43:54.0,,,,,,,,,,
43:55.0,,,,,,,,,,
43:55.4,,,0.991612208,-0.230458727,,,,,,
43:55.4,,,0.991611956,-0.230456021,,,,,,
43:55.5,,,0.991611603,-0.230452234,,,,,,
43:55.6,,,0.991611381,-0.230449847,,,,,,
43:55.6,,,0.991611171,-0.230447583,,,,,,
43:55.6,,,0.991610553,-0.230441136,,,,,,
43:55.6,,,0.991610372,-0.23043919,,,,,,
43:55.6,,,0.991610201,-0.230437344,,,,,,
43:55.6,,,0.991610038,-0.230435588,,,,,,
43:55.6,,,0.991609507,-0.230430051,,,,,,
43:55.6,,,,,5756.853516,,,,,
43:55.6,,,,,,17.70019531,,,,
43:55.7,,,,,4382.125977,,,,,
43:55.7,,,,,,18.18945313,,,,
43:55.7,,,,,3736.208984,,,,,
43:55.7,,,,,,28.20605469,,,,
43:55.8,,,,,,,,,/IP_10_3_0_8/move_robot,8795
43:55.9,,,,,,,,,,
43:55.9,,,,,,,,,/IP_10_3_0_8/rosping_service,7038
43:56.9,,,0.997770822,-0.26412552,,,,,,
43:56.9,,,,,,,,,,
43:56.9,,,0.997770814,-0.264125423,,,,,,
43:56.9,,,0.997770802,-0.264125285,,,,,,
43:56.9,,,0.997770646,-0.264123535,,,,,,
43:56.9,,,0.997770498,-0.264121861,,,,,,
43:56.9,,,0.997770358,-0.264120291,,,,,,
43:56.9,,,0.997769956,-0.264115758,,,,,,
43:56.9,,,0.997769838,-0.264114431,,,,,,
43:56.9,,,0.997769834,-0.264114389,,,,,,
43:57.0,,,0.997769753,-0.264113472,,,,,,
43:57.1,,,,,3520.865234,,,,,
43:57.1,,,,,,30.07324219,,,,
43:57.9,,,,,,,,,,
43:58.5,,,0.995061857,-0.264200458,,,,,,
43:58.5,,,0.995061597,-0.264197622,,,,,,
43:58.5,,,0.995061462,-0.264196152,,,,,,
43:58.6,,,0.995061447,-0.264195995,,,,,,
43:58.6,,,0.99506189,-0.264200686,,,,,,
43:58.6,,,0.995081096,-0.264405302,,,,,,
43:58.6,,,,,5275.124023,,,,,
43:58.6,,,,,,36.43066406,,,,
43:58.6,,,0.995235293,-0.266051632,,,,,,
43:58.6,,,0.995428465,-0.268110834,,,,,,
43:58.6,,,0.995801496,-0.272250012,,,,,,
43:58.6,,,0.996311049,-0.27824966,,,,,,
43:58.8,,,,,4981.073242,,,,,
43:58.8,,,,,,42.125,,,,
43:58.9,,,,,,,,,,
43:59.8,,,,,,,,,,
44:00.0,85.6061,59.87,,,,,97,8.18737152,,
44:00.2,,,,,4933.958984,,,,,
44:00.2,,,,,,29.85644531,,,,
44:00.3,,,1.009328103,-0.453888314,,,,,,
44:00.3,,,1.010003392,-0.468251342,,,,,,
44:00.4,,,1.010664475,-0.482694769,,,,,,
44:00.5,,,1.011609072,-0.504141474,,,,,,
44:00.5,,,1.012472455,-0.525159734,,,,,,
44:00.6,,,1.013008573,-0.539301921,,,,,,
44:00.6,,,1.01384123,-0.561862022,,,,,,
44:00.6,,,1.014039124,-0.567496262,,,,,,
44:00.7,,,1.014689535,-0.586859526,,,,,,
44:00.7,,,1.015414872,-0.60923626,,,,,,
44:00.9,,,,,,,,,,
44:01.4,,,1.023138429,-0.770558633,,,,,,
44:01.5,,,1.023280132,-0.778311027,,,,,,
44:01.5,,,,,6097.254883,,,,,
44:01.5,,,,,,18.83300781,,,,
44:01.5,,,1.023324633,-0.780862209,,,,,,
44:01.5,,,1.023403117,-0.785503242,,,,,,
44:01.6,,,1.023479431,-0.790216117,,,,,,
44:01.6,,,1.023577,-0.796404729,,,,,,
44:01.6,,,1.023630474,-0.800051864,,,,,,
44:01.6,,,1.023732197,-0.80721973,,,,,,
44:01.6,,,1.02383622,-0.81418407,,,,,,
44:01.7,,,1.023927175,-0.820042,,,,,,
44:01.8,,,,,7364.478516,,,,,
44:01.8,,,,,,24.98242188,,,,
44:01.9,,,,,,,,,,
44:02.9,,,,,,,,,,
44:03.1,,,1.030097615,-1.076867954,,,,,,
44:03.2,,,1.030199723,-1.081957926,,,,,,
44:03.2,,,1.030262525,-1.084948645,,,,,,
44:03.2,,,1.030284556,-1.085973636,,,,,,
44:03.2,,,1.030352353,-1.08905847,,,,,,
44:03.3,,,1.030371352,-1.089895166,,,,,,
44:03.3,,,1.03042942,-1.092437458,,,,,,
44:03.3,,,1.030478164,-1.094490228,,,,,,
44:03.3,,,1.030480961,-1.094570657,,,,,,
44:03.4,,,,,7227.216797,,,,,
44:03.4,,,,,,19.02832031,,,,
44:03.5,85.6061,60.19,,,,,98.8,8.18737152,,
44:03.5,85.6061,60.19,,,,,93.3,8.18737152,,
44:03.9,,,,,,,,,,
44:03.9,,,1.030057334,-1.074769605,,,,,,
44:04.9,,,,,,,,,,
44:05.6,,,1.046570379,-1.13867414,,,,,,
44:05.6,,,,,5161.061523,,,,,
44:05.6,,,,,,32.76269531,,,,
44:05.6,,,1.046564735,-1.138611599,,,,,,
44:05.6,,,1.046551713,-1.138465435,,,,,,
44:05.6,,,1.046550288,-1.138449361,,,,,,
44:05.6,,,1.046543941,-1.138375169,,,,,,
44:05.6,,,1.046556738,-1.138522969,,,,,,
44:05.7,,,1.046565868,-1.138629784,,,,,,
44:05.7,,,1.046579471,-1.138794721,,,,,,
44:05.7,,,1.046579916,-1.13879873,,,,,,
44:05.7,,,1.046578451,-1.138778829,,,,,,
44:05.8,,,,,5942.723633,,,,,
44:05.8,,,,,,17.70507813,,,,
44:05.8,,,,,4516.25,,,,,
44:05.8,,,,,,36.21972656,,,,
44:05.9,,,,,,,,,,
44:06.9,,,,,,,,,,
44:06.9,,,1.047933142,-1.142477133,,,,,,
44:06.9,,,1.047937075,-1.142530116,,,,,,
44:07.0,,,1.047933633,-1.142480778,,,,,,
44:07.0,,,1.047942119,-1.14260688,,,,,,
44:07.0,,,1.047941096,-1.142592784,,,,,,
44:07.0,,,1.047943591,-1.142633462,,,,,,
44:07.2,,,1.047936835,-1.142515918,,,,,,
44:07.6,,,1.04793424,-1.142467726,,,,,,
44:07.6,,,1.047940094,-1.142579707,,,,,,
44:07.7,,,1.047939154,-1.142565686,,,,,,
44:07.9,,,,,5923.423828,,,,,
44:07.9,,,,,,42.91601563,,,,
44:07.9,,,,,,,,,,
44:08.6,,,1.044851123,-1.144589426,,,,,,
44:08.6,,,1.044851197,-1.144587492,,,,,,
44:08.6,,,1.044851278,-1.14458546,,,,,,
44:08.6,,,1.035338768,-1.143141289,,,,,,
44:08.6,,,1.035338806,-1.143140688,,,,,,
44:08.6,,,,,6480.936523,,,,,
44:08.7,,,,,,32.88085938,,,,
44:08.7,,,1.035338844,-1.1431401,,,,,,
44:08.7,,,1.035339205,-1.143134741,,,,,,
44:08.7,,,1.035339376,-1.14313215,,,,,,
44:08.7,,,1.035339404,-1.143131712,,,,,,
44:08.7,,,1.03533946,-1.14313082,,,,,,
44:08.8,,,,,5549.295898,,,,,
44:08.8,,,,,,16.8515625,,,,
44:08.8,85.6061,59.87,,,,,98.2,8.18737152,,
44:08.9,,,,,,,,,,
44:08.9,,,,,,,,,/IP_10_3_0_8/trolley_parking_service,13074
44:09.9,,,,,,,,,,
44:10.2,,,1.042205099,-1.132257316,,,,,,
44:10.2,,,1.042205115,-1.13225711,,,,,,
44:10.2,,,1.042205141,-1.132256762,,,,,,
44:10.2,,,1.042205207,-1.132255931,,,,,,
44:10.3,,,1.042205269,-1.132255143,,,,,,
44:10.3,,,1.042205328,-1.132254394,,,,,,
44:10.3,,,1.042205387,-1.132253637,,,,,,
44:10.3,,,1.042205515,-1.132252031,,,,,,
44:10.3,,,1.042205569,-1.132251334,,,,,,
44:10.3,,,1.042205575,-1.132251254,,,,,,
44:10.3,,,,,5047.630859,,,,,
44:10.3,,,,,,26.17773438,,,,
44:10.9,,,,,,,,,,
44:11.4,,,,,6119.248047,,,,,
44:11.4,,,,,,19.328125,,,,
44:11.4,,,1.042206154,-1.13224382,,,,,,
44:11.5,,,1.042206169,-1.132243631,,,,,,
44:11.5,,,1.02772506,-1.139719848,,,,,,
44:11.5,,,1.027725082,-1.139718744,,,,,,
44:11.5,,,1.027725087,-1.139718357,,,,,,
44:11.5,,,1.027725089,-1.139718213,,,,,,
44:11.5,,,1.027725091,-1.139718071,,,,,,
44:11.5,,,1.027725103,-1.139717442,,,,,,
44:11.5,,,1.027725101,-1.139717476,,,,,,
44:11.5,,,1.027725103,-1.139717367,,,,,,
44:11.6,,,,,6761.300781,,,,,
44:11.6,,,,,,29.91796875,,,,
44:11.9,,,,,,,,,,
44:12.8,,,1.027725153,-1.13971439,,,,,,
44:12.8,,,1.027725155,-1.139714296,,,,,,
44:12.8,,,1.02772516,-1.139714018,,,,,,
44:12.8,,,1.035901487,-1.14121739,,,,,,
44:12.8,,,1.035901496,-1.141217315,,,,,,
44:12.8,,,1.035901516,-1.141217162,,,,,,
44:12.8,,,1.035901535,-1.141217018,,,,,,
44:12.9,,,1.035901553,-1.141216878,,,,,,
44:12.9,,,1.03590157,-1.141216749,,,,,,
44:12.9,,,,,,,,,,
44:12.9,,,1.035901586,-1.141216625,,,,,,
44:12.9,,,,,6651.800781,,,,,
44:12.9,,,,,,17.44726563,,,,
44:13.6,88.4848,60.55,,,,,96,8.18737152,,
44:13.6,88.4848,60.55,,,,,100,8.18737152,,
44:13.8,,,,,,,,,,
44:14.1,,,1.044886574,-1.13551211,,,,,,
44:14.1,,,,,6987.985352,,,,,
44:14.1,,,,,,43.52441406,,,,
44:14.1,,,1.044886612,-1.135512019,,,,,,
44:14.1,,,1.044886618,-1.135512004,,,,,,
44:14.7,,,1.035901802,-1.141214959,,,,,,
44:14.8,,,1.035901797,-1.141214995,,,,,,
44:14.8,,,1.035901802,-1.141214957,,,,,,
44:14.9,,,,,,,,,,
44:14.9,,,1.035901816,-1.141214848,,,,,,
44:14.9,,,1.035901811,-1.141214883,,,,,,
44:14.9,,,1.035901815,-1.141214851,,,,,,
44:14.9,,,1.044886496,-1.135512298,,,,,,
44:15.6,,,1.04488702,-1.135511039,,,,,,
44:15.6,,,1.044887028,-1.135511019,,,,,,
44:15.6,,,,,7909.228516,,,,,
44:15.6,,,,,,43.86425781,,,,
44:15.6,,,1.044887036,-1.135511,,,,,,
44:15.6,,,1.044887044,-1.135510981,,,,,,
44:15.6,,,1.035488739,-1.141628918,,,,,,
44:15.6,,,1.035488728,-1.141628903,,,,,,
44:15.6,,,1.035488717,-1.141628886,,,,,,
44:15.6,,,1.035488697,-1.141628857,,,,,,
44:15.6,,,1.035488695,-1.141628855,,,,,,
44:15.6,,,1.035488673,-1.141628823,,,,,,
44:15.8,,,,,7568.445313,,,,,
44:15.8,,,,,,29.29296875,,,,
44:15.9,,,,,,,,,,
44:16.9,,,,,,,,,,
44:17.2,,,1.030149843,-1.138612833,,,,,,
44:17.2,,,1.030149799,-1.138612798,,,,,,
44:17.3,,,1.030149781,-1.138612784,,,,,,
44:17.3,,,1.030149774,-1.138612778,,,,,,
44:17.3,,,1.030149758,-1.138612766,,,,,,
44:17.3,,,1.030149743,-1.138612754,,,,,,
44:17.3,,,1.030149728,-1.138612742,,,,,,
44:17.3,,,1.030149692,-1.138612714,,,,,,
44:17.3,,,,,6559.368164,,,,,
44:17.3,,,,,,16.79785156,,,,
44:17.3,,,1.030149683,-1.138612707,,,,,,
44:17.3,,,1.030149668,-1.138612695,,,,,,
44:17.4,,,,,8180.253906,,,,,
44:17.4,,,,,,17.64941406,,,,
44:17.9,,,,,,,,,,
44:18.9,,,,,,,,,,
44:19.1,,,1.046114896,-1.134553566,,,,,,
44:19.1,,,1.046114903,-1.134553563,,,,,,
44:19.1,,,1.046114922,-1.134553554,,,,,,
44:19.1,,,1.046114943,-1.134553545,,,,,,
44:19.2,,,,,9115.095703,,,,,
44:19.2,,,,,,15.70605469,,,,
44:19.3,88.4848,59.63,,,,,97,8.18737152,,
44:19.6,,,1.046114708,-1.134553653,,,,,,
44:19.8,,,1.046114737,-1.13455364,,,,,,
44:19.8,,,1.046114765,-1.134553627,,,,,,
44:19.8,,,1.046114792,-1.134553614,,,,,,
44:19.9,,,1.046114817,-1.134553603,,,,,,
44:19.9,,,,,,,,,,
44:20.0,,,1.046114874,-1.134553576,,,,,,
44:21.0,,,,,,,,,,
44:21.5,,,1.043845501,-1.134812103,,,,,,
44:21.5,,,1.043845497,-1.134812094,,,,,,
44:21.6,,,1.043845493,-1.134812085,,,,,,
44:21.6,,,,,8938.15332,,,,,
44:21.6,,,,,,29.02539063,,,,
44:21.6,,,1.043845485,-1.134812068,,,,,,
44:21.6,,,1.043845485,-1.134812066,,,,,,
44:21.6,,,1.043845483,-1.134812062,,,,,,
44:21.6,,,1.04384548,-1.134812056,,,,,,
44:21.6,,,,,,,,,/IP_10_3_0_8/release_trolley,12718
44:21.6,,,1.043845476,-1.134812047,,,,,,
44:21.6,,,1.043845476,-1.134812047,,,,,,
44:21.6,,,1.043845473,-1.13481204,,,,,,
44:21.9,,,,,8699.688477,,,,,
44:21.9,,,,,,14.26074219,,,,
44:21.9,,,,,,,,,/IP_10_3_0_8/rosping_service,9552
44:21.9,,,,,10123.91895,,,,,
44:21.9,,,,,,33.38574219,,,,
44:22.0,,,,,,,,,,
44:23.0,,,,,,,,,,
44:23.9,,,,,,,,,,
44:24.3,,,1.059340471,-0.948928378,,,,,,
44:24.4,,,1.060208382,-0.939285096,,,,,,
44:24.4,,,1.052343909,-0.937853302,,,,,,
44:24.4,,,1.053637806,-0.923186354,,,,,,
44:24.4,,,1.054541981,-0.912945317,,,,,,
44:24.5,,,1.055415642,-0.903079205,,,,,,
44:24.5,,,1.056264442,-0.89353284,,,,,,
44:24.5,,,1.057171444,-0.88341453,,,,,,
44:24.5,,,1.058039043,-0.873694389,,,,,,
44:24.5,,,1.059281454,-0.859716022,,,,,,
44:24.5,,,,,8815.6875,,,,,
44:24.5,,,,,,50.10449219,,,,
44:24.6,88.4848,59.82,,,,,96.7,8.18737152,,
44:24.6,88.4848,59.82,,,,,94.1,8.18737152,,
44:24.6,,,,,6829.416992,,,,,
44:24.6,,,,,,43.02929688,,,,
44:24.6,,,,,9549.69043,,,,,
44:24.6,,,,,,16.34765625,,,,
44:25.0,,,,,,,,,,
44:25.5,,,,,,,,,/IP_10_3_0_8/reverse_robot,3368
44:26.0,,,,,,,,,,
44:26.9,,,,,,,,,,
44:27.9,,,1.268450863,-0.228046129,,,,,,
44:27.9,,,1.278615947,-0.225493563,,,,,,
44:28.0,,,1.28324626,-0.224490263,,,,,,
44:28.0,,,1.137849345,-0.297015806,,,,,,
44:28.0,,,,,,,,,,
44:28.1,,,1.140426372,-0.294409435,,,,,,
44:28.1,,,1.142400591,-0.292537768,,,,,,
44:28.1,,,1.144533012,-0.290625974,,,,,,
44:28.1,,,1.145673847,-0.289699828,,,,,,
44:28.1,,,1.145754633,-0.289647871,,,,,,
44:28.2,,,1.145453576,-0.289859799,,,,,,
44:28.3,,,,,10932.49121,,,,,
44:28.3,,,,,,14.68164063,,,,
44:28.4,,,,,10623.07617,,,,,
44:28.4,,,,,,24.21484375,,,,
44:28.4,,,,,8933.008789,,,,,
44:28.4,,,,,,49.07324219,,,,
44:29.0,,,,,,,,,,
44:30.0,,,,,,,,,,
44:30.4,,,1.117389054,0.142489856,,,,,,
44:30.4,,,1.104013722,0.175860336,,,,,,
44:30.5,,,1.099394453,0.187407886,,,,,,
44:30.5,,,1.090055539,0.210842178,,,,,,
44:30.5,,,1.080573973,0.234670317,,,,,,
44:30.6,,,1.071063394,0.258584849,,,,,,
44:30.6,,,1.061520884,0.282620061,,,,,,
44:30.6,,,1.051795935,0.307029719,,,,,,
44:30.6,,,1.191687792,0.179132805,,,,,,
44:30.6,,,,,9022.527344,,,,,
44:30.6,,,,,,18.91601563,,,,
44:30.6,,,1.187194422,0.206033597,,,,,,
44:30.7,88.4848,60.06,,,,,97.1,8.18737152,,
44:30.8,,,,,11336.89746,,,,,
44:30.8,,,,,,39.37792969,,,,
44:30.8,,,,,10681.81445,,,,,
44:30.8,,,,,,45.50292969,,,,
44:31.0,,,,,,,,,,
44:31.9,,,,,,,,,,
44:32.9,,,0.963030198,1.21335142,,,,,,
44:32.9,,,0.962224999,1.217381513,,,,,,
44:32.9,,,,,,,,,,
44:33.1,,,0.961076515,1.223170714,,,,,,
44:33.2,,,0.961289134,1.22212602,,,,,,
44:33.2,,,0.961475312,1.221221946,,,,,,
44:33.2,,,0.961764481,1.219839518,,,,,,
44:33.2,,,,,9632.661133,,,,,
44:33.2,,,,,,30.06152344,,,,
44:33.2,,,,,,17.1484375,,,,
44:33.2,,,,,10079.66797,,,,,
44:33.2,88.4848,59.95,,,,,95.7,8.18737152,,
44:33.2,88.4848,60.1,,,,,100,8.18737152,,
44:33.3,,,0.96243714,1.21669708,,,,,,
44:33.4,,,0.963600321,1.211529751,,,,,,
44:33.7,,,0.96161662,1.220445382,,,,,,
44:34.0,,,0.96096204,1.22374378,,,,,,
44:34.4,,,,,,,,,,
44:35.0,,,,,,,,,,
44:35.7,,,,,,,,,/IP_10_3_0_8/move_robot,10210
44:35.8,,,1.13550202,1.113480475,,,,,,
44:35.8,,,1.135492658,1.113480323,,,,,,
44:35.8,,,1.135479242,1.113480117,,,,,,
44:35.8,,,1.135466835,1.113479927,,,,,,
44:35.8,,,1.135462889,1.113479867,,,,,,
44:35.9,,,1.135455316,1.113479752,,,,,,
44:35.9,,,1.135447674,1.113479645,,,,,,
44:35.9,,,,,11986.33105,,,,,
44:35.9,,,,,,18.05566406,,,,
44:35.9,,,1.135431016,1.113479786,,,,,,
44:35.9,,,1.135415283,1.113479919,,,,,,
44:35.9,,,1.135406727,1.113479761,,,,,,
44:35.9,,,,,,,,,,
44:36.1,,,,,8799.40918,,,,,
44:36.1,,,,,,16.63183594,,,,
44:36.2,,,,,6572.693359,,,,,
44:36.2,,,,,,32.9609375,,,,
44:36.9,,,,,,,,,,
44:37.9,,,,,,,,,,
44:38.4,,,1.155283709,1.11177472,,,,,,
44:38.4,,,1.155280684,1.111774782,,,,,,
44:38.5,,,1.155280014,1.111774792,,,,,,
44:38.5,,,1.155277187,1.11177485,,,,,,
44:38.5,,,1.155274489,1.111774905,,,,,,
44:38.5,,,1.155272163,1.111774953,,,,,,
44:38.5,,,1.155269771,1.111775002,,,,,,
44:38.5,,,1.155267555,1.111775047,,,,,,
44:38.5,,,1.155257926,1.11177526,,,,,,
44:38.5,,,1.15525912,1.111775222,,,,,,
44:38.6,,,,,6250.130859,,,,,
44:38.6,,,,,,24.62695313,,,,
44:38.7,,,,,5983.424805,,,,,
44:38.7,,,,,,33.15722656,,,,
44:38.7,,,,,6053.521484,,,,,
44:38.7,,,,,,39.453125,,,,
44:39.0,,,,,,,,,,
44:40.0,,,,,,,,,,
44:40.6,,,1.158720069,1.109704178,,,,,,
44:40.6,,,1.158719422,1.109704183,,,,,,
44:40.7,,,1.158717755,1.109704199,,,,,,
44:40.7,,,1.158716486,1.109704213,,,,,,
44:40.7,88.4848,59.54,,,,,96.7,8.18737152,,
44:40.7,,,1.158716963,1.109704205,,,,,,
44:40.7,,,1.15871648,1.10970421,,,,,,
44:40.7,,,1.158715961,1.109704214,,,,,,
44:40.7,,,1.15871553,1.109704218,,,,,,
44:40.7,,,1.156363112,1.10440847,,,,,,
44:40.8,,,1.156362089,1.104408467,,,,,,
44:40.9,,,,,5872.496094,,,,,
44:40.9,,,,,,37.03417969,,,,
44:40.9,,,,,6483.911133,,,,,
44:40.9,,,,,,17.68554688,,,,
44:40.9,,,,,,,,,,
44:41.9,,,,,,,,,,
44:42.7,,,1.152780721,1.110510749,,,,,,
44:42.8,,,1.152780539,1.110510753,,,,,,
44:42.8,,,1.152780166,1.110510764,,,,,,
44:42.8,,,1.152780191,1.110510762,,,,,,
44:42.8,,,1.15278004,1.110510766,,,,,,
44:42.8,,,1.15277963,1.110510776,,,,,,
44:42.8,,,1.152779499,1.110510779,,,,,,
44:42.8,,,1.152779495,1.110510779,,,,,,
44:42.8,,,1.152779491,1.110510779,,,,,,
44:42.8,,,1.152779133,1.110510788,,,,,,
44:42.9,,,,,6428.807617,,,,,
44:42.9,,,,,,15.41992188,,,,
44:42.9,,,,,,,,,,
44:43.1,85.6061,60.1,,,,,95.5,8.18737152,,
44:43.1,,,,,6143.166016,,,,,
44:43.1,,,,,,15.2890625,,,,
44:43.1,85.6061,59.99,,,,,100,8.18737152,,
44:43.9,,,,,,,,,,
44:44.9,,,,,,,,,,
44:45.1,,,1.155582839,1.10941939,,,,,,
44:45.2,,,1.155582808,1.10941939,,,,,,
44:45.2,,,1.155582779,1.10941939,,,,,,
44:45.2,,,1.155582775,1.10941939,,,,,,
44:45.2,,,1.155582747,1.10941939,,,,,,
44:45.2,,,1.155582746,1.10941939,,,,,,
44:45.2,,,1.15824202,1.120445268,,,,,,
44:45.2,,,1.158241985,1.120445302,,,,,,
44:45.2,,,1.158241952,1.120445335,,,,,,
44:45.2,,,,,6777.834961,,,,,
44:45.2,,,1.158241922,1.120445364,,,,,,
44:45.2,,,,,,27.59082031,,,,
44:45.5,,,,,5913.443359,,,,,
44:45.5,,,,,,20.54101563,,,,
44:45.9,,,,,,,,,,
44:47.0,,,,,,,,,,
44:47.6,,,1.154885912,1.118649802,,,,,,
44:47.7,,,1.154885912,1.118649802,,,,,,
44:47.7,,,,,6739.71875,,,,,
44:47.7,,,,,,32.57324219,,,,
44:47.7,,,1.154885911,1.118649803,,,,,,
44:47.8,,,1.154885903,1.118649806,,,,,,
44:47.8,,,1.157156289,1.105350209,,,,,,
44:47.8,,,1.157156282,1.105350172,,,,,,
44:47.8,,,1.157156277,1.10535014,,,,,,
44:47.8,,,1.157156271,1.105350107,,,,,,
44:47.8,,,1.157156258,1.105350032,,,,,,
44:47.9,,,1.157156254,1.105350004,,,,,,
44:47.9,,,,,5833.241211,,,,,
44:47.9,,,,,,39.01464844,,,,
44:47.9,,,,,6540.21582,,,,,
44:47.9,,,,,,27.26464844,,,,
44:48.0,,,,,,,,,,
44:48.9,,,,,,,,,,
44:49.9,,,,,,,,,,
44:50.1,,,1.155366487,1.118514115,,,,,,
44:50.1,,,1.155366485,1.118514121,,,,,,
44:50.1,,,1.15642075,1.114500514,,,,,,
44:50.2,,,1.156420749,1.114500515,,,,,,
44:50.2,,,1.156420747,1.114500515,,,,,,
44:50.2,,,1.156420747,1.114500515,,,,,,
44:50.2,,,1.156420746,1.114500515,,,,,,
44:50.2,,,1.156420746,1.114500515,,,,,,
44:50.3,,,,,5129.819336,,,,,
44:50.3,,,,,,14.46386719,,,,
44:50.3,85.6061,59.76,,,,,97,8.18737152,,
44:50.3,,,,,6198.454102,,,,,
44:50.3,,,,,,15.7421875,,,,
44:50.8,,,1.155366491,1.118514101,,,,,,
44:50.9,,,,,,,,,,
44:51.0,,,1.155366489,1.118514108,,,,,,
44:52.0,,,,,,,,,,
44:52.2,,,1.158959783,1.119011251,,,,,,
44:52.3,,,1.158959787,1.119011257,,,,,,
44:52.3,,,1.15895979,1.119011263,,,,,,
44:52.4,,,1.158959793,1.119011269,,,,,,
44:52.4,,,,,6745.478516,,,,,
44:52.4,,,,,,14.34863281,,,,
44:52.4,,,1.158959804,1.11901129,,,,,,
44:52.4,,,1.158959805,1.11901129,,,,,,
44:52.4,,,1.158959807,1.119011294,,,,,,
44:52.5,,,1.158959813,1.119011305,,,,,,
44:52.5,,,1.151077022,1.113992089,,,,,,
44:52.6,,,1.151076969,1.113992066,,,,,,
44:52.6,,,,,7619.520508,,,,,
44:52.6,,,,,,27.02148438,,,,
44:53.0,,,,,,,,,,
44:54.8,,,,,,,,,,
44:54.9,,,,,,,,,,
44:54.9,,,,,7073.819336,,,,,
44:54.9,,,,,,15.31152344,,,,
44:54.9,,,1.157104439,1.118294524,,,,,,
44:55.0,,,1.157104449,1.11829453,,,,,,
44:55.1,,,1.157104455,1.118294534,,,,,,
44:55.1,,,1.157104461,1.118294539,,,,,,
44:55.2,,,1.157104468,1.118294543,,,,,,
44:55.2,,,1.157104471,1.118294545,,,,,,
44:55.2,85.6061,59.67,,,,,95.4,8.18737152,,
44:55.2,,,1.157104474,1.118294547,,,,,,
44:55.2,85.6061,60.1,,,,,100,8.18737152,,
44:55.2,,,1.157104475,1.118294548,,,,,,
44:55.3,,,,,7338.504883,,,,,
44:55.3,,,,,,32.3125,,,,
44:55.3,,,,,3310.735352,,,,,
44:55.3,,,,,,52.89453125,,,,
44:55.4,,,1.157104455,1.118294534,,,,,,
44:55.8,,,1.157104458,1.118294537,,,,,,
44:55.9,,,,,,,,,,
44:56.8,,,1.158983501,1.114691508,,,,,,
44:56.8,,,1.158983511,1.114691496,,,,,,
44:56.8,,,1.158983509,1.114691499,,,,,,
44:56.9,,,1.158983511,1.114691496,,,,,,
44:56.9,,,,,,,,,,
44:56.9,,,1.158983514,1.114691493,,,,,,
44:56.9,,,,,5317.472656,,,,,
44:56.9,,,,,,27.7265625,,,,
44:56.9,,,1.158983519,1.114691486,,,,,,
44:56.9,,,1.150226727,1.113182361,,,,,,
44:56.9,,,1.150226701,1.11318235,,,,,,
44:57.0,,,1.15022668,1.113182341,,,,,,
44:57.0,,,1.15022663,1.11318232,,,,,,
44:57.6,,,,,5491.264648,,,,,
44:57.6,,,,,,26.83789063,,,,
44:57.9,,,,,,,,,,
44:58.2,,,1.151405075,1.109410342,,,,,,
44:58.2,,,1.151405072,1.109410335,,,,,,
44:58.2,,,1.151405068,1.109410329,,,,,,
44:58.2,,,1.151405065,1.109410323,,,,,,
44:58.3,,,1.151405062,1.109410317,,,,,,
44:58.3,,,1.151405059,1.109410311,,,,,,
44:58.3,,,1.151405053,1.109410299,,,,,,
44:58.3,,,1.151405035,1.109410263,,,,,,
44:58.3,,,,,5880.371094,,,,,
44:58.3,,,,,,17.97558594,,,,
44:58.3,,,1.151405034,1.109410261,,,,,,
44:58.3,,,1.151405032,1.109410258,,,,,,
44:58.5,,,,,6036.698242,,,,,
44:58.5,,,,,,17.70019531,,,,
44:58.9,,,,,,,,,,
44:59.7,,,1.150033522,1.115387778,,,,,,
44:59.8,,,1.15003352,1.115387779,,,,,,
44:59.8,,,1.150033518,1.11538778,,,,,,
44:59.8,,,1.150033517,1.115387781,,,,,,
44:59.8,,,1.150033516,1.115387782,,,,,,
44:59.8,,,1.150033515,1.115387783,,,,,,
44:59.9,85.6061,59.86,,,,,96.5,8.18737152,,
44:59.9,,,1.150033514,1.115387784,,,,,,
44:59.9,,,1.150033502,1.115387793,,,,,,
44:59.9,,,1.150033503,1.115387792,,,,,,
44:59.9,,,1.150033503,1.115387792,,,,,,
44:59.9,,,,,,,,,,
45:00.0,,,,,6355.97168,,,,,
45:00.0,,,,,,28.47851563,,,,
45:00.9,,,,,,,,,,
45:01.0,,,1.150679953,1.109214995,,,,,,
45:01.0,,,1.15067995,1.109214977,,,,,,
45:01.0,,,1.150679949,1.109214969,,,,,,
45:01.2,,,1.150679948,1.109214963,,,,,,
45:01.3,,,1.150679946,1.109214952,,,,,,
45:01.4,,,1.150679946,1.109214953,,,,,,
45:01.6,,,1.152743536,1.114657436,,,,,,
45:01.6,,,1.152743542,1.114657445,,,,,,
45:01.8,,,1.152743553,1.114657465,,,,,,
45:01.8,,,,,5331.673828,,,,,
45:01.8,,,,,,16.90917969,,,,
45:01.8,,,1.152743558,1.114657474,,,,,,
45:01.9,,,,,,,,,,
45:02.9,,,,,,,,,,
45:03.0,,,1.152720797,1.115504257,,,,,,
45:03.0,,,1.152720799,1.11550426,,,,,,
45:03.0,,,1.152720802,1.115504271,,,,,,
45:03.0,,,1.152720803,1.115504272,,,,,,
45:03.0,,,1.152720804,1.115504275,,,,,,
45:03.0,,,,,7085.444336,,,,,
45:03.0,,,,,,41.48144531,,,,
45:03.2,,,1.152720805,1.115504279,,,,,,
45:03.2,,,1.152720806,1.115504281,,,,,,
45:03.3,,,1.152720806,1.115504281,,,,,,
45:03.3,85.6061,60.01,,,,,96,8.18737152,,
45:03.3,,,,,4121.053711,,,,,
45:03.3,,,,,,38.41894531,,,,
45:03.3,85.6061,59.84,,,,,89.5,8.18737152,,
45:03.3,,,1.152720807,1.115504284,,,,,,
45:03.4,,,1.152720807,1.115504286,,,,,,
45:03.9,,,,,,,,,,
45:04.6,,,1.154742359,1.113152261,,,,,,
45:04.6,,,1.153445106,1.115121436,,,,,,
45:04.6,,,1.153445106,1.11512144,,,,,,
45:04.6,,,1.153445105,1.11512145,,,,,,
45:04.7,,,1.153445104,1.115121453,,,,,,
45:04.7,,,1.153445104,1.115121455,,,,,,
45:04.7,,,,,4307.628906,,,,,
45:04.7,,,,,,28.72949219,,,,
45:04.7,,,1.153445104,1.115121458,,,,,,
45:04.7,,,1.153445103,1.115121461,,,,,,
45:04.7,,,1.153445103,1.115121464,,,,,,
45:04.8,,,1.153445103,1.115121467,,,,,,
45:04.9,,,,,,,,,,
45:04.9,,,,,3515.519531,,,,,
45:04.9,,,,,,18.68359375,,,,
45:05.9,,,,,,,,,,
45:06.0,,,1.153445099,1.115121507,,,,,,
45:06.1,,,1.153445099,1.115121507,,,,,,
45:06.1,,,1.151682217,1.11728111,,,,,,
45:06.2,,,1.151682212,1.117281117,,,,,,
45:06.2,,,1.151682211,1.11728112,,,,,,
45:06.2,,,,,3661.974609,,,,,
45:06.2,,,,,,16.79785156,,,,
45:06.2,,,1.153445099,1.115121506,,,,,,
45:06.3,,,1.153445099,1.115121506,,,,,,
45:06.3,,,1.153445099,1.115121506,,,,,,
45:06.4,,,1.153445099,1.115121507,,,,,,
45:06.9,,,,,,,,,,
45:07.0,,,1.153445099,1.115121508,,,,,,
45:07.3,,,1.151682168,1.117281183,,,,,,
45:07.3,,,1.151682167,1.117281185,,,,,,
45:07.3,,,1.151682165,1.117281188,,,,,,
45:07.3,,,1.151682164,1.11728119,,,,,,
45:07.3,,,1.151682162,1.117281192,,,,,,
45:07.3,,,,,3999.800781,,,,,
45:07.3,,,,,,17.79003906,,,,
45:07.4,,,1.151617182,1.111334357,,,,,,
45:07.4,,,1.15161718,1.111334347,,,,,,
45:07.4,,,1.151617179,1.111334343,,,,,,
45:07.4,,,1.151617177,1.111334333,,,,,,
45:07.4,,,1.151617174,1.111334322,,,,,,
45:07.5,,,,,5128.207031,,,,,
45:07.5,,,,,,31.50195313,,,,
45:07.9,,,,,,,,,,
45:08.5,,,1.151617151,1.111334211,,,,,,
45:08.6,,,1.151617149,1.111334201,,,,,,
45:08.6,,,1.151617148,1.111334199,,,,,,
45:08.6,,,1.15922269,1.11464716,,,,,,
45:08.6,,,1.159222713,1.114647166,,,,,,
45:08.6,,,1.159222737,1.114647171,,,,,,
45:08.6,,,1.159222759,1.114647176,,,,,,
45:08.6,,,1.159222781,1.114647181,,,,,,
45:08.6,,,1.159222801,1.114647185,,,,,,
45:08.6,,,1.159222824,1.11464719,,,,,,
45:08.7,,,,,5761.50293,,,,,
45:08.7,,,,,,49.13378906,,,,
45:08.8,85.6061,60.27,,,,,96.1,8.18737152,,
45:08.9,,,,,,,,,,
45:09.9,,,,,,,,,,
45:09.9,,,1.159223057,1.114647242,,,,,,
45:10.0,,,1.159223062,1.114647243,,,,,,
45:10.0,,,1.159223078,1.114647247,,,,,,
45:10.0,,,1.158882504,1.110805482,,,,,,
45:10.0,,,1.158882508,1.110805478,,,,,,
45:10.1,,,1.158882525,1.110805462,,,,,,
45:10.1,,,1.158882533,1.110805454,,,,,,
45:10.2,,,1.15888254,1.110805447,,,,,,
45:10.2,,,,,6454.635742,,,,,
45:10.2,,,,,,44.57324219,,,,
45:10.3,,,1.158882547,1.11080544,,,,,,
45:10.9,,,,,,,,,,
45:10.9,,,1.158882517,1.11080547,,,,,,
45:11.3,,,1.155730047,1.105192893,,,,,,
45:11.4,,,1.155730038,1.105192853,,,,,,
45:11.4,,,1.155730033,1.105192834,,,,,,
45:11.4,,,1.155730033,1.105192832,,,,,,
45:11.4,,,1.155730032,1.105192829,,,,,,
45:11.4,,,1.155730028,1.105192812,,,,,,
45:11.4,,,,,5420.939453,,,,,
45:11.4,,,,,,47.35546875,,,,
45:11.4,,,1.155730026,1.105192805,,,,,,
45:11.4,,,1.155730026,1.105192803,,,,,,
45:11.4,,,1.155730025,1.105192801,,,,,,
45:11.4,,,1.155730018,1.10519277,,,,,,
45:11.7,,,,,4952.964844,,,,,
45:11.7,,,,,,28.74414063,,,,
45:11.8,,,,,,,,,/IP_10_3_0_8/move_camera,2108
45:11.9,,,,,,,,,,
45:12.9,,,,,,,,,,
45:12.9,,,1.152845506,1.108476637,,,,,,
45:12.9,,,1.15160484,1.108308925,,,,,,
45:12.9,,,1.147627273,1.107720472,,,,,,
45:12.9,,,1.142137527,1.106593302,,,,,,
45:12.9,,,1.140091793,1.106102934,,,,,,
45:12.9,,,1.135571146,1.104957014,,,,,,
45:13.0,,,1.130445649,1.103489393,,,,,,
45:13.0,,,1.124718468,1.101648295,,,,,,
45:13.1,,,1.118611389,1.099422442,,,,,,
45:13.1,,,1.112063532,1.0968124,,,,,,
45:13.2,,,,,5691.4375,,,,,
45:13.2,,,,,,29.88378906,,,,
45:13.2,88.4848,59.95,,,,,96.6,8.18737152,,
45:13.2,88.4848,59.67,,,,,86.7,8.18737152,,
45:13.9,,,,,,,,,,
45:14.7,,,0.723683856,0.824745694,,,,,,
45:14.7,,,0.703434848,0.808774804,,,,,,
45:14.7,,,0.682764194,0.792390758,,,,,,
45:14.7,,,0.661632381,0.775565945,,,,,,
45:14.7,,,0.640172711,0.758379819,,,,,,
45:14.7,,,0.610665269,0.734681739,,,,,,
45:14.7,,,,,5124.072266,,,,,
45:14.7,,,,,,28.34863281,,,,
45:14.7,,,0.848183753,0.807371416,,,,,,
45:14.7,,,0.812069188,0.767542521,,,,,,
45:14.7,,,0.793777288,0.747253822,,,,,,
45:14.7,,,0.773371537,0.724580424,,,,,,
45:14.9,,,,,,,,,,
45:14.9,,,,,3935.260742,,,,,
45:14.9,,,,,,22.68652344,,,,
45:15.8,,,0.364917423,0.25386065,,,,,,
45:15.8,,,0.356722196,0.244109233,,,,,,
45:15.8,,,,,,,,,,
45:15.9,,,0.340593546,0.224811116,,,,,,
45:15.9,,,0.324925231,0.205826083,,,,,,
45:15.9,,,0.310090035,0.187571025,,,,,,
45:15.9,,,0.295593103,0.169605141,,,,,,
45:16.0,,,0.275433168,0.144528198,,,,,,
45:16.0,,,0.27869232,0.096580889,,,,,,
45:16.0,,,0.26687229,0.081962044,,,,,,
45:16.1,,,0.255406431,0.067563701,,,,,,
45:16.3,,,,,3056.943359,,,,,
45:16.3,,,,,,37.83398438,,,,
45:16.9,,,,,,,,,,
45:17.1,,,0.164381615,-0.100241043,,,,,,
45:17.1,,,0.164370319,-0.100210119,,,,,,
45:17.2,,,0.164362907,-0.100108812,,,,,,
45:17.2,,,0.164355918,-0.100012216,,,,,,
45:17.2,,,0.164349209,-0.099921465,,,,,,
45:17.2,,,0.164343029,-0.099831572,,,,,,
45:17.2,,,,,3187.750977,,,,,
45:17.2,,,,,,19.52050781,,,,
45:17.2,,,0.16432722,-0.099827046,,,,,,
45:17.3,,,0.164333523,-0.09959012,,,,,,
45:17.6,,,0.164358845,-0.100949083,,,,,,
45:17.6,,,0.164377055,-0.100508982,,,,,,
45:17.8,,,,,,,,,,
45:18.4,,,0.02523177,-0.325164157,,,,,,
45:18.4,,,0.025226143,-0.325221208,,,,,,
45:18.4,,,0.025226268,-0.325213149,,,,,,
45:18.4,,,0.025226259,-0.325210261,,,,,,
45:18.4,,,,,3329.887695,,,,,
45:18.4,,,,,,37.68847656,,,,
45:18.5,,,0.025235451,-0.325102082,,,,,,
45:18.5,,,0.025233036,-0.325124888,,,,,,
45:18.5,,,0.025232906,-0.325123809,,,,,,
45:18.5,,,0.025232801,-0.325121309,,,,,,
45:18.5,,,0.025232628,-0.325119962,,,,,,
45:18.5,,,0.025232573,-0.32511953,,,,,,
45:18.7,,,,,3325.136719,,,,,
45:18.7,,,,,,43.13574219,,,,
45:18.9,,,,,,,,,,
45:19.6,,,0.025582156,-0.330171007,,,,,,
45:19.7,,,0.02558348,-0.330154885,,,,,,
45:19.7,,,0.025584372,-0.330144028,,,,,,
45:19.7,88.4848,59.42,,,,,97.5,8.18737152,,
45:19.7,,,0.025585165,-0.330134361,,,,,,
45:19.7,,,0.025585908,-0.330125313,,,,,,
45:19.7,,,0.025587915,-0.330101047,,,,,,
45:19.7,,,0.02558856,-0.330093184,,,,,,
45:19.7,,,0.025589225,-0.330085081,,,,,,
45:19.7,,,0.025590095,-0.330074487,,,,,,
45:19.7,,,0.02559317,-0.330037427,,,,,,
45:19.8,,,,,,31.40234375,,,,
45:19.8,,,,,3932.986328,,,,,
45:19.9,,,,,,,,,,
45:20.8,,,0.028703168,-0.339233977,,,,,,
45:20.8,,,0.028704378,-0.339219232,,,,,,
45:20.8,,,0.028705523,-0.33920527,,,,,,
45:20.8,,,0.02870825,-0.339172023,,,,,,
45:20.8,,,0.028708562,-0.339168229,,,,,,
45:20.8,,,0.028708847,-0.339164768,,,,,,
45:20.9,,,0.028709119,-0.339161467,,,,,,
45:20.9,,,,,,,,,,
45:20.9,,,0.028709376,-0.339158339,,,,,,
45:20.9,,,0.028709625,-0.339155305,,,,,,
45:20.9,,,0.028709858,-0.339152482,,,,,,
45:20.9,,,,,3849.233398,,,,,
45:20.9,,,,,,18.86230469,,,,
45:21.9,,,,,,,,,,
45:22.1,,,,,,,,,/IP_10_3_0_8/move_robot,10305
45:22.2,,,0.019598037,-0.338424588,,,,,,
45:22.2,,,0.019598323,-0.338420755,,,,,,
45:22.2,,,0.019598706,-0.338415625,,,,,,
45:22.2,,,0.019599063,-0.338410835,,,,,,
45:22.2,,,0.019599175,-0.338409332,,,,,,
45:22.2,,,0.019599388,-0.338406478,,,,,,
45:22.2,,,0.019599852,-0.338400367,,,,,,
45:22.2,,,0.019600052,-0.338397683,,,,,,
45:22.2,,,0.019600456,-0.338392356,,,,,,
45:22.2,,,0.019601415,-0.338379788,,,,,,
45:22.2,,,,,,,,,/IP_10_3_0_8/rosping_service,10309
45:22.3,,,,,4620.969727,,,,,
45:22.3,,,,,,20.07910156,,,,
45:22.9,,,,,,,,,,
45:23.4,,,0.0196034,-0.338353108,,,,,,
45:23.4,,,0.01960358,-0.338350744,,,,,,
45:23.4,,,,,4951.665039,,,,,
45:23.4,,,,,,26.72363281,,,,
45:23.5,,,0.019603619,-0.338350219,,,,,,
45:23.5,,,0.019604231,-0.338342265,,,,,,
45:23.5,,,0.019604115,-0.338343704,,,,,,
45:23.5,,,0.015435109,-0.335454808,,,,,,
45:23.5,,,0.015435217,-0.335453399,,,,,,
45:23.6,,,0.015435575,-0.335448827,,,,,,
45:23.6,,,0.015435611,-0.335448317,,,,,,
45:23.6,,,0.015435798,-0.335445904,,,,,,
45:23.6,85.6061,59.86,,,,,97.4,8.18737152,,
45:23.6,85.6061,59.86,,,,,100,8.18737152,,
45:23.8,,,,,5712.064453,,,,,
45:23.8,,,,,,34.18261719,,,,
45:23.9,,,,,,,,,,
45:24.2,,,,,,,,,/IP_10_3_0_8/move_camera,2112
45:24.8,,,0.012012577,-0.346521071,,,,,,
45:24.8,,,0.012012649,-0.346520099,,,,,,
45:24.8,,,0.01201269,-0.346519531,,,,,,
45:24.8,,,0.01201273,-0.346518995,,,,,,
45:24.8,,,0.012012768,-0.346518467,,,,,,
45:24.8,,,0.012012804,-0.346517985,,,,,,
45:24.9,,,,,,,,,,
45:24.9,,,0.012012885,-0.346516898,,,,,,
45:24.9,,,0.012012961,-0.346515868,,,,,,
45:24.9,,,0.01201299,-0.34651548,,,,,,
45:24.9,,,0.012013019,-0.346515082,,,,,,
45:25.0,,,,,5410.732422,,,,,
45:25.0,,,,,,17.28613281,,,,
45:25.1,,,,,,,,,/IP_10_3_0_8/object_detection,907
45:25.9,,,,,,,,,,
45:26.2,,,0.012013757,-0.346505118,,,,,,
45:26.2,,,0.019962426,-0.337486381,,,,,,
45:26.2,,,0.019962463,-0.337485996,,,,,,
45:26.2,,,0.019962475,-0.337485866,,,,,,
45:26.3,,,0.019962499,-0.337485626,,,,,,
45:26.3,,,0.019962519,-0.337485412,,,,,,
45:26.3,,,0.01996254,-0.337485199,,,,,,
45:26.3,,,0.019962559,-0.337484997,,,,,,
45:26.3,,,0.019962578,-0.337484805,,,,,,
45:26.3,,,0.019962605,-0.337484523,,,,,,
45:26.3,,,,,,53.07519531,,,,
45:26.3,,,,,5320.814453,,,,,
45:26.9,,,,,,,,,,
45:27.2,,,,,,,,,/IP_10_3_0_8/move_camera,2061
45:27.6,,,0.013989946,-0.33831977,,,,,,
45:27.6,,,,,5274.419922,,,,,
45:27.6,,,,,,43.46972656,,,,
45:27.6,,,0.013989961,-0.338319526,,,,,,
45:27.6,,,0.013990001,-0.338318895,,,,,,
45:27.6,,,0.013990007,-0.338318789,,,,,,
45:27.6,,,0.013990012,-0.33831871,,,,,,
45:27.6,,,0.013990016,-0.338318633,,,,,,
45:27.6,,,0.013990038,-0.338318282,,,,,,
45:27.6,,,0.013990037,-0.338318303,,,,,,
45:27.6,,,0.01399004,-0.338318246,,,,,,
45:27.7,,,0.013990045,-0.338318162,,,,,,
45:27.7,,,,,5499.222656,,,,,
45:27.7,,,,,,28.96386719,,,,
45:27.9,,,,,,,,,,
45:28.8,,,0.017561426,-0.334936856,,,,,,
45:28.8,,,0.017561439,-0.334936738,,,,,,
45:28.8,,,0.017561441,-0.334936721,,,,,,
45:28.8,,,0.017561451,-0.334936631,,,,,,
45:28.9,,,,,,,,,,
45:28.9,,,0.01756146,-0.334936545,,,,,,
45:28.9,,,0.01756147,-0.334936464,,,,,,
45:28.9,,,0.017561478,-0.334936385,,,,,,
45:28.9,,,0.017561486,-0.334936312,,,,,,
45:28.9,,,0.017561495,-0.334936231,,,,,,
45:28.9,,,0.017561498,-0.334936206,,,,,,
45:29.2,85.6061,59.74,,,,,97.7,8.18737152,,
45:29.8,,,,,5974.801758,,,,,
45:29.8,,,,,,31.79394531,,,,
45:29.9,,,,,,,,,,
45:30.4,,,0.01838329,-0.352898653,,,,,,
45:30.5,,,0.018011204,-0.357864061,,,,,,
45:30.5,,,0.017634925,-0.363008402,,,,,,
45:30.5,,,0.017134059,-0.370055004,,,,,,
45:30.5,,,0.016961269,-0.37268439,,,,,,
45:30.5,,,0.016520462,-0.379846381,,,,,,
45:30.5,,,0.015997702,-0.389247853,,,,,,
45:30.5,,,0.015768833,-0.393733404,,,,,,
45:30.6,,,0.0155133,-0.399135679,,,,,,
45:30.6,,,0.015357649,-0.402822035,,,,,,
45:30.6,,,,,6117.378906,,,,,
45:30.6,,,,,,19.14941406,,,,
45:30.7,,,,,5271.048828,,,,,
45:30.7,,,,,,19.38378906,,,,
45:30.9,,,,,,,,,,
45:31.9,,,,,,,,,,
45:32.2,,,,,6021.856445,,,,,
45:32.2,,,,,,29.71679688,,,,
45:32.2,,,0.015751535,-0.448471242,,,,,,
45:32.3,,,0.015750871,-0.450773633,,,,,,
45:32.3,,,0.022838085,-0.476892457,,,,,,
45:32.6,,,0.022934089,-0.479272515,,,,,,
45:32.6,,,0.023022822,-0.481571734,,,,,,
45:32.6,,,0.02315987,-0.485240508,,,,,,
45:32.7,,,0.023300059,-0.489695373,,,,,,
45:32.8,,,0.023360686,-0.491898921,,,,,,
45:32.8,,,0.023417703,-0.494002419,,,,,,
45:32.8,,,,,,,,,,
45:32.9,,,0.02347588,-0.496335846,,,,,,
45:33.4,,,0.026651484,-0.551956338,,,,,,
45:33.5,,,0.026616241,-0.553434136,,,,,,
45:33.5,,,0.026573159,-0.554912305,,,,,,
45:33.5,,,0.02652539,-0.556363088,,,,,,
45:33.5,,,0.026495531,-0.557267697,,,,,,
45:33.5,,,,,5167.87793,,,,,
45:33.5,,,,,,18.65332031,,,,
45:33.6,,,0.026452302,-0.558591537,,,,,,
45:33.6,,,0.026382758,-0.560772021,,,,,,
45:33.6,,,0.026344625,-0.562038659,,,,,,
45:33.6,,,0.026312166,-0.563184754,,,,,,
45:33.6,,,0.026265985,-0.565015431,,,,,,
45:33.7,85.6061,59.72,,,,,97.4,8.18737152,,
45:33.7,85.6061,59.72,,,,,100,8.18737152,,
45:33.8,,,,,6355.825195,,,,,
45:33.8,,,,,,35.93652344,,,,
45:33.9,,,,,,,,,,
45:34.9,,,,,,,,,,
45:35.2,,,0.032378497,-0.589175455,,,,,,
45:35.2,,,,,6569.273438,,,,,
45:35.2,,,,,,41.84570313,,,,
45:35.3,,,0.032382838,-0.589424892,,,,,,
45:35.4,,,0.032387789,-0.589766343,,,,,,
45:35.5,,,0.022712137,-0.595845785,,,,,,
45:35.5,,,0.03239058,-0.589963017,,,,,,
45:35.5,,,0.032393364,-0.590205845,,,,,,
45:35.6,,,0.032395352,-0.590460599,,,,,,
45:35.6,,,0.03239707,-0.590805958,,,,,,
45:35.6,,,0.032398056,-0.591216118,,,,,,
45:35.6,,,0.032397949,-0.591386512,,,,,,
45:35.9,,,,,,,,,,
45:36.7,,,0.02836233,-0.620784303,,,,,,
45:36.7,,,0.028360093,-0.62100634,,,,,,
45:36.8,,,0.028357747,-0.621239708,,,,,,
45:36.8,,,0.028354414,-0.621479981,,,,,,
45:36.8,,,0.028349376,-0.621820888,,,,,,
45:36.8,,,0.028344172,-0.622132674,,,,,,
45:36.8,,,,,7496.18457,,,,,
45:36.8,,,,,,31.65722656,,,,
45:36.8,,,0.028337199,-0.622500708,,,,,,
45:36.8,,,0.028328404,-0.622896643,,,,,,
45:36.9,,,0.028311057,-0.623560878,,,,,,
45:36.9,,,0.028294425,-0.624101554,,,,,,
45:36.9,,,,,,,,,,
45:37.0,,,,,8569.606445,,,,,
45:37.0,,,,,,17.39648438,,,,
45:37.9,,,,,,,,,,
45:38.3,,,0.021172098,-0.631633864,,,,,,
45:38.3,,,0.02108603,-0.632768241,,,,,,
45:38.3,,,0.021032522,-0.633427104,,,,,,
45:38.3,,,0.020979643,-0.634079817,,,,,,
45:38.3,,,0.025214986,-0.629931554,,,,,,
45:38.3,,,0.025181647,-0.630346628,,,,,,
45:38.4,,,0.025168993,-0.630506523,,,,,,
45:38.4,,,0.025173452,-0.630447846,,,,,,
45:38.4,,,0.025181645,-0.630332708,,,,,,
45:38.4,,,0.025180747,-0.630352872,,,,,,
45:38.5,,,,,8786.701172,,,,,
45:38.5,,,,,,19.12792969,,,,
45:38.6,,,,,10098.09863,,,,,
45:38.6,,,,,,18.41113281,,,,
45:38.9,,,,,,,,,,
45:39.9,,,,,,,,,,
45:40.0,,,0.033655428,-0.651837479,,,,,,
45:40.0,,,0.033655464,-0.651836656,,,,,,
45:40.0,,,0.033655686,-0.651831694,,,,,,
45:40.0,,,0.033655852,-0.651828009,,,,,,
45:40.0,,,0.03365582,-0.651828674,,,,,,
45:40.0,,,0.033655897,-0.651826942,,,,,,
45:40.1,85.6061,58.9,,,,,98.8,8.18737152,,
45:40.1,,,0.03365597,-0.651825296,,,,,,
45:40.1,,,,,11158.73438,,,,,
45:40.1,,,,,,36.07714844,,,,
45:40.4,,,0.03365604,-0.651823729,,,,,,
45:40.5,,,0.033656238,-0.65181934,,,,,,
45:40.6,,,0.033656196,-0.651820238,,,,,,
45:41.0,,,,,,,,,,
45:41.9,,,,,,,,,,
45:42.2,,,0.022166601,-0.757062473,,,,,,
45:42.2,,,0.021717074,-0.765710669,,,,,,
45:42.2,,,0.021463089,-0.770920748,,,,,,
45:42.2,,,0.021144641,-0.777639348,,,,,,
45:42.2,,,0.020695398,-0.787542997,,,,,,
45:42.2,,,0.020304412,-0.797248276,,,,,,
45:42.2,,,0.020187904,-0.800353591,,,,,,
45:42.3,,,0.019956657,-0.806773912,,,,,,
45:42.3,,,0.01973403,-0.813228555,,,,,,
45:42.3,,,,,11255.87988,,,,,
45:42.3,,,,,,17.01660156,,,,
45:42.3,,,0.019530465,-0.819575029,,,,,,
45:42.6,,,,,8470.996094,,,,,
45:42.6,,,,,,32.50195313,,,,
45:43.0,,,,,,,,,,
45:44.9,,,,,,,,,,
45:45.0,,,,,,,,,,
45:45.4,,,0.012478932,-1.047433829,,,,,,
45:45.4,,,0.012349745,-1.048555717,,,,,,
45:45.4,,,0.012188858,-1.049896862,,,,,,
45:45.4,,,0.011913531,-1.052097393,,,,,,
45:45.4,,,,,10297.5166,,,,,
45:45.4,,,,,,41.67871094,,,,
45:45.4,,,0.011637071,-1.054198599,,,,,,
45:45.4,,,0.011546975,-1.054876352,,,,,,
45:45.4,,,0.011469935,-1.055454953,,,,,,
45:45.4,,,0.011271226,-1.056984696,,,,,,
45:45.5,,,0.01109232,-1.058369643,,,,,,
45:45.5,,,0.011002601,-1.059071536,,,,,,
45:45.5,88.4848,59.2,,,,,96.1,8.18737152,,
45:45.5,88.4848,59.2,,,,,94.1,8.18737152,,
45:45.6,,,,,10988.75684,,,,,
45:45.6,,,,,,27.6796875,,,,
45:45.6,,,,,10222.71973,,,,,
45:45.6,,,,,,14.6640625,,,,
45:45.6,,,,,9819.75293,,,,,
45:45.6,,,,,,25.90820313,,,,
45:45.9,,,,,,,,,,
45:47.0,,,,,,,,,,
45:48.0,,,,,,,,,,
45:48.5,,,-0.005848492,-1.106059767,,,,,,
45:48.5,,,-0.005870598,-1.106539932,,,,,,
45:48.6,,,-0.005893204,-1.107045999,,,,,,
45:48.6,,,-0.005915789,-1.107573285,,,,,,
45:48.6,,,-0.005924878,-1.107790638,,,,,,
45:48.6,,,-0.005945845,-1.108324909,,,,,,
45:48.7,,,-0.005959369,-1.108669816,,,,,,
45:48.7,,,-0.005973531,-1.109010124,,,,,,
45:48.7,,,-0.005986478,-1.109316832,,,,,,
45:48.8,,,-0.005999984,-1.109644291,,,,,,
45:48.9,,,,,11924.03223,,,,,
45:48.9,,,,,,16.30371094,,,,
45:48.9,,,,,11270.3252,,,,,
45:48.9,,,,,,27.75390625,,,,
45:48.9,,,,,11506.50977,,,,,
45:48.9,,,,,,14.80078125,,,,
45:49.0,,,,,,,,,,
45:50.0,,,,,,,,,,
45:51.0,,,,,,,,,,
45:51.3,,,0.021895014,-1.137552272,,,,,,
45:51.3,,,0.021878564,-1.137664939,,,,,,
45:51.3,,,0.021877918,-1.137670307,,,,,,
45:51.3,88.4848,59.44,,,,,97.3,8.18737152,,
45:51.4,,,0.021872122,-1.137714479,,,,,,
45:51.4,,,0.021868305,-1.13774779,,,,,,
45:51.4,,,0.021868733,-1.137744419,,,,,,
45:51.4,,,0.021869125,-1.137741178,,,,,,
45:51.4,,,0.021864713,-1.137782378,,,,,,
45:51.4,,,0.021860749,-1.13782146,,,,,,
45:51.4,,,0.02185828,-1.13783814,,,,,,
45:51.6,,,,,9544.488281,,,,,
45:51.6,,,,,,45.65136719,,,,
45:51.8,,,,,,40.98828125,,,,
45:51.8,,,,,9778.015625,,,,,
45:52.0,,,,,,,,,,
45:53.0,,,,,,,,,,
45:53.1,,,,,,,,,/IP_10_3_0_8/trolley_docking_service,25841
45:53.2,,,,,,,,,/IP_10_3_0_8/rosping_service,14481
45:53.9,,,0.010644561,-1.150854096,,,,,,
45:53.9,,,,,9746.053711,,,,,
45:53.9,,,,,,27.11816406,,,,
45:53.9,,,0.010644623,-1.150852575,,,,,,
45:53.9,,,0.010644625,-1.150852487,,,,,,
45:54.0,,,,,,,,,,
45:54.1,,,0.010644668,-1.150851352,,,,,,
45:54.2,,,0.010644669,-1.150851308,,,,,,
45:54.2,,,0.010644739,-1.150849615,,,,,,
45:54.3,,,,,11620.06543,,,,,
45:54.3,,,,,,15.17480469,,,,
45:54.4,88.4848,59.26,,,,,96.9,8.18737152,,
45:54.4,88.4848,59.26,,,,,86.7,8.18737152,,
45:54.4,,,,,11955.00684,,,,,
45:54.4,,,,,,25.05371094,,,,
45:54.8,,,0.010644628,-1.150852411,,,,,,
45:54.8,,,0.010644648,-1.150851907,,,,,,
45:54.9,,,0.010644665,-1.150851455,,,,,,
45:54.9,,,0.010644667,-1.150851405,,,,,,
45:55.0,,,,,,,,,,
45:56.0,,,,,,,,,,
45:56.8,,,0.000737625,-1.132772067,,,,,,
45:56.8,,,0.000737624,-1.13277205,,,,,,
45:56.8,,,0.002070963,-1.137055137,,,,,,
45:56.8,,,0.002070962,-1.137055029,,,,,,
45:56.8,,,0.002070959,-1.137054897,,,,,,
45:56.9,,,0.002070958,-1.137054837,,,,,,
45:56.9,,,0.002070957,-1.137054779,,,,,,
45:56.9,,,0.002070954,-1.137054575,,,,,,
45:57.0,,,0.002070953,-1.13705453,,,,,,
45:57.0,,,0.002070952,-1.137054461,,,,,,
45:57.0,,,,,,,,,,
45:57.1,,,,,11955.64063,,,,,
45:57.1,,,,,,16.01367188,,,,
45:57.1,,,,,11203.07227,,,,,
45:57.1,,,,,,27.02148438,,,,
45:57.1,,,,,11534.375,,,,,
45:57.1,,,,,,15.37109375,,,,
45:58.2,,,,,,,,,,
45:59.2,,,,,,,,,,
45:59.8,,,-0.008058041,-1.131388003,,,,,,
45:59.8,,,-0.008058041,-1.131388002,,,,,,
45:59.8,,,-0.008058055,-1.131387979,,,,,,
45:59.8,,,-0.008058068,-1.131387956,,,,,,
45:59.9,,,-0.008058081,-1.131387935,,,,,,
45:59.9,,,-0.008058093,-1.131387915,,,,,,
45:59.9,,,-0.008058105,-1.131387894,,,,,,
45:59.9,,,0.002948297,-1.146080863,,,,,,
45:59.9,,,0.002948308,-1.146080873,,,,,,
45:59.9,,,0.002948312,-1.146080876,,,,,,
45:59.9,,,,,11270.8252,,,,,
45:59.9,,,,,,33.29101563,,,,
46:00.2,88.4848,58.9,,,,,96.8,8.18737152,,
46:00.2,,,,,10206.81934,,,,,
46:00.2,,,,,,46.09179688,,,,
46:00.2,,,,,10025.5791,,,,,
46:00.2,,,,,,27.734375,,,,
46:00.4,,,,,,,,,,
46:01.0,,,,,,,,,,
46:02.0,,,,,,,,,,
46:02.7,,,0.002258548,-1.142983282,,,,,,
46:02.7,,,0.002258548,-1.142983283,,,,,,
46:02.7,,,0.002258548,-1.142983284,,,,,,
46:02.8,,,0.002258548,-1.142983284,,,,,,
46:02.8,,,0.002258548,-1.142983285,,,,,,
46:02.8,,,0.002258548,-1.142983285,,,,,,
46:02.8,,,0.002258548,-1.142983287,,,,,,
46:02.8,,,0.002258548,-1.142983287,,,,,,
46:02.8,,,0.002258548,-1.142983287,,,,,,
46:02.9,,,0.002258548,-1.142983287,,,,,,
46:03.0,,,,,9064.339844,,,,,
46:03.0,,,,,,14.61230469,,,,
46:03.2,,,,,10907.97656,,,,,
46:03.2,,,,,,14.31835938,,,,
46:03.2,,,,,11332.34863,,,,,
46:03.2,,,,,,15.61328125,,,,
46:03.9,,,,,,,,,,
46:04.0,,,,,,,,,,
46:04.6,,,,,,,,,/IP_10_3_0_8/grab_trolley,11515
46:05.3,,,,,,,,,,
46:05.5,,,0.004365739,-1.150191834,,,,,,
46:05.5,,,0.004365742,-1.150191861,,,,,,
46:05.5,88.4848,58.77,,,,,96.2,8.18737152,,
46:05.5,,,0.004365746,-1.150191885,,,,,,
46:05.5,88.4848,58.77,,,,,100,8.18737152,,
46:05.5,,,0.004365749,-1.150191909,,,,,,
46:05.6,,,0.004365752,-1.150191933,,,,,,
46:05.6,,,0.004365755,-1.150191954,,,,,,
46:05.6,,,0.004365758,-1.150191981,,,,,,
46:05.6,,,0.004365759,-1.150191988,,,,,,
46:05.6,,,0.00436576,-1.150191995,,,,,,
46:05.6,,,0.004365761,-1.150192001,,,,,,
46:05.7,,,,,10497.73438,,,,,
46:05.7,,,,,,26.10839844,,,,
46:05.9,,,,,,,,,,
46:06.6,,,,,7847.829102,,,,,
46:06.6,,,,,,28.31640625,,,,
46:06.9,,,,,,,,,,
46:06.9,,,,,7464.320313,,,,,
46:06.9,,,,,,47.37695313,,,,
46:07.9,,,,,,,,,,
46:08.0,,,,,,,,,/IP_10_3_0_8/move_camera,2465
46:08.2,,,0.005230079,-1.097536758,,,,,,
46:08.2,,,0.005608903,-1.087418643,,,,,,
46:08.2,,,0.00587882,-1.080317131,,,,,,
46:08.3,,,0.006411835,-1.066282414,,,,,,
46:08.3,,,0.006942158,-1.052313261,,,,,,
46:08.3,,,0.007124361,-1.047510283,,,,,,
46:08.3,,,0.007486267,-1.037982039,,,,,,
46:08.3,,,0.017506202,-1.096171728,,,,,,
46:08.3,,,0.017780794,-1.086222712,,,,,,
46:08.3,,,0.018045114,-1.076866588,,,,,,
46:08.4,,,,,9006.790039,,,,,
46:08.4,,,,,,42.36621094,,,,
46:08.4,,,,,9642.827148,,,,,
46:08.4,,,,,,36.10839844,,,,
46:08.9,,,,,,,,,,
46:09.3,,,,,,,,,/IP_10_3_0_8/reverse_robot,2260
46:09.9,,,,,,,,,,
46:10.3,,,0.017669902,-0.770342426,,,,,,
46:10.3,,,0.018340456,-0.760761218,,,,,,
46:10.4,,,0.019035589,-0.75310489,,,,,,
46:10.4,,,,,11340.33496,,,,,
46:10.4,,,,,,16.60839844,,,,
46:10.4,,,0.019995918,-0.744549648,,,,,,
46:10.4,,,0.021257202,-0.735327818,,,,,,
46:10.4,,,0.022900321,-0.725269923,,,,,,
46:10.4,,,0.02492754,-0.714566848,,,,,,
46:10.4,,,0.027433232,-0.702945886,,,,,,
46:10.4,,,0.03042351,-0.690529694,,,,,,
46:10.5,88.4848,59.48,,,,,96.5,8.18737152,,
46:10.5,,,0.035875988,-0.670544645,,,,,,
46:10.7,,,,,12190.00879,,,,,
46:10.7,,,,,,17.06542969,,,,
46:10.9,,,,,,,,,,
46:12.5,,,,,,,,,,
46:13.0,,,,,,,,,,
46:13.7,,,,,10969.41016,,,,,
46:13.7,,,,,,34.27929688,,,,
46:13.7,,,0.247597135,-0.139190626,,,,,,
46:13.7,,,0.234534367,-0.139306448,,,,,,
46:13.8,,,0.220427657,-0.139224098,,,,,,
46:13.8,,,0.205957962,-0.138958457,,,,,,
46:13.8,,,0.190675145,-0.138554647,,,,,,
46:13.8,,,0.166206557,-0.137685791,,,,,,
46:13.8,,,0.253515775,-0.098677205,,,,,,
46:13.8,,,0.245469296,-0.097338755,,,,,,
46:13.8,,,0.229029784,-0.0945432,,,,,,
46:13.8,,,0.212846744,-0.091680552,,,,,,
46:13.9,,,,,,,,,,
46:14.7,,,,,11129.43945,,,,,
46:14.7,,,,,,29.41796875,,,,
46:14.7,,,,,7594.551758,,,,,
46:14.7,,,,,,27.1640625,,,,
46:14.9,88.4848,59.42,,,,,97.2,8.18737152,,
46:14.9,,,,,7956.061523,,,,,
46:14.9,,,,,,34.53808594,,,,
46:14.9,88.4848,59.42,,,,,84.6,8.18737152,,
46:14.9,,,,,,,,,,
46:16.0,,,,,,,,,,
46:16.2,,,-0.037200496,-0.019582547,,,,,,
46:16.2,,,-0.037196868,-0.019582885,,,,,,
46:16.3,,,-0.037177371,-0.019586355,,,,,,
46:16.3,,,-0.037148223,-0.019590749,,,,,,
46:16.3,,,-0.03710143,-0.019598474,,,,,,
46:16.3,,,-0.071389439,-0.017557499,,,,,,
46:16.4,,,-0.07138344,-0.017558085,,,,,,
46:16.4,,,-0.07137192,-0.01755921,,,,,,
46:16.4,,,-0.071365982,-0.017559651,,,,,,
46:16.4,,,-0.071584252,-0.017537158,,,,,,
46:16.4,,,,,9366.037109,,,,,
46:16.4,,,,,,41.46289063,,,,
46:16.6,,,,,9041.833984,,,,,
46:16.6,,,,,,27.23046875,,,,
46:16.9,,,,,,,,,,
46:17.8,,,,,,,,,/IP_10_3_0_8/move_robot,8447
46:17.9,,,,,,,,,/IP_10_3_0_8/rosping_service,8247
46:18.0,,,,,,,,,,
46:18.8,,,-0.071597752,-0.02074337,,,,,,
46:18.8,,,-0.057948576,-0.013950819,,,,,,
46:18.8,,,-0.057947746,-0.013950874,,,,,,
46:18.8,,,-0.057944363,-0.013951095,,,,,,
46:18.8,,,-0.057941109,-0.013951309,,,,,,
46:18.8,,,,,8983.355469,,,,,
46:18.8,,,,,,15.86425781,,,,
46:18.8,,,-0.057938223,-0.013951498,,,,,,
46:18.8,,,-0.057935155,-0.013951699,,,,,,
46:18.8,,,-0.057928653,-0.013952124,,,,,,
46:18.8,,,-0.057927701,-0.013952187,,,,,,
46:18.8,,,-0.057926796,-0.013952247,,,,,,
46:18.9,,,,,,,,,,
46:19.5,88.4848,59.24,,,,,95.8,8.18737152,,
46:19.5,,,,,8695.5625,,,,,
46:19.5,,,,,,15.91210938,,,,
46:19.6,,,,,8642.822266,,,,,
46:19.6,,,,,,21.26855469,,,,
46:19.9,,,,,,,,,,
46:20.9,,,,,,,,,,
46:21.2,,,,,6725.55957,,,,,
46:21.2,,,,,,31.31152344,,,,
46:21.2,,,-0.05804157,-0.015220234,,,,,,
46:21.2,,,-0.05804105,-0.015220267,,,,,,
46:21.2,,,-0.05804052,-0.015220302,,,,,,
46:21.3,,,-0.058039107,-0.015220394,,,,,,
46:21.3,,,,,7838.320313,,,,,
46:21.3,,,,,,14.66796875,,,,
46:21.3,,,-0.058486,-0.010237963,,,,,,
46:21.6,,,-0.058484073,-0.010238051,,,,,,
46:21.6,,,-0.058483569,-0.010238076,,,,,,
46:21.7,,,-0.05848341,-0.010238083,,,,,,
46:21.7,,,-0.058483103,-0.010238098,,,,,,
46:21.8,,,-0.05848281,-0.010238112,,,,,,
46:21.9,,,,,,,,,,
46:22.9,,,,,,,,,,
46:23.1,,,-0.05821385,-0.015548661,,,,,,
46:23.1,,,-0.058213825,-0.015548664,,,,,,
46:23.2,,,-0.05821379,-0.015548667,,,,,,
46:23.2,,,-0.058213705,-0.015548675,,,,,,
46:23.2,,,-0.060372781,-0.021088432,,,,,,
46:23.2,,,-0.060372734,-0.021088439,,,,,,
46:23.3,,,-0.060372641,-0.021088453,,,,,,
46:23.3,,,-0.060372553,-0.021088467,,,,,,
46:23.3,,,-0.060372374,-0.021088494,,,,,,
46:23.3,,,,,8416.452148,,,,,
46:23.3,,,,,,32.68457031,,,,
46:23.3,,,,,8361.019531,,,,,
46:23.3,,,,,,40.00976563,,,,
46:23.3,88.4848,59.46,,,,,96.4,8.18737152,,
46:23.3,88.4848,59.46,,,,,100,8.18737152,,
46:23.9,,,,,,,,,,
46:23.9,,,-0.058213952,-0.015548652,,,,,,
46:25.0,,,,,,,,,,
46:25.5,,,-0.053641518,-0.014911763,,,,,,
46:25.5,,,-0.053641504,-0.014911763,,,,,,
46:25.5,,,-0.053641459,-0.014911765,,,,,,
46:25.5,,,-0.053641443,-0.014911765,,,,,,
46:25.5,,,-0.053641427,-0.014911766,,,,,,
46:25.5,,,-0.053641422,-0.014911766,,,,,,
46:25.5,,,-0.053641386,-0.014911767,,,,,,
46:25.5,,,,,9416.321289,,,,,
46:25.5,,,,,,33.29589844,,,,
46:25.5,,,-0.053641376,-0.014911768,,,,,,
46:25.5,,,-0.059648365,-0.011724282,,,,,,
46:25.5,,,-0.059648347,-0.011724279,,,,,,
46:25.8,,,,,8135.652344,,,,,
46:25.8,,,,,,15.00195313,,,,
46:25.8,,,,,7421.584961,,,,,
46:25.8,,,,,,14.99902344,,,,
46:26.0,,,,,,,,,,
46:26.9,,,,,,,,,,
46:27.9,,,-0.060634353,-0.01451257,,,,,,
46:27.9,,,-0.060634349,-0.014512572,,,,,,
46:27.9,,,-0.060634338,-0.014512576,,,,,,
46:27.9,,,-0.060634334,-0.014512577,,,,,,
46:27.9,,,-0.060634334,-0.014512577,,,,,,
46:27.9,,,,,,,,,,
46:28.2,,,,,6432.667969,,,,,
46:28.2,,,,,,13.79589844,,,,
46:28.2,,,,,7561.260742,,,,,
46:28.2,,,,,,27.56542969,,,,
46:28.4,,,-0.060634331,-0.014512578,,,,,,
46:28.4,,,-0.055651302,-0.016112522,,,,,,
46:28.5,,,-0.05565128,-0.01611253,,,,,,
46:28.5,,,-0.055651258,-0.016112537,,,,,,
46:28.5,,,-0.055651239,-0.016112543,,,,,,
46:29.4,,,,,,,,,,
46:29.9,,,,,,,,,,
46:30.3,,,0.24300437,-0.031058415,,,,,,
46:30.3,,,0.252898747,-0.031812465,,,,,,
46:30.4,,,0.262680259,-0.032563179,,,,,,
46:30.4,,,0.272407874,-0.033307398,,,,,,
46:30.4,,,0.287601629,-0.034470894,,,,,,
46:30.4,,,0.301781535,-0.035567669,,,,,,
46:30.4,,,0.30586807,-0.035883872,,,,,,
46:30.4,,,0.24832266,-0.026940506,,,,,,
46:30.4,,,0.256250332,-0.027507804,,,,,,
46:30.4,,,0.26442994,-0.028098646,,,,,,
46:30.5,,,,,8764.029297,,,,,
46:30.5,,,,,,19.25976563,,,,
46:30.6,88.4848,59.33,,,,,94.9,8.18737152,,
46:30.7,,,,,5107.375977,,,,,
46:30.7,,,,,,44.62695313,,,,
46:30.8,,,,,,,,,/IP_10_3_0_8/reverse_robot,2313
46:30.9,,,,,,,,,,
46:32.0,,,,,,,,,,
46:32.7,,,,,7669.211914,,,,,
46:32.7,,,,,,48.87402344,,,,
46:32.7,,,0.149410644,-0.087263397,,,,,,
46:32.7,,,0.133887121,-0.095538914,,,,,,
46:32.7,,,0.129211205,-0.098221981,,,,,,
46:32.7,,,0.23416685,-0.08272073,,,,,,
46:32.7,,,0.224575137,-0.085925946,,,,,,
46:32.7,,,0.215433223,-0.089239144,,,,,,
46:32.7,,,0.207020785,-0.092563034,,,,,,
46:32.7,,,0.198159376,-0.096405868,,,,,,
46:32.7,,,0.189564943,-0.100492813,,,,,,
46:32.7,,,0.175232421,-0.107958343,,,,,,
46:32.9,,,,,7672.808594,,,,,
46:32.9,,,,,,30.38964844,,,,
46:32.9,,,,,6597.816406,,,,,
46:32.9,,,,,,16.90234375,,,,
46:32.9,,,,,,,,,,
46:33.9,,,,,,,,,,
46:34.4,,,,,,,,,/IP_10_3_0_8/move_robot,4321
46:34.8,,,,,,,,,/IP_10_3_0_8/rosping_service,452
46:35.0,,,,,,,,,,
46:35.4,,,0.008644178,-0.296291893,,,,,,
46:35.4,,,0.008644389,-0.296283727,,,,,,
46:35.4,88.4848,59.44,,,,,95.1,8.18737152,,
46:35.5,,,0.008644609,-0.296275432,,,,,,
46:35.5,88.4848,59.44,,,,,100,8.18737152,,
46:35.5,,,0.008644817,-0.296267561,,,,,,
46:35.5,,,0.008645015,-0.296260089,,,,,,
46:35.5,,,0.008645204,-0.296252956,,,,,,
46:35.5,,,0.008647279,-0.296205439,,,,,,
46:35.5,,,0.008646907,-0.29620747,,,,,,
46:35.6,,,0.008647149,-0.296197378,,,,,,
46:35.6,,,0.00864772,-0.296182123,,,,,,
46:35.7,,,,,8639.183594,,,,,
46:35.7,,,,,,16.24414063,,,,
46:35.8,,,,,6624.657227,,,,,
46:35.8,,,,,,15.21875,,,,
46:35.9,,,,,,,,,,
46:36.9,,,,,,,,,,
46:37.8,,,0.009487839,-0.31143816,,,,,,
46:37.8,,,,,6512.641602,,,,,
46:37.8,,,,,,45.79003906,,,,
46:37.8,,,0.009331773,-0.315831104,,,,,,
46:37.9,,,0.009064154,-0.323488395,,,,,,
46:37.9,,,0.008797362,-0.3313809,,,,,,
46:37.9,,,0.008561643,-0.338035667,,,,,,
46:37.9,,,0.008300158,-0.34508096,,,,,,
46:37.9,,,0.007974328,-0.353508057,,,,,,
46:37.9,,,0.007469597,-0.366359163,,,,,,
46:37.9,,,0.007220986,-0.37255825,,,,,,
46:37.9,,,0.006567434,-0.388644336,,,,,,
46:38.0,,,,,,,,,,
46:38.1,,,,,6704.225586,,,,,
46:38.1,,,,,,16.71484375,,,,
46:38.1,,,,,6864.660156,,,,,
46:38.1,,,,,,34.57324219,,,,
46:38.9,,,,,,,,,,
46:39.9,,,,,,,,,,
46:40.0,,,-0.007722505,-0.799593715,,,,,,
46:40.0,,,-0.00799727,-0.807099703,,,,,,
46:40.1,,,-0.008521336,-0.822704494,,,,,,
46:40.1,,,-0.008689824,-0.828100091,,,,,,
46:40.1,,,-0.00827564,-0.815200093,,,,,,
46:40.2,,,-0.008833716,-0.83286526,,,,,,
46:40.2,,,-0.008975683,-0.837727519,,,,,,
46:40.2,,,-0.009113885,-0.842661027,,,,,,
46:40.3,,,-0.009305603,-0.849827474,,,,,,
46:40.3,,,,,7074.358398,,,,,
46:40.3,,,,,,41.34960938,,,,
46:40.3,88.4848,59.24,,,,,97.8,8.18737152,,
46:40.3,,,,,8274.807617,,,,,
46:40.3,,,,,,28.29296875,,,,
46:40.5,,,-0.008356804,-0.817649276,,,,,,
46:40.9,,,,,,,,,,
46:41.9,,,,,,,,,,
46:42.0,,,0.013511713,-1.073063453,,,,,,
46:42.0,,,0.013508024,-1.074664419,,,,,,
46:42.3,,,0.013499903,-1.079082426,,,,,,
46:42.4,,,,,11766.05078,,,,,
46:42.4,,,,,,18.27539063,,,,
46:42.5,,,0.013501937,-1.081410065,,,,,,
46:42.5,,,0.013504684,-1.076317162,,,,,,
46:42.5,,,0.013505475,-1.083340217,,,,,,
46:42.5,,,0.01350703,-1.084096449,,,,,,
46:42.6,,,0.013513936,-1.086245125,,,,,,
46:42.6,,,,,9899.40918,,,,,
46:42.6,,,,,,23.2421875,,,,
46:42.9,,,,,,,,,,
46:42.9,,,0.013517135,-1.086909536,,,,,,
46:42.9,,,0.013501747,-1.077792036,,,,,,
46:43.9,,,,,,,,,,
46:44.1,,,0.005865797,-1.132638514,,,,,,
46:44.1,,,0.005866937,-1.132708883,,,,,,
46:44.2,,,0.00586663,-1.132669708,,,,,,
46:44.2,,,0.005860783,-1.132227817,,,,,,
46:44.2,,,0.005855072,-1.131812338,,,,,,
46:44.2,,,0.005852577,-1.131637456,,,,,,
46:44.2,,,0.005851408,-1.131547123,,,,,,
46:44.2,,,0.005850938,-1.131503764,,,,,,
46:44.2,,,0.005849071,-1.131334421,,,,,,
46:44.2,,,,,,19.90625,,,,
46:44.2,,,,,7894.605469,,,,,
46:44.2,,,0.005848925,-1.131318984,,,,,,
46:44.3,85.6061,59.09,,,,,97.1,8.18737152,,
46:44.3,85.6061,59.09,,,,,100,8.18737152,,
46:44.4,,,,,8162.212891,,,,,
46:44.4,,,,,,29.70117188,,,,
46:44.9,,,,,,,,,,
46:45.9,,,,,,,,,,
46:46.4,,,0.000822394,-1.137379208,,,,,,
46:46.5,,,0.000824535,-1.137276915,,,,,,
46:46.5,,,0.0008288,-1.137101955,,,,,,
46:46.5,,,0.000829703,-1.137078373,,,,,,
46:46.5,,,0.000828118,-1.13715052,,,,,,
46:46.5,,,,,9066.797852,,,,,
46:46.5,,,,,,17.83886719,,,,
46:46.5,,,0.000822411,-1.137310374,,,,,,
46:46.5,,,0.000828352,-1.137125466,,,,,,
46:46.5,,,0.000828375,-1.137125105,,,,,,
46:46.5,,,0.000827963,-1.137135019,,,,,,
46:46.5,,,0.000815744,-1.137428273,,,,,,
46:46.8,,,,,9294.201172,,,,,
46:46.8,,,,,,35.69335938,,,,
46:47.0,,,,,,,,,,
46:48.0,,,,,,,,,,
46:48.2,,,,,,,,,/IP_10_3_0_8/trolley_parking_service,13780
46:48.8,,,,,7439.994141,,,,,
46:48.8,,,,,,41.42089844,,,,
46:48.8,,,0.006140372,-1.126125644,,,,,,
46:48.8,,,0.006140394,-1.126125447,,,,,,
46:48.8,,,-0.003066677,-1.128626185,,,,,,
46:48.8,,,-0.003066656,-1.128625962,,,,,,
46:48.8,,,-0.003066616,-1.128625509,,,,,,
46:48.8,,,-0.003066579,-1.1286251,,,,,,
46:48.8,,,-0.003066544,-1.128624712,,,,,,
46:48.8,,,-0.003066511,-1.128624343,,,,,,
46:48.8,,,-0.00306648,-1.128623991,,,,,,
46:48.9,,,,,,,,,,
46:48.9,,,-0.003066435,-1.128623493,,,,,,
46:49.1,,,,,6013.084961,,,,,
46:49.1,,,,,,23.2265625,,,,
46:49.1,85.6061,58.88,,,,,98.5,8.18737152,,
46:49.8,,,,,7163.932617,,,,,
46:49.8,,,,,,27.30371094,,,,
46:49.9,,,,,,,,,,
46:50.3,,,-0.003382213,-1.122324875,,,,,,
46:50.3,,,-0.003382185,-1.122324559,,,,,,
46:50.3,,,-0.003382157,-1.122324242,,,,,,
46:50.3,,,-0.003382133,-1.122323973,,,,,,
46:50.3,,,-0.003382108,-1.122323683,,,,,,
46:50.4,,,-0.003382086,-1.122323441,,,,,,
46:50.4,,,-0.003382031,-1.122322817,,,,,,
46:50.4,,,-0.003382008,-1.122322558,,,,,,
46:50.4,,,-0.003382006,-1.122322535,,,,,,
46:50.4,,,-0.003381988,-1.122322331,,,,,,
46:50.5,,,,,5754.138672,,,,,
46:50.5,,,,,,19.27539063,,,,
46:50.9,,,,,,,,,,
46:51.7,,,-0.001631769,-1.129799903,,,,,,
46:51.7,,,,,7062.283203,,,,,
46:51.7,,,,,,21.13378906,,,,
46:51.7,,,-0.001631757,-1.129799802,,,,,,
46:51.7,,,-0.001631755,-1.129799783,,,,,,
46:51.7,,,-0.001631753,-1.129799764,,,,,,
46:51.7,,,-0.001631742,-1.129799676,,,,,,
46:51.8,,,-0.001631733,-1.129799599,,,,,,
46:51.8,,,-0.001631724,-1.129799522,,,,,,
46:51.8,,,-0.001631715,-1.12979945,,,,,,
46:51.8,,,-0.001631692,-1.129799258,,,,,,
46:51.8,,,-0.001631672,-1.129799089,,,,,,
46:51.9,,,,,,,,,,
46:52.0,,,,,7100.368164,,,,,
46:52.0,,,,,,34.95898438,,,,
46:52.9,,,,,,,,,,
46:53.1,,,-0.003504303,-1.122374222,,,,,,
46:53.2,,,-0.004184059,-1.123567614,,,,,,
46:53.2,,,-0.004184058,-1.123567552,,,,,,
46:53.2,,,-0.004184055,-1.123567414,,,,,,
46:53.2,,,-0.004184054,-1.123567361,,,,,,
46:53.2,,,-0.004184054,-1.12356734,,,,,,
46:53.2,,,-0.004184053,-1.123567291,,,,,,
46:53.3,,,,,8322.77832,,,,,
46:53.3,,,,,,19.39746094,,,,
46:53.4,88.4848,58.64,,,,,97.4,8.18737152,,
46:53.4,88.4848,58.64,,,,,100,8.18737152,,
46:53.7,,,-0.003504307,-1.122374307,,,,,,
46:53.9,,,,,,,,,,
46:53.9,,,-0.003504307,-1.122374305,,,,,,
46:54.0,,,-0.003504305,-1.122374262,,,,,,
46:54.6,,,-0.00418404,-1.123566588,,,,,,
46:54.7,,,-0.00418404,-1.123566577,,,,,,
46:54.7,,,-0.00418404,-1.123566566,,,,,,
46:54.7,,,0.00108658,-1.123696402,,,,,,
46:54.7,,,0.001086608,-1.123696359,,,,,,
46:54.7,,,0.001086612,-1.123696351,,,,,,
46:54.7,,,,,,35.68457031,,,,
46:54.7,,,0.001086644,-1.123696302,,,,,,
46:54.7,,,,,7617.126953,,,,,
46:54.7,,,0.001086659,-1.123696279,,,,,,
46:54.7,,,0.001086662,-1.123696275,,,,,,
46:54.7,,,0.001086674,-1.123696257,,,,,,
46:54.9,,,,,7054.761719,,,,,
46:54.9,,,,,,42.21777344,,,,
46:54.9,,,,,,,,,,
46:55.9,,,,,,,,,,
46:56.2,,,-0.001783662,-1.127052265,,,,,,
46:56.2,,,-0.001783662,-1.127052265,,,,,,
46:56.2,,,-0.001783663,-1.127052264,,,,,,
46:56.2,,,-0.001783663,-1.127052263,,,,,,
46:56.2,,,-0.001783664,-1.127052262,,,,,,
46:56.2,,,-0.001783665,-1.127052262,,,,,,
46:56.2,,,-0.001783665,-1.127052262,,,,,,
46:56.2,,,-0.001783666,-1.127052259,,,,,,
46:56.2,,,-0.001783667,-1.127052259,,,,,,
46:56.2,,,-0.001783667,-1.127052258,,,,,,
46:56.3,,,,,7166.200195,,,,,
46:56.3,,,,,,29.58300781,,,,
46:56.9,,,,,,,,,,
46:57.6,,,-0.005968883,-1.126523932,,,,,,
46:57.6,,,-0.00596889,-1.126523931,,,,,,
46:57.7,,,-0.005968897,-1.126523929,,,,,,
46:57.7,,,-0.005968904,-1.126523928,,,,,,
46:57.7,,,-0.00596891,-1.126523927,,,,,,
46:57.7,,,,,8106.552734,,,,,
46:57.7,,,,,,18.41503906,,,,
46:57.7,,,-0.005968924,-1.126523924,,,,,,
46:57.8,,,-0.005968926,-1.126523924,,,,,,
46:57.8,,,-0.005968927,-1.126523924,,,,,,
46:57.8,,,-0.005968932,-1.126523923,,,,,,
46:57.8,,,-0.005968937,-1.126523922,,,,,,
46:57.9,,,,,,,,,,
46:57.9,,,,,7990.543945,,,,,
46:57.9,,,,,,17.27734375,,,,
46:58.9,,,,,,,,,,
46:59.1,,,-0.007543628,-1.123944511,,,,,,
46:59.1,,,-0.007543653,-1.123944496,,,,,,
46:59.1,,,-0.007543664,-1.123944489,,,,,,
46:59.1,,,-0.007543666,-1.123944487,,,,,,
46:59.1,,,-0.007543675,-1.123944482,,,,,,
46:59.1,,,-0.007543684,-1.123944476,,,,,,
46:59.1,,,-0.007543692,-1.123944471,,,,,,
46:59.2,,,,,8531.335938,,,,,
46:59.2,,,,,,19.99707031,,,,
46:59.3,88.4848,58.6,,,,,97.5,8.18737152,,
46:59.3,,,-0.004298398,-1.125269012,,,,,,
46:59.5,,,-0.007543618,-1.123944518,,,,,,
46:59.9,,,,,,,,,,
46:59.9,,,-0.007543623,-1.123944514,,,,,,
47:00.5,,,0.015820925,-1.129393226,,,,,,
47:00.5,,,0.015820949,-1.129393231,,,,,,
47:00.5,,,0.015820982,-1.129393237,,,,,,
47:00.5,,,0.015821015,-1.129393243,,,,,,
47:00.5,,,0.015821026,-1.129393245,,,,,,
47:00.5,,,0.015821045,-1.129393249,,,,,,
47:00.5,,,,,7258.730469,,,,,
47:00.5,,,,,,30.52050781,,,,
47:00.5,,,0.015821087,-1.129393257,,,,,,
47:00.5,,,0.015821104,-1.12939326,,,,,,
47:00.5,,,0.01582112,-1.129393263,,,,,,
47:00.5,,,0.015821164,-1.129393272,,,,,,
47:00.7,,,,,,,,,/IP_10_3_0_8/release_trolley,12516
47:00.8,,,,,7353.172852,,,,,
47:00.8,,,,,,18.77929688,,,,
47:00.8,,,,,,,,,/IP_10_3_0_8/rosping_service,9555
47:00.8,,,,,,,,,,
47:01.8,,,-0.003248063,-1.140820767,,,,,,
47:01.8,,,-0.003248079,-1.140820808,,,,,,
47:01.8,,,-0.003208585,-1.140425666,,,,,,
47:01.9,,,,,,,,,,
47:01.9,,,-0.003014476,-1.13843622,,,,,,
47:01.9,,,-0.002799817,-1.13624132,,,,,,
47:01.9,,,-0.002427051,-1.132434857,,,,,,
47:01.9,,,-0.001981553,-1.127913098,,,,,,
47:01.9,,,-0.001518396,-1.12329856,,,,,,
47:02.0,,,-0.000915829,-1.117191658,,,,,,
47:02.0,,,1.77E-05,-1.107796059,,,,,,
47:02.8,,,,,8881.47168,,,,,
47:02.8,,,,,,44.91113281,,,,
47:02.9,,,,,,,,,,
47:03.4,,,0.015457415,-0.880673493,,,,,,
47:03.4,,,0.016607667,-0.870687151,,,,,,
47:03.4,,,0.017717618,-0.861106732,,,,,,
47:03.4,,,0.018837247,-0.851456453,,,,,,
47:03.4,,,0.020561474,-0.836595487,,,,,,
47:03.4,,,0.021721327,-0.826703166,,,,,,
47:03.4,,,0.022864213,-0.816996578,,,,,,
47:03.4,,,0.024032684,-0.807079522,,,,,,
47:03.4,,,0.025178518,-0.797423649,,,,,,
47:03.4,,,0.026330111,-0.787756171,,,,,,
47:03.5,,,,,,42.92089844,,,,
47:03.5,,,,,8204.03418,,,,,
47:03.6,88.4848,59.09,,,,,98.1,8.18737152,,
47:03.6,88.4848,59.09,,,,,93.3,8.18737152,,
47:03.9,,,,,,,,,,
47:04.3,,,,,,,,,/IP_10_3_0_8/reverse_robot,3118
47:04.9,,,,,,,,,,
47:05.1,,,0.060888631,-0.500109374,,,,,,
47:05.1,,,0.061717625,-0.492910563,,,,,,
47:05.1,,,0.062551126,-0.484421284,,,,,,
47:05.1,,,0.062918656,-0.479993484,,,,,,
47:05.1,,,0.063907494,-0.466055476,,,,,,
47:05.1,,,0.064266549,-0.449673259,,,,,,
47:05.3,,,,,5871.946289,,,,,
47:05.3,,,,,,22.70507813,,,,
47:05.5,,,0.059606951,-0.536438214,,,,,,
47:05.5,,,,,7923.859375,,,,,
47:05.5,,,,,,30.23144531,,,,
47:05.5,,,0.05831537,-0.520991612,,,,,,
47:05.7,,,0.059030647,-0.515282601,,,,,,
47:05.8,,,0.059725729,-0.509696489,,,,,,
47:05.9,,,,,,,,,,
47:06.5,,,0.022843342,-0.165142626,,,,,,
47:06.6,,,0.018547976,-0.158667735,,,,,,
47:06.6,,,0.014156611,-0.15239678,,,,,,
47:06.6,,,0.009997801,-0.146886124,,,,,,
47:06.6,,,0.005919347,-0.141850564,,,,,,
47:06.6,,,0.002016029,-0.137407319,,,,,,
47:06.7,,,-0.00117571,-0.133993869,,,,,,
47:06.7,,,-0.005950189,-0.129225988,,,,,,
47:06.7,,,-0.010772891,-0.125193408,,,,,,
47:06.7,,,,,6154.109375,,,,,
47:06.7,,,,,,23.43652344,,,,
47:06.7,,,-0.012962887,-0.123515464,,,,,,
47:06.8,,,,,8012.685547,,,,,
47:06.8,,,,,,28.26757813,,,,
47:06.9,,,,,,,,,,
47:07.9,,,,,,,,,,
47:08.2,,,0.061007722,-0.012798063,,,,,,
47:08.2,,,0.079961842,-0.009484472,,,,,,
47:08.2,,,0.109699875,-0.004138276,,,,,,
47:08.2,,,0.140833533,0.001661793,,,,,,
47:08.3,,,0.152087424,0.003796325,,,,,,
47:08.3,,,0.173498728,0.007957321,,,,,,
47:08.3,,,0.196016614,0.012393466,,,,,,
47:08.3,,,0.219493576,0.017196122,,,,,,
47:08.3,,,-0.009415953,0.06522739,,,,,,
47:08.3,,,0.021994446,0.085205154,,,,,,
47:08.4,,,,,8817.523438,,,,,
47:08.4,,,,,,35.18164063,,,,
47:08.9,,,,,,,,,,
47:09.8,,,0.517164434,0.498814401,,,,,,
47:09.9,,,0.537996319,0.515893569,,,,,,
47:09.9,,,0.557787134,0.532176864,,,,,,
47:09.9,,,,,,,,,,
47:09.9,,,0.577233721,0.5482798,,,,,,
47:09.9,,,,,7879.085938,,,,,
47:09.9,,,,,,22.62988281,,,,
47:09.9,,,0.59594742,0.563975417,,,,,,
47:10.0,,,0.614057683,0.579472719,,,,,,
47:10.0,,,0.631952895,0.595215571,,,,,,
47:10.1,,,0.672701449,0.633608142,,,,,,
47:10.2,,,0.693161266,0.654969847,,,,,,
47:10.2,88.4848,59.33,,,,,97.9,8.18737152,,
47:10.3,,,,,8635.970703,,,,,
47:10.3,,,,,,40.01171875,,,,
47:10.8,,,0.648507686,0.610368423,,,,,,
47:11.1,,,,,,,,,,
47:12.0,,,,,,,,,,
47:12.9,,,,,,,,,/IP_10_3_0_8/move_robot,8601
47:13.0,,,,,,,,,,
47:13.4,,,1.16164712,1.102826661,,,,,,
47:13.4,,,1.161661598,1.10282254,,,,,,
47:13.5,,,1.161674491,1.102818869,,,,,,
47:13.5,,,1.161686721,1.102815387,,,,,,
47:13.5,,,1.161697604,1.102812297,,,,,,
47:13.5,,,1.165170988,1.097855135,,,,,,
47:13.5,,,1.165196107,1.097853321,,,,,,
47:13.5,,,1.165200225,1.097853063,,,,,,
47:13.5,,,1.165218387,1.097851718,,,,,,
47:13.5,,,,,7717.348633,,,,,
47:13.5,,,,,,43.75,,,,
47:13.5,,,1.165235785,1.097850429,,,,,,
47:13.8,,,,,5734.551758,,,,,
47:13.8,,,,,,27.45703125,,,,
47:13.8,85.6061,59.29,,,,,96.9,8.18737152,,
47:13.8,,,,,4259.705078,,,,,
47:13.8,,,,,,14.68945313,,,,
47:13.8,85.6061,59.29,,,,,100,8.18737152,,
47:13.9,,,,,,,,,,
47:14.9,,,,,,,,,,
47:15.3,,,1.163988086,1.094868517,,,,,,
47:15.3,,,,,2941.863281,,,,,
47:15.3,,,,,,21.25488281,,,,
47:15.3,,,1.16399394,1.094868036,,,,,,
47:15.3,,,1.163998947,1.094867625,,,,,,
47:15.3,,,1.164001162,1.094867451,,,,,,
47:15.3,,,1.164002541,1.094867343,,,,,,
47:15.3,,,1.164003855,1.094867239,,,,,,
47:15.3,,,1.164005263,1.094867128,,,,,,
47:15.3,,,1.164006411,1.094867037,,,,,,
47:15.3,,,1.164007565,1.094866947,,,,,,
47:15.3,,,1.164011355,1.094866635,,,,,,
47:15.5,,,,,3342.271484,,,,,
47:15.5,,,,,,15.76855469,,,,
47:15.9,,,,,,,,,,
47:16.5,,,1.162006966,1.096459963,,,,,,
47:16.5,,,1.162009843,1.096459742,,,,,,
47:16.5,,,1.162012433,1.096459543,,,,,,
47:16.5,,,1.162016629,1.096459211,,,,,,
47:16.5,,,,,3140.680664,,,,,
47:16.5,,,,,,30.17382813,,,,
47:16.5,,,1.16201684,1.096459202,,,,,,
47:16.5,,,1.162018857,1.096459046,,,,,,
47:16.5,,,1.162024107,1.096458635,,,,,,
47:16.5,,,1.162025907,1.096458497,,,,,,
47:16.6,,,1.162026006,1.096458491,,,,,,
47:16.6,,,1.161184466,1.099677174,,,,,,
47:16.7,,,,,2125.295898,,,,,
47:16.7,,,,,,18.38574219,,,,
47:16.9,,,,,,,,,,
47:17.6,,,1.161213762,1.099675084,,,,,,
47:17.6,,,1.16121483,1.099675009,,,,,,
47:17.6,,,1.161214916,1.099675003,,,,,,
47:17.6,,,1.161215886,1.099674934,,,,,,
47:17.6,,,1.161216813,1.099674868,,,,,,
47:17.7,,,1.161217754,1.0996748,,,,,,
47:17.7,,,1.161218587,1.099674741,,,,,,
47:17.7,,,1.161219378,1.099674684,,,,,,
47:17.8,,,1.161221548,1.099674527,,,,,,
47:17.8,,,1.161222225,1.099674479,,,,,,
47:17.9,,,,,,,,,,
47:17.9,,,,,2192.454102,,,,,
47:17.9,,,,,,45.70898438,,,,
47:18.8,,,1.164508231,1.096129205,,,,,,
47:18.8,,,1.164508748,1.096129161,,,,,,
47:18.8,,,1.164510109,1.096129043,,,,,,
47:18.8,,,1.164509853,1.096129066,,,,,,
47:18.8,,,1.164510294,1.096129029,,,,,,
47:18.8,,,1.164510728,1.096128992,,,,,,
47:18.8,,,1.164511162,1.096128955,,,,,,
47:18.8,,,,,,,,,,
47:18.9,,,1.164511171,1.096128955,,,,,,
47:18.9,,,1.164511533,1.096128924,,,,,,
47:18.9,,,1.164511883,1.096128894,,,,,,
47:19.0,,,,,2698.90332,,,,,
47:19.0,,,,,,43.703125,,,,
47:19.3,85.6061,59.37,,,,,97.1,8.18737152,,
47:19.8,,,1.165617844,1.093676448,,,,,,
47:19.8,,,1.165618131,1.09367642,,,,,,
47:19.8,,,1.165618404,1.093676394,,,,,,
47:19.8,,,1.165618681,1.093676367,,,,,,
47:19.9,,,1.165618947,1.093676341,,,,,,
47:19.9,,,,,,,,,,
47:19.9,,,1.16561898,1.093676338,,,,,,
47:19.9,,,,,3247.186523,,,,,
47:19.9,,,,,,30.15332031,,,,
47:19.9,,,1.165619023,1.093676334,,,,,,
47:19.9,,,1.165619257,1.093676312,,,,,,
47:19.9,,,1.16561928,1.09367631,,,,,,
47:19.9,,,1.16561948,1.09367629,,,,,,
47:20.8,,,,,,,,,,
47:20.9,,,1.16290108,1.09680961,,,,,,
47:20.9,,,1.162901633,1.096809573,,,,,,
47:21.0,,,1.162901647,1.096809572,,,,,,
47:21.1,,,1.162902004,1.096809549,,,,,,
47:21.1,,,1.162902112,1.096809542,,,,,,
47:21.2,,,1.162902214,1.096809535,,,,,,
47:21.2,,,1.162902486,1.096809517,,,,,,
47:21.2,,,1.162902576,1.096809511,,,,,,
47:21.2,,,,,2998.387695,,,,,
47:21.2,,,,,,17.93554688,,,,
47:21.5,,,1.162901775,1.096809564,,,,,,
47:21.6,,,1.162901891,1.096809556,,,,,,
47:21.9,,,,,,,,,,
47:22.2,,,1.161749059,1.093313366,,,,,,
47:22.2,,,1.161749215,1.093313341,,,,,,
47:22.3,,,1.161749333,1.093313323,,,,,,
47:22.3,,,1.161749297,1.093313329,,,,,,
47:22.3,,,1.161749347,1.093313321,,,,,,
47:22.3,,,1.161749398,1.093313313,,,,,,
47:22.3,,,1.16174944,1.093313307,,,,,,
47:22.3,,,1.161749586,1.093313284,,,,,,
47:22.3,,,1.164393521,1.093700778,,,,,,
47:22.3,,,1.164393699,1.093700757,,,,,,
47:22.3,,,,,3239.611328,,,,,
47:22.3,,,,,,18.14941406,,,,
47:22.9,,,,,,,,,,
47:23.2,,,1.164394448,1.093700671,,,,,,
47:23.2,,,1.164394484,1.093700667,,,,,,
47:23.3,,,1.164394486,1.093700666,,,,,,
47:23.3,,,1.164394519,1.093700663,,,,,,
47:23.3,,,1.164394545,1.093700659,,,,,,
47:23.3,,,,,3484.107422,,,,,
47:23.3,,,,,,47.79785156,,,,
47:23.3,,,1.164394573,1.093700656,,,,,,
47:23.3,85.6061,59.52,,,,,96.8,8.18737152,,
47:23.3,,,1.1643946,1.093700653,,,,,,
47:23.3,85.6061,59.52,,,,,100,8.18737152,,
47:23.3,,,1.166900574,1.099233473,,,,,,
47:23.3,,,1.166900687,1.099233499,,,,,,
47:23.3,,,1.166900739,1.099233512,,,,,,
47:23.9,,,,,,,,,,
47:24.4,,,1.166901293,1.099233643,,,,,,
47:24.4,,,1.166901308,1.099233647,,,,,,
47:24.5,,,1.166901324,1.09923365,,,,,,
47:24.5,,,1.166901375,1.099233663,,,,,,
47:24.5,,,,,2886.496094,,,,,
47:24.5,,,,,,50.39160156,,,,
47:24.5,,,1.166901376,1.099233663,,,,,,
47:24.5,,,1.166901388,1.099233666,,,,,,
47:24.5,,,1.166901388,1.099233665,,,,,,
47:24.5,,,1.166901399,1.099233668,,,,,,
47:24.5,,,1.166901411,1.099233671,,,,,,
47:24.5,,,1.166901423,1.099233674,,,,,,
47:24.9,,,,,,,,,,
47:25.7,,,1.168989763,1.097898095,,,,,,
47:25.7,,,,,3529.401367,,,,,
47:25.7,,,,,,17.69238281,,,,
47:25.7,,,1.169410777,1.097858819,,,,,,
47:25.7,,,1.171002815,1.097715854,,,,,,
47:25.7,,,1.17204893,1.097621069,,,,,,
47:25.7,,,1.174126855,1.097434192,,,,,,
47:25.8,,,1.17497698,1.09738947,,,,,,
47:25.8,,,1.175266529,1.09737217,,,,,,
47:25.8,,,1.175816241,1.097365941,,,,,,
47:25.8,,,1.176383437,1.097370532,,,,,,
47:25.8,,,1.176447235,1.097380469,,,,,,
47:25.8,,,,,,,,,/IP_10_3_0_8/move_camera,2062
47:25.8,,,,,3396.614258,,,,,
47:25.8,,,,,,46.34277344,,,,
47:25.8,,,,,,,,,,
47:26.8,,,1.066731889,1.074898707,,,,,,
47:26.8,,,1.061562841,1.072026295,,,,,,
47:26.8,,,1.05070339,1.065807021,,,,,,
47:26.8,,,1.039436835,1.058897968,,,,,,
47:26.8,,,1.027918675,1.05139992,,,,,,
47:26.9,,,,,,,,,,
47:26.9,,,1.015784294,1.043012789,,,,,,
47:26.9,,,0.997611902,1.029610225,,,,,,
47:26.9,,,0.984878721,1.019402497,,,,,,
47:26.9,,,0.971800196,1.008593606,,,,,,
47:26.9,,,0.957171643,0.996324395,,,,,,
47:26.9,,,,,3698.313477,,,,,
47:26.9,,,,,,49.1796875,,,,
47:27.9,,,,,,,,,,
47:28.0,,,0.762972582,0.66564993,,,,,,
47:28.1,,,0.681537628,0.575201834,,,,,,
47:28.2,,,0.663620958,0.555040763,,,,,,
47:28.2,,,0.645614138,0.53465865,,,,,,
47:28.2,,,0.627693836,0.514357114,,,,,,
47:28.3,,,0.608515569,0.492539604,,,,,,
47:28.3,,,0.708120609,0.604933092,,,,,,
47:28.3,,,0.554720635,0.431023596,,,,,,
47:28.3,,,0.545650174,0.420583387,,,,,,
47:28.4,,,,,4335.717773,,,,,
47:28.4,,,,,,37.29101563,,,,
47:28.7,,,0.699549588,0.595358009,,,,,,
47:28.9,,,,,,,,,,
47:29.5,,,0.365447911,0.109354523,,,,,,
47:29.6,,,0.311359517,0.052879389,,,,,,
47:29.6,,,0.305216559,0.046784048,,,,,,
47:29.6,,,0.291339107,-0.061695104,,,,,,
47:29.6,,,0.281286928,-0.074568584,,,,,,
47:29.6,,,0.271683575,-0.086800783,,,,,,
47:29.6,,,0.262505937,-0.098493188,,,,,,
47:29.6,,,0.248992797,-0.115744484,,,,,,
47:29.6,,,,,4467.949219,,,,,
47:29.6,,,,,,26.16894531,,,,
47:29.6,85.6061,59.12,,,,,97.4,8.18737152,,
47:29.6,,,0.236484804,-0.131874535,,,,,,
47:29.6,,,0.232149567,-0.137480729,,,,,,
47:29.7,,,,,4527.223633,,,,,
47:29.7,,,,,,21.50195313,,,,
47:29.9,,,,,,,,,,
47:30.8,,,0.179110481,-0.21240356,,,,,,
47:30.8,,,0.179776059,-0.208401883,,,,,,
47:30.8,,,0.180546356,-0.203708587,,,,,,
47:30.8,,,0.022737569,-0.359374409,,,,,,
47:30.8,,,0.028819161,-0.352051168,,,,,,
47:30.8,,,,,,,,,,
47:30.9,,,0.03807215,-0.340886572,,,,,,
47:30.9,,,0.043656675,-0.334126239,,,,,,
47:30.9,,,0.047223414,-0.329781701,,,,,,
47:30.9,,,0.050956097,-0.325178128,,,,,,
47:30.9,,,0.054762071,-0.320423167,,,,,,
47:31.0,,,,,3869.039063,,,,,
47:31.0,,,,,,21.14550781,,,,
47:31.9,,,,,,,,,,
47:32.1,,,0.011107938,-0.33061881,,,,,,
47:32.2,,,0.01111184,-0.330593206,,,,,,
47:32.2,,,0.011118797,-0.330548684,,,,,,
47:32.3,,,0.011125996,-0.330502662,,,,,,
47:32.3,,,0.011132626,-0.33046026,,,,,,
47:32.3,,,0.011135124,-0.330443713,,,,,,
47:32.4,,,0.011152828,-0.330333216,,,,,,
47:32.4,,,0.011154111,-0.330322166,,,,,,
47:32.4,,,,,4049.091797,,,,,
47:32.4,,,,,,35.31933594,,,,
47:32.8,,,0.011100379,-0.330668645,,,,,,
47:32.9,,,,,,,,,,
47:33.0,,,0.071054869,-0.295541011,,,,,,
47:33.1,,,,,,,,,/IP_10_3_0_8/move_robot,8094
47:33.5,,,0.00794386,-0.322742131,,,,,,
47:33.5,,,0.007944557,-0.322727487,,,,,,
47:33.5,,,0.00794462,-0.322725768,,,,,,
47:33.5,,,0.007944694,-0.32272384,,,,,,
47:33.6,,,0.007508475,-0.325730216,,,,,,
47:33.6,,,0.007508853,-0.325720825,,,,,,
47:33.6,,,0.007509231,-0.325711447,,,,,,
47:33.6,,,0.007509735,-0.325698913,,,,,,
47:33.6,,,,,4424.484375,,,,,
47:33.6,,,,,,22.6171875,,,,
47:33.6,88.4848,59.01,,,,,98.6,8.18737152,,
47:33.6,,,0.007510051,-0.325691043,,,,,,
47:33.6,88.4848,59.01,,,,,91.7,8.18737152,,
47:33.6,,,0.007510332,-0.325684006,,,,,,
47:33.7,,,,,4688.536133,,,,,
47:33.7,,,,,,46.21679688,,,,
47:33.9,,,,,,,,,,
47:34.8,,,0.007518149,-0.325503846,,,,,,
47:34.8,,,0.007518414,-0.325497856,,,,,,
47:34.8,,,0.007518683,-0.325491778,,,,,,
47:34.8,,,0.007519609,-0.325472033,,,,,,
47:34.8,,,0.009669485,-0.319570653,,,,,,
47:34.8,,,0.009669831,-0.319562139,,,,,,
47:34.8,,,0.00967031,-0.319551375,,,,,,
47:34.8,,,0.009670551,-0.319545273,,,,,,
47:34.8,,,0.009670685,-0.319541946,,,,,,
47:34.8,,,0.009670999,-0.319534595,,,,,,
47:34.9,,,,,,,,,,
47:35.0,,,,,4814.000977,,,,,
47:35.0,,,,,,52.03808594,,,,
47:35.2,,,,,,,,,/IP_10_3_0_8/move_camera,2109
47:35.3,,,,,,,,,/IP_10_3_0_8/rosping_service,1407
47:35.9,,,,,,,,,,
47:36.2,,,,,,,,,/IP_10_3_0_8/object_detection,1005
47:36.2,,,0.017029435,-0.320121007,,,,,,
47:36.2,,,0.017029524,-0.320119139,,,,,,
47:36.3,,,0.017029602,-0.320117501,,,,,,
47:36.3,,,0.017029679,-0.320115891,,,,,,
47:36.3,,,0.017029753,-0.320114345,,,,,,
47:36.3,,,0.017029825,-0.320112852,,,,,,
47:36.4,,,0.017029894,-0.320111398,,,,,,
47:36.4,,,0.017030307,-0.320102958,,,,,,
47:36.5,,,0.017030355,-0.320101887,,,,,,
47:36.5,,,0.0170304,-0.320100926,,,,,,
47:36.6,,,,,5051.074219,,,,,
47:36.6,,,,,,40.52441406,,,,
47:36.9,,,,,,,,,,
47:37.7,,,0.016657781,-0.316384687,,,,,,
47:37.7,,,0.016657795,-0.316384362,,,,,,
47:37.7,,,0.016657809,-0.316384027,,,,,,
47:37.7,,,0.016657822,-0.316383733,,,,,,
47:37.7,,,,,5319.833984,,,,,
47:37.7,,,,,,27.48144531,,,,
47:37.7,,,0.016657945,-0.316381095,,,,,,
47:37.8,,,0.016657954,-0.316380885,,,,,,
47:37.8,,,0.016657963,-0.316380673,,,,,,
47:37.8,,,0.016658,-0.316379856,,,,,,
47:37.8,,,0.016658007,-0.316379695,,,,,,
47:37.8,,,0.016658013,-0.316379545,,,,,,
47:37.9,,,,,,,,,,
47:37.9,,,,,5951.527344,,,,,
47:37.9,,,,,,20.21386719,,,,
47:38.3,,,,,,,,,/IP_10_3_0_8/move_camera,2111
47:38.9,,,,,,,,,,
47:39.0,,,0.015966271,-0.315301565,,,,,,
47:39.0,,,0.015966294,-0.315301083,,,,,,
47:39.1,,,,,5908.25293,,,,,
47:39.1,,,,,,25.60742188,,,,
47:39.2,88.4848,59.03,,,,,97.6,8.18737152,,
47:39.5,,,0.015966332,-0.315300275,,,,,,
47:39.6,,,0.01596635,-0.315299886,,,,,,
47:39.7,,,0.015966312,-0.315300681,,,,,,
47:39.8,,,0.015966399,-0.31529885,,,,,,
47:39.8,,,0.013816797,-0.321673819,,,,,,
47:39.8,,,0.013816801,-0.321673687,,,,,,
47:39.9,,,,,,,,,,
47:39.9,,,0.013816805,-0.321673557,,,,,,
47:39.9,,,0.013816847,-0.321672381,,,,,,
47:40.4,,,0.011664895,-0.318154036,,,,,,
47:40.4,,,0.0116649,-0.318153681,,,,,,
47:40.4,,,0.011664904,-0.318153398,,,,,,
47:40.4,,,0.011664905,-0.31815328,,,,,,
47:40.4,,,0.011664907,-0.318153169,,,,,,
47:40.4,,,0.01166491,-0.318152932,,,,,,
47:40.4,,,0.011664913,-0.318152705,,,,,,
47:40.4,,,0.011664918,-0.318152357,,,,,,
47:40.4,,,0.011664921,-0.318152128,,,,,,
47:40.4,,,,,6205.178711,,,,,
47:40.4,,,,,,33.75097656,,,,
47:40.4,,,0.011664925,-0.318151845,,,,,,
47:40.9,,,,,,,,,,
47:41.8,,,0.007355808,-0.349126942,,,,,,
47:41.8,,,0.007304751,-0.352747092,,,,,,
47:41.8,,,,,6261.993164,,,,,
47:41.8,,,,,,27.01953125,,,,
47:41.8,,,0.007228288,-0.359949473,,,,,,
47:41.8,,,0.007222467,-0.362226512,,,,,,
47:41.9,,,0.00722411,-0.366970176,,,,,,
47:41.9,,,,,,,,,,
47:41.9,,,0.007245505,-0.371656052,,,,,,
47:41.9,,,0.007314779,-0.378843064,,,,,,
47:41.9,,,0.007351378,-0.381265594,,,,,,
47:41.9,,,0.007423404,-0.385420273,,,,,,
47:42.0,,,0.007510642,-0.38968527,,,,,,
47:42.4,,,,,6585.507813,,,,,
47:42.4,,,,,,38.34960938,,,,
47:42.9,,,,,,,,,,
47:43.7,,,0.02027324,-0.490117087,,,,,,
47:43.7,,,0.020283291,-0.490997738,,,,,,
47:43.7,,,0.020300512,-0.492791399,,,,,,
47:43.7,,,0.020313059,-0.494542244,,,,,,
47:43.7,,,0.02032322,-0.496283627,,,,,,
47:43.7,,,0.02032802,-0.498013998,,,,,,
47:43.7,,,0.020320598,-0.499710359,,,,,,
47:43.7,,,0.020306115,-0.502003744,,,,,,
47:43.7,,,0.020289347,-0.503601364,,,,,,
47:43.8,,,0.024583153,-0.530071171,,,,,,
47:43.9,,,,,,,,,,
47:44.2,,,,,7566.749023,,,,,
47:44.2,,,,,,45.29199219,,,,
47:44.3,85.6061,58.9,,,,,97.9,8.18737152,,
47:44.3,,,,,7656.979492,,,,,
47:44.3,,,,,,31.45507813,,,,
47:44.4,85.6061,58.9,,,,,100,8.18737152,,
47:44.9,,,,,,,,,,
47:45.8,,,0.035421317,-0.589878504,,,,,,
47:45.8,,,0.035459819,-0.590583862,,,,,,
47:45.8,,,0.0355025,-0.591320465,,,,,,
47:45.8,,,0.035564883,-0.592360076,,,,,,
47:45.8,,,0.035640153,-0.593469927,,,,,,
47:45.8,,,0.035659791,-0.593729642,,,,,,
47:45.8,,,0.035691327,-0.594186455,,,,,,
47:45.8,,,0.035729977,-0.594736604,,,,,,
47:45.8,,,0.035758576,-0.595146345,,,,,,
47:45.8,,,0.035784359,-0.595521753,,,,,,
47:45.9,,,,,,,,,,
47:46.0,,,,,7555.036133,,,,,
47:46.0,,,,,,17.49511719,,,,
47:46.0,,,,,9470.349609,,,,,
47:46.0,,,,,,19.12695313,,,,
47:46.9,,,,,,,,,,
47:47.9,,,,,,,,,,
47:48.4,,,0.0343289,-0.61374768,,,,,,
47:48.4,,,0.034343239,-0.614381785,,,,,,
47:48.4,,,0.034366433,-0.615183867,,,,,,
47:48.4,,,0.034377751,-0.615520867,,,,,,
47:48.5,,,0.034390337,-0.615866302,,,,,,
47:48.5,,,0.034407278,-0.61629772,,,,,,
47:48.5,,,0.03443635,-0.616978925,,,,,,
47:48.5,,,0.034465307,-0.617594865,,,,,,
47:48.5,,,0.034508182,-0.618390544,,,,,,
47:48.5,,,0.034523685,-0.618656415,,,,,,
47:48.6,,,,,9757.581055,,,,,
47:48.6,,,,,,17.32324219,,,,
47:48.6,,,,,10063.875,,,,,
47:48.6,,,,,,29.00390625,,,,
47:49.0,,,,,,,,,,
47:50.2,,,,,,,,,,
47:50.9,,,,,,,,,,
47:51.5,,,0.032552491,-0.636546108,,,,,,
47:51.5,,,0.032552505,-0.636545834,,,,,,
47:51.5,,,0.03255251,-0.636545749,,,,,,
47:51.5,,,0.032552519,-0.636545584,,,,,,
47:51.5,,,,,10052.07617,,,,,
47:51.5,,,,,,16.32128906,,,,
47:51.5,,,0.029585242,-0.632161125,,,,,,
47:51.5,,,0.02958534,-0.632160321,,,,,,
47:51.6,,,0.029585434,-0.632159557,,,,,,
47:51.6,85.6061,58.64,,,,,98,8.18737152,,
47:51.6,,,0.029585523,-0.632158828,,,,,,
47:51.6,,,0.029585652,-0.632157765,,,,,,
47:51.6,,,0.029585731,-0.632157119,,,,,,
47:51.7,,,,,9830.232422,,,,,
47:51.7,,,,,,34.49707031,,,,
47:51.7,,,,,11321.64453,,,,,
47:51.7,,,,,,53.71582031,,,,
47:52.0,,,,,,,,,,
47:52.9,,,,,,,,,,
47:54.0,,,,,,,,,,
47:54.1,,,0.018910949,-0.735860513,,,,,,
47:54.1,,,,,10702.08789,,,,,
47:54.1,,,,,,22.86425781,,,,
47:54.1,,,0.018564853,-0.740900163,,,,,,
47:54.2,,,0.018092544,-0.74795336,,,,,,
47:54.3,,,0.016901724,-0.767931467,,,,,,
47:54.3,,,0.016748089,-0.770979545,,,,,,
47:54.3,,,0.016445662,-0.777031743,,,,,,
47:54.4,,,0.015900463,-0.787812285,,,,,,
47:54.5,,,0.014927997,-0.805438589,,,,,,
47:54.5,,,0.014491355,-0.812667157,,,,,,
47:54.6,,,0.014334516,-0.815135704,,,,,,
47:54.7,,,,,10185.75488,,,,,
47:54.7,,,,,,24.21777344,,,,
47:54.8,85.6061,58.56,,,,,97.7,8.18737152,,
47:54.8,85.6061,58.56,,,,,100,8.18737152,,
47:54.8,,,,,9969.771484,,,,,
47:54.8,,,,,,24.921875,,,,
47:55.0,,,,,,,,,,
47:56.0,,,,,,,,,,
47:57.0,,,,,,,,,,
47:57.5,,,0.020910867,-1.051592598,,,,,,
47:57.5,,,0.020698504,-1.05280799,,,,,,
47:57.5,,,0.020522133,-1.053831989,,,,,,
47:57.5,,,0.020344238,-1.054888748,,,,,,
47:57.5,,,0.020081975,-1.056481599,,,,,,
47:57.5,,,0.020029553,-1.056812907,,,,,,
47:57.5,,,0.019947198,-1.057338904,,,,,,
47:57.6,,,,,10766.73535,,,,,
47:57.6,,,,,,18.17773438,,,,
47:57.6,,,0.019683482,-1.059034279,,,,,,
47:57.6,,,0.019418153,-1.060797335,,,,,,
47:57.6,,,0.019337259,-1.061351148,,,,,,
47:57.7,,,,,10179.7168,,,,,
47:57.7,,,,,,30.15136719,,,,
47:57.7,,,,,9371.140625,,,,,
47:57.7,,,,,,16.6328125,,,,
47:57.9,,,,,,,,,,
47:59.0,,,,,,,,,,
48:00.0,,,0.020913671,-1.122166858,,,,,,
48:00.0,,,,,,,,,,
48:00.1,,,0.011326251,-1.133719665,,,,,,
48:00.1,,,,,10428.85254,,,,,
48:00.1,,,,,,34.921875,,,,
48:00.1,,,0.011355808,-1.134444649,,,,,,
48:00.1,,,0.011387395,-1.135316775,,,,,,
48:00.1,,,0.011418262,-1.13640675,,,,,,
48:00.1,,,0.011436395,-1.137562508,,,,,,
48:00.1,,,0.011440393,-1.138058363,,,,,,
48:00.1,,,0.011441079,-1.138346058,,,,,,
48:00.1,,,0.011437434,-1.139265688,,,,,,
48:00.1,,,0.011433692,-1.13970295,,,,,,
48:00.3,85.6061,58.45,,,,,97.8,8.18737152,,
48:00.3,,,,,11263.60742,,,,,
48:00.3,,,,,,55.17480469,,,,
48:00.3,,,,,11859.86035,,,,,
48:00.3,,,,,,17.97265625,,,,
48:01.0,,,,,,,,,,
48:02.0,,,,,,,,,,
48:02.1,,,,,,,,,/IP_10_3_0_8/rosping_service,10358
48:02.6,,,-0.003325384,-1.128199714,,,,,,
48:02.6,,,-0.003324717,-1.128194185,,,,,,
48:02.6,,,-0.003324419,-1.128191689,,,,,,
48:02.6,,,-0.003324196,-1.128189837,,,,,,
48:02.6,,,-0.003323789,-1.128186474,,,,,,
48:02.6,,,-0.003323765,-1.128186253,,,,,,
48:02.6,,,-0.003323573,-1.128184653,,,,,,
48:02.6,,,-0.003323404,-1.128183243,,,,,,
48:02.7,,,-0.003322933,-1.128179342,,,,,,
48:02.7,,,-0.00332291,-1.12817914,,,,,,
48:02.8,,,,,10694.32813,,,,,
48:02.8,,,,,,16.82617188,,,,
48:02.8,,,,,,,,,/IP_10_3_0_8/trolley_docking_service,23630
48:02.9,,,,,10903.61426,,,,,
48:02.9,,,,,,17.15429688,,,,
48:02.9,,,,,11226.79102,,,,,
48:02.9,,,,,,29.05371094,,,,
48:02.9,,,,,,,,,,
48:04.0,,,,,,,,,,
48:05.0,,,,,,,,,,
48:05.1,,,-0.011333547,-1.1177444,,,,,,
48:05.1,,,-0.011333504,-1.11774397,,,,,,
48:05.1,,,-0.011333499,-1.117743916,,,,,,
48:05.1,,,-0.011333462,-1.11774355,,,,,,
48:05.1,,,0.010103119,-1.125707038,,,,,,
48:05.3,,,,,13219.69824,,,,,
48:05.3,,,,,,28.6796875,,,,
48:05.3,,,,,12237.01074,,,,,
48:05.3,,,,,,17.33886719,,,,
48:05.9,88.4848,58.77,,,,,96.8,8.18737152,,
48:05.9,,,-0.011333656,-1.11774552,,,,,,
48:05.9,88.4848,58.77,,,,,100,8.18737152,,
48:05.9,,,-0.011333607,-1.11774504,,,,,,
48:05.9,,,-0.011333593,-1.117744887,,,,,,
48:06.0,,,-0.01133358,-1.117744753,,,,,,
48:06.0,,,,,,,,,,
48:06.0,,,-0.011333566,-1.117744601,,,,,,
48:07.0,,,,,,,,,,
48:07.6,,,0.005690084,-1.123686367,,,,,,
48:07.6,,,-0.004038487,-1.123087626,,,,,,
48:07.6,,,-0.004038488,-1.123087572,,,,,,
48:07.6,,,-0.004038488,-1.123087518,,,,,,
48:07.6,,,-0.004038489,-1.123087489,,,,,,
48:07.6,,,-0.00403849,-1.123087415,,,,,,
48:07.6,,,-0.004038492,-1.123087347,,,,,,
48:07.6,,,-0.004038492,-1.123087325,,,,,,
48:07.6,,,-0.004038493,-1.123087231,,,,,,
48:07.7,,,-0.004038494,-1.123087191,,,,,,
48:07.7,,,,,12392.09082,,,,,
48:07.7,,,,,,34.81445313,,,,
48:07.9,,,,,12388.88379,,,,,
48:07.9,,,,,,55.48242188,,,,
48:07.9,,,,,11036.30664,,,,,
48:07.9,,,,,,23.12402344,,,,
48:08.0,,,,,,,,,,
48:09.1,,,,,,,,,,
48:10.3,,,,,,,,,,
48:10.7,,,-0.004098489,-1.127913765,,,,,,
48:10.7,,,-0.004098492,-1.127913759,,,,,,
48:10.7,,,-0.004098495,-1.127913754,,,,,,
48:10.7,,,-0.004098496,-1.127913752,,,,,,
48:10.7,,,-0.004098497,-1.127913749,,,,,,
48:10.7,,,-0.004098499,-1.127913745,,,,,,
48:10.7,,,-0.0040985,-1.127913742,,,,,,
48:10.8,,,-0.004098501,-1.127913739,,,,,,
48:10.8,,,-0.004098503,-1.127913736,,,,,,
48:10.8,,,-0.004098505,-1.127913732,,,,,,
48:10.8,,,,,12267.92676,,,,,
48:10.8,,,,,,16.703125,,,,
48:10.9,88.4848,58.6,,,,,96.2,8.18737152,,
48:10.9,,,,,11014.0752,,,,,
48:10.9,,,,,,17.53222656,,,,
48:10.9,,,,,,26.34472656,,,,
48:10.9,,,,,9213.973633,,,,,
48:11.0,,,,,,,,,,
48:12.0,,,,,,,,,,
48:13.0,,,,,,,,,,
48:13.2,,,-0.001496171,-1.120606135,,,,,,
48:13.3,,,-0.001496171,-1.120606135,,,,,,
48:13.3,,,-0.001496171,-1.120606135,,,,,,
48:13.3,,,-0.001496172,-1.120606135,,,,,,
48:13.4,,,-0.001496173,-1.120606135,,,,,,
48:13.4,,,-0.001496173,-1.120606135,,,,,,
48:13.4,,,-0.001496173,-1.120606135,,,,,,
48:13.4,,,-0.001496173,-1.120606135,,,,,,
48:13.4,,,-0.001496173,-1.120606135,,,,,,
48:13.5,,,-0.001496173,-1.120606135,,,,,,
48:13.7,,,,,7026.435547,,,,,
48:13.7,,,,,,42.91210938,,,,
48:13.7,,,,,7329.958984,,,,,
48:13.7,,,,,,17.32910156,,,,
48:13.7,88.4848,58.58,,,,,96.1,8.18737152,,
48:13.7,88.4848,58.58,,,,,100,8.18737152,,
48:13.8,,,,,,,,,/IP_10_3_0_8/grab_trolley,11870
48:13.9,,,,,,,,,,
48:14.9,,,,,,,,,,
48:14.9,,,0.004232297,-1.126158482,,,,,,
48:14.9,,,0.004232299,-1.126158495,,,,,,
48:14.9,,,0.004232299,-1.126158497,,,,,,
48:15.0,,,0.004232301,-1.126158508,,,,,,
48:15.0,,,0.004232301,-1.126158511,,,,,,
48:15.0,,,0.004232303,-1.126158521,,,,,,
48:15.0,,,0.004232303,-1.126158524,,,,,,
48:15.0,,,0.004232304,-1.126158528,,,,,,
48:15.0,,,,,5204.662109,,,,,
48:15.0,,,,,,39.27929688,,,,
48:15.0,,,0.004232305,-1.126158536,,,,,,
48:15.0,,,0.004232306,-1.126158539,,,,,,
48:15.3,,,,,6928.374023,,,,,
48:15.3,,,,,,64.5859375,,,,
48:15.9,,,,,,,,,,
48:16.2,,,,,,,,,/IP_10_3_0_8/move_camera,2313
48:16.9,,,,,,,,,,
48:17.4,,,0.013509457,-1.038419552,,,,,,
48:17.4,,,0.014680737,-1.028943433,,,,,,
48:17.4,,,0.016471714,-1.014547975,,,,,,
48:17.5,,,0.018255496,-1.000419966,,,,,,
48:17.5,,,0.018857012,-0.995675945,,,,,,
48:17.5,,,0.020078112,-0.986079797,,,,,,
48:17.5,,,0.02128838,-0.976609996,,,,,,
48:17.6,,,0.02250451,-0.967135044,,,,,,
48:17.6,,,0.023715771,-0.957682328,,,,,,
48:17.6,,,0.024923619,-0.948282242,,,,,,
48:17.6,,,,,10525.79492,,,,,
48:17.6,,,,,,18.77441406,,,,
48:17.7,,,,,6347.617188,,,,,
48:17.7,,,,,,22.51757813,,,,
48:17.9,,,,,,,,,,
48:18.2,,,,,,,,,/IP_10_3_0_8/reverse_robot,2058
48:18.8,,,0.063444311,-0.78008703,,,,,,
48:18.8,,,0.063951633,-0.77619878,,,,,,
48:18.9,,,0.064896478,-0.768984944,,,,,,
48:18.9,,,,,,,,,,
48:18.9,,,0.065760223,-0.762396577,,,,,,
48:18.9,,,,,5058.073242,,,,,
48:18.9,,,,,,20.44042969,,,,
48:18.9,,,0.066797907,-0.754501933,,,,,,
48:18.9,,,0.067255072,-0.751059247,,,,,,
48:18.9,,,0.058293171,-0.74691999,,,,,,
48:18.9,,,0.059363293,-0.738788165,,,,,,
48:18.9,,,0.059806056,-0.735551707,,,,,,
48:18.9,,,0.060709798,-0.729197882,,,,,,
48:19.9,,,,,,,,,,
48:19.9,,,,,8376.859375,,,,,
48:19.9,,,,,,26.484375,,,,
48:19.9,88.4848,58.84,,,,,96.4,8.18737152,,
48:20.4,,,0.269563547,-0.377109147,,,,,,
48:20.4,,,0.287859461,-0.362493573,,,,,,
48:20.5,,,0.293941501,-0.357759939,,,,,,
48:20.5,,,0.305518836,-0.349039896,,,,,,
48:20.5,,,0.317127598,-0.340684294,,,,,,
48:20.6,,,0.328467759,-0.33290672,,,,,,
48:20.6,,,0.197340833,-0.37145481,,,,,,
48:20.6,,,0.206338846,-0.362958824,,,,,,
48:20.6,,,0.219750795,-0.350810827,,,,,,
48:20.7,,,0.231567738,-0.340817569,,,,,,
48:20.9,,,,,11399.69141,,,,,
48:20.9,,,,,,44.32519531,,,,
48:20.9,,,,,,,,,,
48:21.9,,,,,,,,,,
48:22.6,,,0.319801916,-0.182627721,,,,,,
48:22.6,,,0.304958475,-0.180771765,,,,,,
48:22.7,,,0.230628398,-0.136601886,,,,,,
48:22.7,,,,,9044.597656,,,,,
48:22.7,,,,,,22.90722656,,,,
48:22.7,,,0.215691847,-0.130763054,,,,,,
48:22.7,,,0.200415814,-0.124700553,,,,,,
48:22.7,,,0.185120595,-0.118554344,,,,,,
48:22.7,,,0.169868895,-0.112375974,,,,,,
48:22.7,,,0.15443946,-0.106051002,,,,,,
48:22.7,,,0.131887158,-0.096679787,,,,,,
48:22.7,,,0.11569344,-0.089841183,,,,,,
48:22.9,,,,,,,,,,
48:22.9,,,,,7612.62793,,,,,
48:22.9,,,,,,37.28027344,,,,
48:23.0,,,,,6253.009766,,,,,
48:23.0,,,,,,57.41210938,,,,
48:23.9,,,,,,,,,,
48:24.1,,,-0.069425842,-0.005350023,,,,,,
48:24.1,,,-0.066861985,-0.006280079,,,,,,
48:24.1,,,-0.061298836,-0.008255566,,,,,,
48:24.1,,,-0.055698273,-0.010167604,,,,,,
48:24.1,85.6061,58.94,,,,,97.3,8.18737152,,
48:24.1,,,-0.050246357,-0.011932989,,,,,,
48:24.1,85.6061,58.94,,,,,91.7,8.18737152,,
48:24.1,,,-0.043253127,-0.014093652,,,,,,
48:24.1,,,-0.038898788,-0.015377588,,,,,,
48:24.1,,,-0.035201883,-0.016432307,,,,,,
48:24.2,,,-0.032179645,-0.017267403,,,,,,
48:24.2,,,-0.029955218,-0.017865791,,,,,,
48:24.3,,,,,9860.177734,,,,,
48:24.3,,,,,,19.23339844,,,,
48:24.9,,,,,,,,,,
48:25.7,,,-0.027006465,-0.011816243,,,,,,
48:25.7,,,-0.027005656,-0.011816325,,,,,,
48:25.7,,,-0.026997896,-0.011817152,,,,,,
48:25.7,,,-0.026990523,-0.011817939,,,,,,
48:25.7,,,-0.026983518,-0.011818685,,,,,,
48:25.7,,,-0.026976858,-0.011819396,,,,,,
48:25.8,,,-0.026958492,-0.011821367,,,,,,
48:25.8,,,-0.026952594,-0.011821996,,,,,,
48:25.8,,,-0.026952642,-0.011821983,,,,,,
48:25.8,,,,,10797.98047,,,,,
48:25.8,,,,,,21.18066406,,,,
48:25.8,,,-0.026947019,-0.011822583,,,,,,
48:25.9,,,,,,,,,,
48:26.0,,,,,11604.96582,,,,,
48:26.0,,,,,,20.68847656,,,,
48:27.2,,,,,,,,,/IP_10_3_0_8/move_robot,8999
48:27.3,,,,,,,,,,
48:27.5,,,,,,,,,/IP_10_3_0_8/rosping_service,8898
48:28.0,,,,,,,,,,
48:28.1,,,-0.033242107,-0.016968495,,,,,,
48:28.1,,,-0.033241353,-0.016968572,,,,,,
48:28.1,,,-0.03324062,-0.016968648,,,,,,
48:28.1,,,-0.033239939,-0.016968718,,,,,,
48:28.1,,,-0.033239288,-0.016968785,,,,,,
48:28.2,,,-0.033232471,-0.016969487,,,,,,
48:28.2,,,-0.033233028,-0.016969429,,,,,,
48:28.2,,,-0.033232605,-0.016969473,,,,,,
48:28.2,,,-0.033232239,-0.016969511,,,,,,
48:28.2,,,-0.033228339,-0.016969912,,,,,,
48:28.3,,,,,11108.15039,,,,,
48:28.3,,,,,,19.13476563,,,,
48:28.3,,,,,4750.154297,,,,,
48:28.3,,,,,,33.90625,,,,
48:29.2,,,,,,,,,,
48:29.9,,,,,,,,,,
48:29.9,,,-0.022223183,-0.009240447,,,,,,
48:30.0,,,-0.022222888,-0.009240476,,,,,,
48:30.0,,,-0.022222592,-0.009240504,,,,,,
48:30.2,,,-0.022220962,-0.009240661,,,,,,
48:30.2,,,-0.022222309,-0.009240531,,,,,,
48:30.2,,,-0.022220429,-0.009240711,,,,,,
48:30.2,,,,,2185.287109,,,,,
48:30.2,,,,,,22.84960938,,,,
48:30.2,85.6061,58.92,,,,,96.3,8.18737152,,
48:30.3,,,,,,33.23046875,,,,
48:30.3,,,,,2125.751953,,,,,
48:30.3,,,-0.022222023,-0.009240559,,,,,,
48:30.6,,,-0.02222165,-0.009240595,,,,,,
48:30.8,,,-0.0222213,-0.009240629,,,,,,
48:30.8,,,-0.02222119,-0.009240639,,,,,,
48:30.9,,,,,,,,,,
48:31.6,,,-0.03274745,-0.004317023,,,,,,
48:31.7,,,-0.032747388,-0.004317028,,,,,,
48:31.7,,,-0.032747303,-0.004317035,,,,,,
48:31.7,,,-0.032747089,-0.004317052,,,,,,
48:31.8,,,-0.032747068,-0.004317053,,,,,,
48:31.8,,,-0.032747024,-0.004317057,,,,,,
48:31.8,,,-0.033283743,-0.013379426,,,,,,
48:31.8,,,-0.03328363,-0.013379444,,,,,,
48:31.8,,,-0.033283521,-0.013379462,,,,,,
48:31.8,,,-0.033283413,-0.013379479,,,,,,
48:31.9,,,,,2936.399414,,,,,
48:31.9,,,,,,54.14941406,,,,
48:31.9,,,,,,,,,,
48:32.0,,,,,3276.232422,,,,,
48:32.0,,,,,,17.86523438,,,,
48:32.9,,,,,,,,,,
48:33.2,,,-0.033280488,-0.013379951,,,,,,
48:33.2,,,-0.031157638,-0.014940944,,,,,,
48:33.3,,,-0.031157515,-0.014940968,,,,,,
48:33.3,,,-0.031157493,-0.014940972,,,,,,
48:33.3,,,-0.0311574,-0.01494099,,,,,,
48:33.3,,,-0.031157307,-0.014941008,,,,,,
48:33.4,,,-0.031157223,-0.014941024,,,,,,
48:33.4,,,-0.031157144,-0.014941039,,,,,,
48:33.4,,,-0.031157055,-0.014941056,,,,,,
48:33.4,,,-0.031157029,-0.014941061,,,,,,
48:33.5,,,,,3255.146484,,,,,
48:33.5,,,,,,16.04101563,,,,
48:33.5,85.6061,58.41,,,,,95.5,8.18737152,,
48:33.5,85.6061,58.41,,,,,93.7,8.18737152,,
48:33.9,,,,,,,,,,
48:34.8,,,-0.031155994,-0.01494126,,,,,,
48:34.8,,,-0.022275441,-0.015626331,,,,,,
48:34.8,,,-0.02227541,-0.015626335,,,,,,
48:34.8,,,-0.022275346,-0.015626344,,,,,,
48:34.8,,,-0.022275283,-0.015626353,,,,,,
48:34.9,,,-0.022275155,-0.015626371,,,,,,
48:34.9,,,,,,24.45507813,,,,
48:34.9,,,,,3531.785156,,,,,
48:34.9,,,-0.022275093,-0.01562638,,,,,,
48:34.9,,,-0.022275083,-0.015626381,,,,,,
48:34.9,,,,,,,,,,
48:35.0,,,-0.022275036,-0.015626388,,,,,,
48:35.0,,,-0.022274988,-0.015626395,,,,,,
48:35.9,,,,,,,,,,
48:36.0,,,,,3255.672852,,,,,
48:36.0,,,,,,17.37109375,,,,
48:36.8,,,-0.037060233,-0.009672501,,,,,,
48:36.8,,,-0.037060257,-0.009672495,,,,,,
48:36.8,,,-0.037060281,-0.009672488,,,,,,
48:36.8,,,-0.037060304,-0.009672482,,,,,,
48:36.8,,,-0.037060325,-0.009672476,,,,,,
48:36.8,,,-0.037060345,-0.009672471,,,,,,
48:36.8,,,-0.037060392,-0.009672458,,,,,,
48:36.8,,,-0.0370604,-0.009672456,,,,,,
48:36.9,,,-0.037060403,-0.009672455,,,,,,
48:36.9,,,-0.037060419,-0.009672451,,,,,,
48:36.9,,,,,,,,,,
48:37.0,,,,,3590.015625,,,,,
48:37.0,,,,,,28.65332031,,,,
48:37.0,,,,,3072.600586,,,,,
48:37.0,,,,,,16.68164063,,,,
48:38.9,,,,,,,,,,
48:39.0,,,,,,,,,,
48:39.2,,,0.138419202,-0.030574472,,,,,,
48:39.2,,,0.148142756,-0.031591216,,,,,,
48:39.2,,,0.15771477,-0.032593554,,,,,,
48:39.2,,,0.167560113,-0.033633651,,,,,,
48:39.3,,,0.182181528,-0.035192105,,,,,,
48:39.3,,,0.196483484,-0.036728497,,,,,,
48:39.3,,,0.201321281,-0.03725237,,,,,,
48:39.3,,,0.211097191,-0.038313648,,,,,,
48:39.3,,,0.220909722,-0.039381526,,,,,,
48:39.3,,,0.230845055,-0.040469246,,,,,,
48:39.5,,,,,2596.545898,,,,,
48:39.5,,,,,,36.75195313,,,,
48:39.5,,,,,,,,,/IP_10_3_0_8/reverse_robot,2261
48:39.5,85.6061,58.38,,,,,96.2,8.18737152,,
48:39.5,,,,,2536.047852,,,,,
48:39.5,,,,,,54.98535156,,,,
48:39.9,,,,,,,,,,
48:40.8,,,,,,,,,,
48:41.2,,,0.424561619,-0.044273551,,,,,,
48:41.2,,,0.406761196,-0.043847103,,,,,,
48:41.2,,,0.394212908,-0.043853783,,,,,,
48:41.3,,,0.380468304,-0.044095429,,,,,,
48:41.3,,,0.366463192,-0.04461047,,,,,,
48:41.3,,,0.351863313,-0.045413829,,,,,,
48:41.3,,,0.337239768,-0.046496146,,,,,,
48:41.3,,,0.322142134,-0.04791822,,,,,,
48:41.3,,,,,2094.572266,,,,,
48:41.3,,,,,,15.29003906,,,,
48:41.3,,,0.297744479,-0.05059709,,,,,,
48:41.3,,,0.274264513,-0.054459139,,,,,,
48:41.4,,,,,2114.152344,,,,,
48:41.4,,,,,,27.64550781,,,,
48:41.8,,,,,,,,,,
48:42.3,,,0.195606363,-0.119666644,,,,,,
48:42.4,,,0.189173245,-0.122526752,,,,,,
48:42.4,,,0.183542766,-0.125283619,,,,,,
48:42.4,,,0.178558425,-0.127951003,,,,,,
48:42.4,,,0.17319911,-0.131037644,,,,,,
48:42.4,,,0.164612289,-0.136369052,,,,,,
48:42.5,,,0.154776776,-0.143205251,,,,,,
48:42.5,,,,,1206.634766,,,,,
48:42.5,,,,,,21.30761719,,,,
48:42.5,,,0.15113546,-0.145837117,,,,,,
48:42.5,,,0.144016816,-0.151070662,,,,,,
48:42.5,,,0.136319767,-0.156889176,,,,,,
48:42.9,,,,,,,,,,
48:43.8,,,0.085703041,-0.189053078,,,,,,
48:43.8,,,0.011364812,-0.314361146,,,,,,
48:43.8,,,0.01187912,-0.312383827,,,,,,
48:43.8,,,,,1268.133789,,,,,
48:43.8,,,,,,20.70410156,,,,
48:43.8,,,0.012843127,-0.308640866,,,,,,
48:43.8,,,0.01354871,-0.305874075,,,,,,
48:43.8,,,0.014080498,-0.303790447,,,,,,
48:43.8,,,0.014474185,-0.302228802,,,,,,
48:43.8,,,0.014670841,-0.301435116,,,,,,
48:43.8,,,,,,,,,,
48:53.8,85.6061,58.69,,,,,96.9,8.18737152,,
48:53.8,,,-0.017323339,-1.12212866,,,,,,
48:53.8,,,,,,,,,,
48:53.9,85.6061,58.69,,,,,100,8.18737152,,
48:53.9,,,-0.017322812,-1.122122138,,,,,,
48:53.9,,,,,,,,,,
48:53.9,85.6061,58.19,,,,,97.6,8.18737152,,
48:53.9,,,-0.017340507,-1.122290603,,,,,,
48:53.9,,,,,,,,,,
48:54.0,88.4848,57.79,,,,,98.5,8.18737152,,
48:54.0,,,-0.017338005,-1.122266963,,,,,,
48:54.0,,,,,,,,,,
48:54.0,88.4848,57.79,,,,,100,8.18737152,,
48:54.0,,,-0.017336214,-1.122249173,,,,,,
48:54.0,,,,,,,,,,
48:54.1,,,-0.017337062,-1.122254993,,,,,,
48:54.1,,,,,,,,,,
48:54.1,,,-0.0173431,-1.122313066,,,,,,
48:54.1,,,,,,,,,,
48:54.2,,,-0.017343056,-1.122311671,,,,,,
48:54.2,,,,,,,,,,
48:54.2,,,,,,,,,/IP_10_3_0_8/move_robot,5122
48:54.2,,,,,1101.665039,,,,,
48:54.2,,,,,,24.55859375,,,,
48:54.2,,,,,,,,,/IP_10_3_0_8/rosping_service,703
48:54.2,,,,,1147.664063,,,,,
48:54.2,,,,,,44.02148438,,,,
48:54.2,,,,,1045.55957,,,,,
48:54.2,,,,,,54.72558594,,,,
48:54.2,,,,,1053.240234,,,,,
48:54.2,,,,,,17.53222656,,,,
48:54.2,,,,,1312.143555,,,,,
48:54.2,,,,,,18.48339844,,,,
48:54.2,,,,,1108.895508,,,,,
48:54.2,,,,,,17.10742188,,,,
48:54.2,,,,,1150.125977,,,,,
48:54.2,,,,,,24.93554688,,,,
48:54.2,,,,,1390.949219,,,,,
48:54.2,,,,,,28.95996094,,,,
48:54.2,,,,,1762.976563,,,,,
48:54.2,,,,,,20.36621094,,,,
48:54.2,,,,,2163.094727,,,,,
48:54.2,,,,,,35.87109375,,,,
48:54.3,,,-0.017332014,-1.122207535,,,,,,
48:54.3,,,,,,,,,,
48:54.7,,,-0.017335928,-1.122244672,,,,,,
48:54.7,,,,,,,,,,
48:54.9,,,,,,,,,,
48:55.2,,,0.005806703,-1.129174055,,,,,,
48:55.2,,,0.005808984,-1.129149816,,,,,,
48:55.3,,,0.005809001,-1.129149188,,,,,,
48:55.3,,,0.005809509,-1.129143687,,,,,,
48:55.3,,,0.005809989,-1.129138477,,,,,,
48:55.3,,,0.005811242,-1.12912517,,,,,,
48:55.3,,,0.005810956,-1.129128009,,,,,,
48:55.3,,,0.005811368,-1.129123537,,,,,,
48:55.4,,,0.00581251,-1.129111277,,,,,,
48:55.4,,,-0.002867574,-1.132979467,,,,,,
48:55.5,,,,,2576.808594,,,,,
48:55.5,,,,,,54.98925781,,,,
48:55.8,,,,,,,,,/IP_10_3_0_8/trolley_parking_service,11161
48:55.9,,,,,,,,,,
48:56.7,,,-0.011302874,-1.132253403,,,,,,
48:56.7,,,-0.011302591,-1.132249724,,,,,,
48:56.7,,,-0.011302322,-1.132246229,,,,,,
48:56.7,,,-0.011302061,-1.132242838,,,,,,
48:56.7,,,-0.011301491,-1.132235517,,,,,,
48:56.7,,,-0.011301112,-1.132230721,,,,,,
48:56.7,,,-0.011301133,-1.132230841,,,,,,
48:56.7,,,,,2618.475586,,,,,
48:56.7,,,,,,20.421875,,,,
48:56.7,,,-0.011301061,-1.13222985,,,,,,
48:56.8,,,-0.011300862,-1.132227278,,,,,,
48:56.8,,,-0.011300438,-1.132221917,,,,,,
48:56.8,,,,,,,,,,
48:57.0,,,,,2672.943359,,,,,
48:57.0,,,,,,25.69042969,,,,
48:57.8,,,,,,,,,,
48:57.9,,,-0.011298692,-1.132198973,,,,,,
48:57.9,,,-0.011298623,-1.132198086,,,,,,
48:57.9,,,-0.002195799,-1.12619973,,,,,,
48:57.9,,,-0.002195478,-1.126196034,,,,,,
48:57.9,,,-0.002195395,-1.126195046,,,,,,
48:57.9,,,-0.002195369,-1.126194734,,,,,,
48:57.9,,,-0.002195319,-1.126194133,,,,,,
48:57.9,,,-0.002195271,-1.126193563,,,,,,
48:57.9,,,-0.002195225,-1.12619302,,,,,,
48:57.9,,,-0.002195182,-1.126192505,,,,,,
48:58.6,,,,,4177.214844,,,,,
48:58.6,,,,,,18.68847656,,,,
48:58.8,,,,,,,,,,
48:58.9,,,-0.002194531,-1.126184827,,,,,,
48:58.9,,,-0.002194509,-1.126184561,,,,,,
48:59.0,,,-0.002194496,-1.126184405,,,,,,
48:59.0,,,-0.005440965,-1.128981985,,,,,,
48:59.0,,,-0.005440931,-1.128981564,,,,,,
48:59.0,,,-0.0054409,-1.128981186,,,,,,
48:59.1,,,-0.005440637,-1.128977986,,,,,,
48:59.2,,,,,4868.830078,,,,,
48:59.2,,,,,,20.03320313,,,,
48:59.2,,,-0.005440839,-1.128980439,,,,,,
48:59.2,,,-0.005440812,-1.128980108,,,,,,
48:59.2,88.4848,58.45,,,,,98.2,8.18737152,,
48:59.6,,,-0.005440664,-1.128978333,,,,,,
48:59.9,,,,,,,,,,
49:00.2,,,-0.004307314,-1.126494601,,,,,,
49:00.3,,,-0.004307276,-1.126494178,,,,,,
49:00.3,,,-0.00430727,-1.126494108,,,,,,
49:00.3,,,-0.004307241,-1.126493785,,,,,,
49:00.3,,,-0.004307229,-1.126493654,,,,,,
49:00.4,,,-0.004307204,-1.126493374,,,,,,
49:00.4,,,-0.004307179,-1.12649309,,,,,,
49:00.5,,,-0.004307154,-1.126492824,,,,,,
49:00.5,,,-0.004307131,-1.126492567,,,,,,
49:00.6,,,-0.004307075,-1.126491945,,,,,,
49:00.6,,,,,5553.722656,,,,,
49:00.6,,,,,,32.62988281,,,,
49:00.8,,,,,,,,,,
49:01.7,,,-0.009022784,-1.130997843,,,,,,
49:01.7,,,-0.00902278,-1.130997717,,,,,,
49:01.8,,,-0.009022777,-1.130997603,,,,,,
49:01.8,,,-0.009022767,-1.13099729,,,,,,
49:01.8,,,-0.009022769,-1.130997335,,,,,,
49:01.8,,,-0.009022767,-1.130997284,,,,,,
49:01.8,,,-0.009022767,-1.130997262,,,,,,
49:01.8,,,,,6394.081055,,,,,
49:01.8,,,,,,21.04003906,,,,
49:01.9,,,-0.009022762,-1.130997086,,,,,,
49:01.9,,,,,,,,,,
49:01.9,,,-0.009022762,-1.130997089,,,,,,
49:01.9,,,-0.009022762,-1.130997073,,,,,,
49:02.3,,,,,8362.15332,,,,,
49:02.3,,,,,,45.25976563,,,,
49:02.9,,,,,,,,,,
49:03.3,,,-0.00813022,-1.129405567,,,,,,
49:03.3,,,-0.008130219,-1.129405534,,,,,,
49:03.3,,,-0.00978055,-1.125677309,,,,,,
49:03.3,,,-0.009780551,-1.125677278,,,,,,
49:03.3,,,-0.009780553,-1.125677217,,,,,,
49:03.3,,,-0.009780556,-1.125677086,,,,,,
49:03.3,,,-0.009780558,-1.125677003,,,,,,
49:03.3,,,-0.009780558,-1.125677,,,,,,
49:03.4,,,-0.009780559,-1.125676955,,,,,,
49:03.4,,,-0.00978056,-1.125676938,,,,,,
49:03.5,85.6061,58.07,,,,,98.1,8.18737152,,
49:03.5,,,,,9601.164063,,,,,
49:03.5,,,,,,54.79589844,,,,
49:03.5,85.6061,58.07,,,,,100,8.18737152,,
49:03.9,,,,,,,,,,
49:04.9,,,,,,,,,,
49:05.1,,,0.006516614,-1.133087578,,,,,,
49:05.1,,,0.006516637,-1.133087574,,,,,,
49:05.1,,,0.006516657,-1.133087569,,,,,,
49:05.1,,,0.006516712,-1.133087559,,,,,,
49:05.1,,,0.006516701,-1.133087561,,,,,,
49:05.2,,,0.00651675,-1.133087551,,,,,,
49:05.2,,,,,10743.7002,,,,,
49:05.2,,,,,,20.75878906,,,,
49:05.2,,,-0.005241729,-1.129248921,,,,,,
49:05.2,,,-0.005241733,-1.129248917,,,,,,
49:05.2,,,-0.005241748,-1.129248897,,,,,,
49:05.3,,,,,,18.81640625,,,,
49:05.3,,,,,13122.99805,,,,,
49:05.9,,,0.006516609,-1.133087579,,,,,,
49:05.9,,,,,,,,,,
49:07.0,,,,,,,,,,
49:07.3,,,0.011765505,-1.13198441,,,,,,
49:07.3,,,0.011765527,-1.13198441,,,,,,
49:07.3,,,0.011765549,-1.131984409,,,,,,
49:07.3,,,0.011765567,-1.131984409,,,,,,
49:07.3,,,0.011765585,-1.131984408,,,,,,
49:07.3,,,0.011765647,-1.131984407,,,,,,
49:07.3,,,0.011765648,-1.131984407,,,,,,
49:07.3,,,0.011765664,-1.131984407,,,,,,
49:07.3,,,0.011765695,-1.131984406,,,,,,
49:07.3,,,,,12084.13477,,,,,
49:07.3,,,,,,18.91894531,,,,
49:07.3,,,0.011765691,-1.131984406,,,,,,
49:07.7,,,,,12013.18652,,,,,
49:07.7,,,,,,17.390625,,,,
49:08.3,,,,,,,,,,
49:08.4,,,,,,,,,/IP_10_3_0_8/release_trolley,12615
49:08.6,,,,,,,,,/IP_10_3_0_8/rosping_service,7441
49:09.0,,,,,,,,,,
49:09.9,,,-0.018547675,-1.117410115,,,,,,
49:09.9,,,-0.018150749,-1.113095941,,,,,,
49:09.9,,,-0.017673783,-1.107844966,,,,,,
49:09.9,,,-0.017129904,-1.101983245,,,,,,
49:09.9,,,-0.016497128,-1.095037206,,,,,,
49:09.9,,,-0.015779204,-1.087264381,,,,,,
49:10.0,,,-0.01499106,-1.078706115,,,,,,
49:10.0,,,0.012219538,-1.121741386,,,,,,
49:10.0,,,,,,,,,,
49:10.1,85.6061,58.15,,,,,96.8,8.18737152,,
49:10.1,,,0.013362589,-1.107140086,,,,,,
49:10.1,,,,,11399.81055,,,,,
49:10.1,,,,,,28.64160156,,,,
49:10.1,,,0.013825024,-1.10128715,,,,,,
49:10.1,,,,,8568.71875,,,,,
49:10.1,,,,,,26.19433594,,,,
49:10.1,,,,,10678.92578,,,,,
49:10.1,,,,,,45.90527344,,,,
49:11.3,,,,,,,,,,
49:12.2,,,,,,,,,/IP_10_3_0_8/reverse_robot,3270
49:12.4,,,,,,,,,,
49:12.8,,,0.042669836,-0.585014819,,,,,,
49:12.9,,,0.043359201,-0.577818143,,,,,,
49:12.9,,,0.043965152,-0.571528059,,,,,,
49:12.9,,,0.044531881,-0.565655399,,,,,,
49:12.9,,,0.045001562,-0.560803365,,,,,,
49:13.0,,,0.045437168,-0.556298814,,,,,,
49:13.0,,,0.045842769,-0.5521179,,,,,,
49:13.0,,,0.046378603,-0.546551281,,,,,,
49:13.0,,,0.046860499,-0.541579389,,,,,,
49:13.0,,,0.04799503,-0.528502565,,,,,,
49:13.1,,,,,9821.181641,,,,,
49:13.1,,,,,,54.06445313,,,,
49:13.2,,,,,9164.597656,,,,,
49:13.2,,,,,,16.37890625,,,,
49:13.2,,,,,7140.621094,,,,,
49:13.2,,,,,,41.68847656,,,,
49:13.4,,,,,,,,,,
49:14.0,,,,,,,,,,
49:15.2,,,,,,,,,,
49:15.7,,,-0.104357729,-0.051441431,,,,,,
49:15.7,,,-0.09447437,-0.053808837,,,,,,
49:15.7,88.4848,58.45,,,,,96.3,8.18737152,,
49:15.7,,,-0.083691501,-0.056034611,,,,,,
49:15.7,88.4848,58.45,,,,,100,8.18737152,,
49:15.8,,,-0.072507487,-0.057986967,,,,,,
49:15.8,,,-0.059930311,-0.059791879,,,,,,
49:15.8,,,-0.0404357,-0.061907087,,,,,,
49:15.8,,,-0.019286213,-0.063356062,,,,,,
49:15.8,,,-0.011938349,-0.063693416,,,,,,
49:15.8,,,0.003455903,-0.064181414,,,,,,
49:15.8,,,0.019507742,-0.064513201,,,,,,
49:15.8,,,,,9399.655273,,,,,
49:15.8,,,,,,20.64355469,,,,
49:15.9,,,,,10953.60352,,,,,
49:15.9,,,,,,27.0078125,,,,
49:16.0,,,,,,,,,,
49:16.9,,,,,,,,,,
49:17.5,,,,,7791.100586,,,,,
49:17.5,,,,,,31.76269531,,,,
49:17.5,,,0.610274763,0.55969123,,,,,,
49:17.5,,,0.641787588,0.585587288,,,,,,
49:17.5,,,0.66246022,0.602637968,,,,,,
49:17.5,,,0.683557944,0.620061078,,,,,,
49:17.6,,,0.704746184,0.637601185,,,,,,
49:17.6,,,0.725944446,0.655203716,,,,,,
49:17.6,,,0.757511289,0.681520988,,,,,,
49:17.6,,,0.787817168,0.706932328,,,,,,
49:17.6,,,0.79746741,0.715068188,,,,,,
49:17.6,,,0.816440359,0.731142027,,,,,,
49:17.8,,,,,7234.051758,,,,,
49:17.8,,,,,,28.69042969,,,,
49:17.9,,,,,,,,,,
49:18.9,,,,,,,,,,
49:19.6,,,1.046623084,1.077959033,,,,,,
49:19.6,,,1.048459242,1.072240647,,,,,,
49:19.6,,,1.051136775,1.064330848,,,,,,
49:19.6,,,,,8814.563477,,,,,
49:19.6,,,,,,40.81054688,,,,
49:19.6,,,1.056373347,1.050297815,,,,,,
49:19.6,,,1.062648331,1.035278691,,,,,,
49:19.6,,,1.064973958,1.030037886,,,,,,
49:19.6,,,1.069282856,1.020390424,,,,,,
49:19.6,,,1.074024227,1.010321261,,,,,,
49:19.6,,,1.078245495,1.001741428,,,,,,
49:19.6,,,1.084306172,0.989892425,,,,,,
49:19.8,,,,,9965.62207,,,,,
49:19.8,,,,,,55.71289063,,,,
49:19.8,88.4848,58.56,,,,,96.5,8.18737152,,
49:19.9,,,,,,,,,,
49:21.0,,,,,,,,,,
49:22.0,,,1.151444893,1.099711715,,,,,,
49:22.0,,,,,6862.083984,,,,,
49:22.0,,,,,,17.84277344,,,,
49:22.0,,,1.151445852,1.099711784,,,,,,
49:22.0,,,1.15145616,1.09971152,,,,,,
49:22.2,,,1.151466088,1.099711263,,,,,,
49:22.2,,,1.151476376,1.099710986,,,,,,
49:22.2,,,1.151484946,1.09971077,,,,,,
49:22.2,,,1.151493482,1.09971063,,,,,,
49:22.2,,,1.15150206,1.099710399,,,,,,
49:22.2,,,1.151502339,1.099710542,,,,,,
49:22.2,,,1.151509593,1.099710351,,,,,,
49:22.2,,,,,6641.607422,,,,,
49:22.2,,,,,,17.05371094,,,,
49:22.2,,,,,6936.234375,,,,,
49:22.2,,,,,,17.54980469,,,,
49:22.3,,,,,,,,,,
49:23.0,,,,,,,,,,
49:23.5,,,,,,,,,/IP_10_3_0_8/move_robot,11262
49:24.0,,,,,,,,,,
49:24.3,,,1.154387272,1.098980964,,,,,,
49:24.4,,,1.154387814,1.098980947,,,,,,
49:24.4,,,1.154390301,1.098980854,,,,,,
49:24.4,,,1.154392644,1.098980766,,,,,,
49:24.4,,,1.154394943,1.09898068,,,,,,
49:24.5,,,1.154397062,1.098980601,,,,,,
49:24.5,,,1.154398975,1.09898053,,,,,,
49:24.5,,,1.154404305,1.098980327,,,,,,
49:24.6,,,1.155738359,1.093695787,,,,,,
49:24.6,,,1.155741492,1.093695634,,,,,,
49:24.7,,,,,5661.697266,,,,,
49:24.7,,,,,,17.54199219,,,,
49:24.7,88.4848,58.58,,,,,96.4,8.18737152,,
49:24.7,88.4848,58.58,,,,,100,8.18737152,,
49:24.7,,,,,6424.524414,,,,,
49:24.7,,,,,,32.71484375,,,,
49:25.0,,,,,,,,,,
49:25.9,,,,,,,,,,
49:26.9,,,1.158820015,1.105936901,,,,,,
49:26.9,,,1.15882085,1.105936875,,,,,,
49:26.9,,,1.15882161,1.105936852,,,,,,
49:26.9,,,,,,,,,,
49:27.3,,,,,6445.113281,,,,,
49:27.3,,,,,,45.10742188,,,,
49:27.3,,,,,6253.527344,,,,,
49:27.3,,,,,,54.91308594,,,,
49:27.8,,,1.158821734,1.105936848,,,,,,
49:27.8,,,,,5797.541016,,,,,
49:27.8,,,,,,17.50488281,,,,
49:27.8,,,1.158822324,1.105936829,,,,,,
49:27.8,,,1.158822885,1.105936812,,,,,,
49:27.8,,,1.158823418,1.105936795,,,,,,
49:27.8,,,1.158823928,1.105936779,,,,,,
49:27.8,,,1.158825105,1.105936741,,,,,,
49:27.9,,,1.158825567,1.105936726,,,,,,
49:28.0,,,,,,,,,,
49:29.0,,,,,,,,,,
49:29.6,,,1.157685393,1.103570431,,,,,,
49:29.6,,,1.157685429,1.103570429,,,,,,
49:29.7,,,1.157685461,1.103570427,,,,,,
49:29.7,,,1.157685491,1.103570425,,,,,,
49:29.7,,,1.15768552,1.103570423,,,,,,
49:29.7,,,1.157685609,1.103570417,,,,,,
49:29.7,,,1.157685825,1.103570402,,,,,,
49:29.7,,,1.157685902,1.103570396,,,,,,
49:29.8,,,1.157685918,1.103570395,,,,,,
49:29.8,,,1.157685989,1.103570391,,,,,,
49:29.8,,,,,6419.645508,,,,,
49:29.8,,,,,,16.96386719,,,,
49:29.9,88.4848,58.54,,,,,96.6,8.18737152,,
49:29.9,,,,,6103.191406,,,,,
49:29.9,,,,,,15.83789063,,,,
49:30.0,,,,,,,,,,
49:31.0,,,,,,,,,,
49:32.0,,,,,,,,,,
49:32.4,,,1.141702147,1.098188649,,,,,,
49:32.5,,,1.141702114,1.098188632,,,,,,
49:32.5,,,,,7414.710938,,,,,
49:32.5,,,,,,17.38183594,,,,
49:32.5,,,1.141702055,1.098188602,,,,,,
49:32.5,,,1.141702026,1.098188587,,,,,,
49:32.5,,,1.141702022,1.098188585,,,,,,
49:32.5,,,1.141701999,1.098188573,,,,,,
49:32.5,,,1.141701977,1.098188562,,,,,,
49:32.5,,,1.141701956,1.098188552,,,,,,
49:32.5,,,1.141701937,1.098188542,,,,,,
49:32.5,,,1.141701918,1.098188532,,,,,,
49:32.7,,,,,7152.125,,,,,
49:32.7,,,,,,63.65136719,,,,
49:32.7,,,,,6418.232422,,,,,
49:32.7,,,,,,37.77050781,,,,
49:33.0,,,,,,,,,,
49:33.9,,,,,,,,,/IP_10_3_0_8/move_camera,2462
49:34.0,,,,,,,,,,
49:35.0,,,,,,,,,,
49:35.4,,,1.157899863,1.106144601,,,,,,
49:35.4,,,1.155201215,1.105976275,,,,,,
49:35.4,,,1.152534964,1.10571725,,,,,,
49:35.5,,,1.149032893,1.105301147,,,,,,
49:35.5,,,1.143871728,1.104512342,,,,,,
49:35.5,,,1.140678266,1.103920537,,,,,,
49:35.5,,,1.133216901,1.1023343,,,,,,
49:35.5,,,,,6282.728516,,,,,
49:35.5,,,,,,26.30175781,,,,
49:35.5,,,1.124475673,1.099919484,,,,,,
49:35.6,,,1.121139023,1.098856844,,,,,,
49:35.6,,,1.117518131,1.09762028,,,,,,
49:35.6,88.4848,58.75,,,,,94.8,8.18737152,,
49:35.6,88.4848,58.75,,,,,100,8.18737152,,
49:35.7,,,,,7134.77832,,,,,
49:35.7,,,,,,34.87402344,,,,
49:35.7,,,,,6634.163086,,,,,
49:35.7,,,,,,62.37890625,,,,
49:36.7,,,,,,,,,,
49:37.4,,,,,,,,,,
49:37.9,,,,,,,,,,
49:38.0,,,0.49073913,0.267425209,,,,,,
49:38.0,,,0.483666842,0.257225447,,,,,,
49:38.0,,,0.469719994,0.237188958,,,,,,
49:38.0,,,0.455692522,0.217190389,,,,,,
49:38.0,,,0.441811521,0.197649781,,,,,,
49:38.1,,,0.5189827,0.269293393,,,,,,
49:38.2,,,,,6120.067383,,,,,
49:38.2,,,,,,23.10742188,,,,
49:38.2,,,,,6417.678711,,,,,
49:38.2,,,,,,33.76855469,,,,
49:38.2,,,,,4755.602539,,,,,
49:38.2,,,0.5050426,0.249624016,,,,,,
49:38.2,,,,,,26.03027344,,,,
49:38.2,,,0.484490952,0.221331672,,,,,,
49:38.2,,,0.46344596,0.193486184,,,,,,
49:38.3,,,0.456573379,0.184645912,,,,,,
49:38.9,,,,,,,,,,
49:39.9,,,0.195741079,-0.202084647,,,,,,
49:39.9,,,0.199959044,-0.194841309,,,,,,
49:40.0,,,0.205053784,-0.185489415,,,,,,
49:40.0,,,,,,,,,,
49:40.1,,,0.20667443,-0.182366011,,,,,,
49:40.1,,,,,10459.97461,,,,,
49:40.1,,,,,,21.38085938,,,,
49:40.2,,,0.210342061,-0.174983801,,,,,,
49:40.2,,,0.214149476,-0.166885458,,,,,,
49:40.2,,,0.218269223,-0.157623187,,,,,,
49:40.2,,,0.222370102,-0.147923732,,,,,,
49:40.2,,,0.227679369,-0.134257431,,,,,,
49:40.2,,,0.004839823,-0.401421567,,,,,,
49:40.2,88.4848,58.02,,,,,96.9,8.18737152,,
49:40.2,,,,,9042.217773,,,,,
49:40.2,,,,,,31.06054688,,,,
49:40.9,,,,,,,,,,
49:41.9,,,,,,,,,,
49:42.2,,,,,,,,,/IP_10_3_0_8/move_robot,8241
49:42.2,,,,,7391.830078,,,,,
49:42.2,,,,,,36.08007813,,,,
49:42.4,,,0.005737264,-0.292752143,,,,,,
49:42.4,,,,,5249.037109,,,,,
49:42.4,,,,,,17.79199219,,,,
49:42.5,,,0.005737458,-0.292727343,,,,,,
49:42.5,,,0.005737619,-0.292706404,,,,,,
49:42.5,,,0.005737801,-0.292684113,,,,,,
49:42.5,,,0.005738307,-0.292637217,,,,,,
49:42.5,,,,,,,,,/IP_10_3_0_8/rosping_service,703
49:42.6,,,0.00573842,-0.292616256,,,,,,
49:42.6,,,0.005738397,-0.292613187,,,,,,
49:42.6,,,0.005738527,-0.292596389,,,,,,
49:42.6,,,0.005738649,-0.292580545,,,,,,
49:42.6,,,0.005738766,-0.29256544,,,,,,
49:43.0,,,,,,,,,,
49:44.0,,,,,,,,,,
49:44.6,,,,,,,,,/IP_10_3_0_8/move_camera,2463
49:44.7,,,0.003943526,-0.282701734,,,,,,
49:44.7,,,0.003943558,-0.282699066,,,,,,
49:44.7,,,0.003943592,-0.282696175,,,,,,
49:44.7,,,0.003943679,-0.282689272,,,,,,
49:44.7,,,0.003943705,-0.282686936,,,,,,
49:44.7,,,0.006980074,-0.281849938,,,,,,
49:44.7,,,0.006980141,-0.281845908,,,,,,
49:44.7,,,0.006980206,-0.281842023,,,,,,
49:44.8,,,0.006980268,-0.281838319,,,,,,
49:44.8,,,0.006980325,-0.281834894,,,,,,
49:44.8,,,,,5702.873047,,,,,
49:44.8,,,,,,71.04199219,,,,
49:44.9,85.6061,58.28,,,,,97.4,8.18737152,,
49:44.9,85.6061,58.28,,,,,100,8.18737152,,
49:44.9,,,,,,,,,,
49:45.5,,,,,4230.347656,,,,,
49:45.5,,,,,,22.7265625,,,,
49:45.8,,,,,,,,,/IP_10_3_0_8/object_detection,1156
49:45.9,,,,,,,,,,
49:46.4,,,,,3635.077148,,,,,
49:46.4,,,,,,16.83300781,,,,
49:46.4,,,0.003228405,-0.290407923,,,,,,
49:46.5,,,0.003228406,-0.290407675,,,,,,
49:46.5,,,0.003228417,-0.290406361,,,,,,
49:46.5,,,0.003228427,-0.290405183,,,,,,
49:46.5,,,0.003228437,-0.290404075,,,,,,
49:46.6,,,0.003228446,-0.290403011,,,,,,
49:46.6,,,0.003228448,-0.29040253,,,,,,
49:46.6,,,0.003228449,-0.290402201,,,,,,
49:46.6,,,0.00322845,-0.290401909,,,,,,
49:46.6,,,0.003228451,-0.290401665,,,,,,
49:46.6,,,,,5279.919922,,,,,
49:46.6,,,,,,25.68164063,,,,
49:46.9,,,,,,,,,,
49:47.9,,,,,,,,,/IP_10_3_0_8/move_camera,2112
49:47.9,,,,,,,,,,
49:48.5,,,0.006260193,-0.278739954,,,,,,
49:48.5,,,0.006260198,-0.278739694,,,,,,
49:48.5,,,0.006260202,-0.278739466,,,,,,
49:48.5,,,0.006260213,-0.278738848,,,,,,
49:48.5,,,0.006260216,-0.278738648,,,,,,
49:48.5,,,,,5774.191406,,,,,
49:48.5,,,,,,25.14746094,,,,
49:48.5,,,0.006260215,-0.278738664,,,,,,
49:48.6,,,0.003587594,-0.287700952,,,,,,
49:48.6,,,0.003587591,-0.287700615,,,,,,
49:48.6,,,0.003587589,-0.287700295,,,,,,
49:48.6,,,0.003587587,-0.287699614,,,,,,
49:48.7,,,,,4729.806641,,,,,
49:48.7,,,,,,35.06054688,,,,
49:48.9,,,,,,,,,,
49:50.0,,,,,,,,,,
49:50.1,,,0.005965918,-0.287295898,,,,,,
49:50.1,,,0.005965916,-0.287295925,,,,,,
49:50.1,,,,,5183.895508,,,,,
49:50.1,,,,,,26.81933594,,,,
49:50.1,,,0.00596592,-0.287295823,,,,,,
49:50.2,,,0.005965902,-0.287296315,,,,,,
49:50.2,85.6061,58.07,,,,,97.5,8.18737152,,
49:50.2,,,0.005965924,-0.287295725,,,,,,
49:50.2,,,0.005965927,-0.287295627,,,,,,
49:50.2,,,0.00596593,-0.28729554,,,,,,
49:50.2,,,0.005965933,-0.287295456,,,,,,
49:50.3,,,0.005965941,-0.28729525,,,,,,
49:50.3,,,,,3863.024414,,,,,
49:50.3,,,,,,36.421875,,,,
49:50.8,,,0.005965909,-0.287296121,,,,,,
49:50.9,,,,,,,,,,
49:51.6,,,0.007818299,-0.360994953,,,,,,
49:51.6,,,0.007965654,-0.366351584,,,,,,
49:51.6,,,0.008141407,-0.371925649,,,,,,
49:51.6,,,0.008333372,-0.377335115,,,,,,
49:51.6,,,0.008542054,-0.382668069,,,,,,
49:51.6,,,0.009579648,-0.312824318,,,,,,
49:51.6,,,0.009698902,-0.318236274,,,,,,
49:51.7,,,0.009839734,-0.323476119,,,,,,
49:51.7,,,0.009984919,-0.328446228,,,,,,
49:51.7,,,0.010255106,-0.336520506,,,,,,
49:51.7,,,,,1766.857422,,,,,
49:51.7,,,,,,57.43261719,,,,
49:51.9,,,,,,,,,,
49:52.9,,,,,,,,,,
49:53.9,,,,,,,,,,
49:54.1,,,0.024536605,-0.545772969,,,,,,
49:54.1,,,0.024595949,-0.546922864,,,,,,
49:54.2,,,0.024698847,-0.548776088,,,,,,
49:54.2,,,,,1902.493164,,,,,
49:54.2,,,,,,18.39941406,,,,
49:54.2,,,0.024141586,-0.535245453,,,,,,
49:54.3,,,0.02419685,-0.537364106,,,,,,
49:54.3,85.6061,58.07,,,,,98.6,8.18737152,,
49:54.3,,,,,2074.619141,,,,,
49:54.3,,,,,,17.12304688,,,,
49:54.3,85.6061,58.07,,,,,100,8.18737152,,
49:54.3,,,0.024243678,-0.538860576,,,,,,
49:54.3,,,,,1682.15625,,,,,
49:54.3,,,,,,18.82226563,,,,
49:54.5,,,0.024304061,-0.540508465,,,,,,
49:54.6,,,0.024361956,-0.541962361,,,,,,
49:54.9,,,,,,,,,,
49:54.9,,,0.02443754,-0.543664636,,,,,,
49:54.9,,,0.024108689,-0.533680145,,,,,,
49:55.4,,,0.03120236,-0.586324434,,,,,,
49:55.4,,,0.03122495,-0.586836756,,,,,,
49:55.4,,,0.03126364,-0.587836585,,,,,,
49:55.4,,,0.031287866,-0.588552068,,,,,,
49:55.4,,,0.031307237,-0.589220823,,,,,,
49:55.4,,,0.031316183,-0.589572726,,,,,,
49:55.4,,,0.031338439,-0.590658829,,,,,,
49:55.4,,,0.031351942,-0.591316974,,,,,,
49:55.5,,,0.031356992,-0.591542456,,,,,,
49:55.5,,,0.03136387,-0.591854943,,,,,,
49:55.5,,,,,1010.199219,,,,,
49:55.5,,,,,,19.43457031,,,,
49:55.9,,,,,,,,,,
49:56.7,,,0.031984436,-0.602132507,,,,,,
49:56.7,,,0.032041904,-0.602730218,,,,,,
49:56.7,,,0.031029607,-0.597464019,,,,,,
49:56.7,,,0.031017489,-0.598387199,,,,,,
49:56.8,,,0.031011903,-0.598787609,,,,,,
49:56.8,,,0.031006729,-0.599129813,,,,,,
49:56.8,,,,,1161.957031,,,,,
49:56.8,,,,,,30.50488281,,,,
49:56.8,,,0.031000712,-0.599470551,,,,,,
49:56.8,,,0.030992139,-0.599884614,,,,,,
49:56.8,,,0.03098458,-0.600211886,,,,,,
49:56.8,,,0.030974591,-0.600589765,,,,,,
49:56.9,,,,,,,,,,
49:56.9,,,,,1568.473633,,,,,
49:56.9,,,,,,18.97070313,,,,
49:57.9,,,,,,,,,,
49:58.1,,,0.032970624,-0.615733714,,,,,,
49:58.1,,,0.032975146,-0.616183763,,,,,,
49:58.1,,,0.032977975,-0.616584568,,,,,,
49:58.1,,,0.032979677,-0.617131467,,,,,,
49:58.2,,,0.032979367,-0.617755319,,,,,,
49:58.2,,,0.032977714,-0.618260298,,,,,,
49:58.2,,,0.032977775,-0.618856181,,,,,,
49:58.2,,,0.032977478,-0.61959775,,,,,,
49:58.2,,,0.032978035,-0.619781759,,,,,,
49:58.2,,,0.032979969,-0.620294425,,,,,,
49:58.3,,,,,2103.097656,,,,,
49:58.3,,,,,,36.06347656,,,,
49:58.8,,,,,,,,,,
49:59.5,,,0.034944776,-0.639769166,,,,,,
49:59.6,,,0.034948319,-0.639578387,,,,,,
49:59.6,,,0.034951582,-0.639469321,,,,,,
49:59.6,,,0.034951743,-0.639456536,,,,,,
49:59.6,,,0.034953279,-0.639425255,,,,,,
49:59.6,,,0.034952693,-0.63945682,,,,,,
49:59.7,,,0.03493978,-0.639724683,,,,,,
49:59.7,,,0.034932342,-0.639838184,,,,,,
49:59.7,,,0.034920747,-0.640021728,,,,,,
49:59.7,,,0.034897012,-0.640342361,,,,,,
49:59.8,,,,,2788,,,,,
49:59.8,,,,,,56.43457031,,,,
49:59.8,85.6061,58.06,,,,,98.3,8.18737152,,
49:59.9,,,,,,,,,,
50:00.8,,,0.038315304,-0.636719903,,,,,,
50:00.8,,,0.03831564,-0.636716099,,,,,,
50:00.8,,,,,3111.698242,,,,,
50:00.8,,,,,,27.14160156,,,,
50:00.8,,,0.038315703,-0.636716256,,,,,,
50:00.9,,,0.038315878,-0.636714668,,,,,,
50:00.9,,,,,,,,,,
50:00.9,,,0.038316295,-0.636710505,,,,,,
50:00.9,,,0.038316465,-0.63670909,,,,,,
50:00.9,,,0.038316479,-0.636709088,,,,,,
50:00.9,,,0.032308627,-0.648185258,,,,,,
50:01.0,,,0.032308953,-0.648183129,,,,,,
50:01.0,,,0.03230927,-0.648181051,,,,,,
50:01.1,,,,,3532.859375,,,,,
50:01.1,,,,,,19.62695313,,,,
50:01.8,,,,,,,,,,
50:02.1,,,0.032313586,-0.648152814,,,,,,
50:02.1,,,0.032313672,-0.648152248,,,,,,
50:02.2,,,0.03231376,-0.648151671,,,,,,
50:02.2,,,0.032313998,-0.648150111,,,,,,
50:02.2,,,0.032314201,-0.648148778,,,,,,
50:02.2,,,0.027133987,-0.639606225,,,,,,
50:02.2,,,0.027134212,-0.639604567,,,,,,
50:02.3,,,0.027134196,-0.63960467,,,,,,
50:02.3,,,,,,17.48339844,,,,
50:02.3,,,,,4100.014648,,,,,
50:02.7,,,0.0323134,-0.648154028,,,,,,
50:02.8,,,,,,,,,,
50:03.0,,,0.032313496,-0.648153403,,,,,,
50:03.4,,,0.0140757,-0.748336517,,,,,,
50:03.5,,,0.01307342,-0.759674959,,,,,,
50:03.5,,,0.012349911,-0.768416083,,,,,,
50:03.5,,,0.028357451,-0.663502226,,,,,,
50:03.5,,,0.027436484,-0.670472255,,,,,,
50:03.6,,,0.0261565,-0.68072139,,,,,,
50:03.6,,,0.025395824,-0.687547194,,,,,,
50:03.6,,,0.024674122,-0.69463371,,,,,,
50:03.6,,,0.024335444,-0.69816337,,,,,,
50:03.6,,,0.023378922,-0.708763906,,,,,,
50:03.7,,,,,4389.037109,,,,,
50:03.7,,,,,,20.68066406,,,,
50:03.8,88.4848,57.77,,,,,99.3,8.18737152,,
50:03.8,88.4848,57.77,,,,,100,8.18737152,,
50:03.9,,,,,,,,,,
50:04.9,,,,,,,,,,
50:04.9,,,0.025690987,-0.870092357,,,,,,
50:04.9,,,0.025536658,-0.875668487,,,,,,
50:05.0,,,0.02548655,-0.877354179,,,,,,
50:05.1,,,0.025009755,-0.890797739,,,,,,
50:05.1,,,0.024880521,-0.89382513,,,,,,
50:05.2,,,0.024649071,-0.898846102,,,,,,
50:05.2,,,0.024588736,-0.900101087,,,,,,
50:05.3,,,,,6119.84375,,,,,
50:05.3,,,,,,19.36328125,,,,
50:05.5,,,0.025375621,-0.880874271,,,,,,
50:05.7,,,0.025258612,-0.88430411,,,,,,
50:05.7,,,,,4847.342773,,,,,
50:05.7,,,,,,31.41796875,,,,
50:05.8,,,0.025145324,-0.887352329,,,,,,
50:05.9,,,,,,,,,,
50:06.6,,,0.018624983,-1.039150783,,,,,,
50:06.6,,,0.01841143,-1.041846759,,,,,,
50:06.7,,,0.028840314,-1.037572438,,,,,,
50:06.7,,,0.028661099,-1.039050622,,,,,,
50:06.7,,,0.028561472,-1.039887858,,,,,,
50:06.8,,,0.028297392,-1.042134115,,,,,,
50:06.8,,,0.028129886,-1.043625211,,,,,,
50:06.8,,,0.027966337,-1.04514734,,,,,,
50:06.8,,,0.027833697,-1.046431851,,,,,,
50:06.8,,,0.02760299,-1.048782169,,,,,,
50:06.9,,,,,6577.517578,,,,,
50:06.9,,,,,,37.07128906,,,,
50:06.9,,,,,,,,,,
50:07.9,,,,,,,,,,
50:08.7,,,-0.011473619,-1.084686776,,,,,,
50:08.7,,,-0.011527643,-1.08518457,,,,,,
50:08.7,,,,,8743.355469,,,,,
50:08.7,,,,,,56.98925781,,,,
50:08.8,,,-0.011561112,-1.085479814,,,,,,
50:08.8,,,-0.011600708,-1.085829029,,,,,,
50:08.8,,,-0.01167381,-1.086451634,,,,,,
50:08.8,,,-0.011723614,-1.0868683,,,,,,
50:08.8,,,-0.011773664,-1.087290056,,,,,,
50:08.9,,,-0.011849964,-1.087942509,,,,,,
50:08.9,,,-0.011911573,-1.088470063,,,,,,
50:08.9,,,,,,,,,,
50:09.1,,,-0.011940842,-1.088726013,,,,,,
50:09.2,,,,,7811.706055,,,,,
50:09.2,,,,,,18.08105469,,,,
50:09.9,,,,,,,,,,
50:11.8,,,-0.01565085,-1.127088343,,,,,,
50:11.8,,,,,7996.014648,,,,,
50:11.8,,,,,,18.51757813,,,,
50:11.8,,,-0.015692565,-1.127346454,,,,,,
50:11.8,,,-0.01573417,-1.127601969,,,,,,
50:11.8,,,-0.015787279,-1.127928521,,,,,,
50:11.9,88.4848,57.62,,,,,98.5,8.18737152,,
50:11.9,,,-0.01582309,-1.128149628,,,,,,
50:11.9,,,-0.015841215,-1.128260025,,,,,,
50:11.9,,,-0.01582328,-1.128151545,,,,,,
50:11.9,,,-0.015825457,-1.12816388,,,,,,
50:11.9,,,-0.01582722,-1.128175756,,,,,,
50:11.9,,,,,,,,,,
50:11.9,,,-0.01577688,-1.127874674,,,,,,
50:12.0,,,,,,,,,,
50:12.2,,,,,8756.250977,,,,,
50:12.2,,,,,,19.05175781,,,,
50:12.2,,,,,9037.250977,,,,,
50:12.2,,,,,,17.6640625,,,,
50:13.0,,,,,,,,,,
50:13.9,,,,,,,,,/IP_10_3_0_8/trolley_docking_service,25984
50:14.0,,,,,,,,,,
50:14.1,,,,,,,,,/IP_10_3_0_8/rosping_service,15081
50:15.2,,,-0.004369442,-1.129161232,,,,,,
50:15.2,,,,,8232.277344,,,,,
50:15.2,,,,,,28.57519531,,,,
50:15.2,,,-0.004369392,-1.129160512,,,,,,
50:15.2,,,-0.004369386,-1.129160432,,,,,,
50:15.2,,,-0.004369345,-1.129159843,,,,,,
50:15.2,,,-0.004369303,-1.129159248,,,,,,
50:15.2,,,-0.004369266,-1.129158717,,,,,,
50:15.2,,,-0.004369233,-1.129158245,,,,,,
50:15.2,,,-0.004369142,-1.129156959,,,,,,
50:15.2,,,-0.004369109,-1.129156476,,,,,,
50:15.2,,,-0.004369108,-1.129156455,,,,,,
50:15.3,88.4848,58.43,,,,,97.2,8.18737152,,
50:15.3,,,,,7942.118164,,,,,
50:15.3,,,,,,27.36425781,,,,
50:15.3,88.4848,58.43,,,,,88.2,8.18737152,,
50:15.3,,,,,8294.731445,,,,,
50:15.3,,,,,,34.84179688,,,,
50:15.3,,,,,7615.245117,,,,,
50:15.3,,,,,,64.83984375,,,,
50:15.3,,,,,,,,,,
50:15.9,,,,,,,,,,
50:17.0,,,,,,,,,,
50:17.4,,,0.023278039,-1.134207296,,,,,,
50:17.4,,,0.023278046,-1.134207281,,,,,,
50:17.4,,,0.023278098,-1.134207161,,,,,,
50:17.4,,,0.02327811,-1.134207134,,,,,,
50:17.4,,,0.023278113,-1.134207126,,,,,,
50:17.4,,,0.023278156,-1.134207028,,,,,,
50:17.4,,,0.023278197,-1.134206936,,,,,,
50:17.4,,,0.023278237,-1.134206846,,,,,,
50:17.5,,,0.023278273,-1.134206764,,,,,,
50:17.5,,,-0.002882825,-1.128551559,,,,,,
50:17.6,,,,,5306.541992,,,,,
50:17.6,,,,,,34.27636719,,,,
50:17.6,,,,,7214.544922,,,,,
50:17.6,,,,,,17.76074219,,,,
50:18.0,,,,,,,,,,
50:18.9,,,,,,,,,,
50:19.5,,,0.006467206,-1.13106903,,,,,,
50:19.5,,,0.006467214,-1.131069,,,,,,
50:19.5,,,0.006467222,-1.131068971,,,,,,
50:19.5,,,0.00646723,-1.131068943,,,,,,
50:19.6,,,0.006467237,-1.131068917,,,,,,
50:19.6,,,0.006467256,-1.131068848,,,,,,
50:19.7,,,0.006467262,-1.131068825,,,,,,
50:19.7,,,0.006467262,-1.131068824,,,,,,
50:19.8,,,,,6289.699219,,,,,
50:19.8,,,,,,16.08789063,,,,
50:19.8,,,0.006467268,-1.131068803,,,,,,
50:19.8,,,0.006467274,-1.131068783,,,,,,
50:19.9,88.4848,57.36,,,,,95.3,8.18737152,,
50:19.9,,,,,,,,,,
50:20.0,,,,,6608.648438,,,,,
50:20.0,,,,,,17.55273438,,,,
50:20.9,,,,,,,,,,
50:21.9,,,,,,,,,,
50:22.1,,,-0.002769653,-1.120885838,,,,,,
50:22.1,,,-0.002236998,-1.128681149,,,,,,
50:22.1,,,-0.002237008,-1.12868115,,,,,,
50:22.2,,,-0.002237017,-1.12868115,,,,,,
50:22.2,,,,,6582.182617,,,,,
50:22.2,,,,,,36.52246094,,,,
50:22.2,,,-0.002237042,-1.128681153,,,,,,
50:22.2,,,-0.002237045,-1.128681153,,,,,,
50:22.2,,,-0.002237048,-1.128681153,,,,,,
50:22.2,,,-0.002237051,-1.128681153,,,,,,
50:22.3,,,,,6951.564453,,,,,
50:22.3,,,,,,16.78125,,,,
50:22.3,,,,,6179.65332,,,,,
50:22.4,,,,,,35.38574219,,,,
50:22.9,,,,,,,,,,
50:23.0,,,-0.00276965,-1.120885843,,,,,,
50:23.0,,,-0.002769652,-1.120885841,,,,,,
50:23.9,,,,,,,,,,
50:24.1,,,-0.001809339,-1.124545572,,,,,,
50:24.1,,,-0.00180934,-1.124545569,,,,,,
50:24.1,,,-0.00180934,-1.124545566,,,,,,
50:24.1,,,-0.00180934,-1.124545563,,,,,,
50:24.1,,,-0.001809341,-1.124545561,,,,,,
50:24.1,,,-0.001809344,-1.124545527,,,,,,
50:24.1,,,-0.001809344,-1.124545532,,,,,,
50:24.1,,,,,6693.099609,,,,,
50:24.1,,,,,,54.16601563,,,,
50:24.3,85.6061,58.3,,,,,96.5,8.18737152,,
50:24.3,85.6061,58.3,,,,,93.3,8.18737152,,
50:24.3,,,,,7254.649414,,,,,
50:24.3,,,,,,17.62792969,,,,
50:24.6,,,-0.001809338,-1.124545581,,,,,,
50:24.8,,,-0.001809339,-1.124545578,,,,,,
50:24.9,,,-0.001809339,-1.124545575,,,,,,
50:24.9,,,,,,,,,,
50:25.3,,,,,,,,,/IP_10_3_0_8/grab_trolley,11360
50:25.9,,,,,,,,,,
50:26.1,,,0.000961175,-1.123396301,,,,,,
50:26.1,,,0.000961175,-1.123396296,,,,,,
50:26.1,,,0.000961177,-1.123396374,,,,,,
50:26.1,,,,,7432.887695,,,,,
50:26.1,,,,,,17.68164063,,,,
50:26.1,,,0.000961176,-1.123396349,,,,,,
50:26.2,,,0.000961176,-1.123396339,,,,,,
50:26.2,,,,,7769.643555,,,,,
50:26.2,,,,,,23.90527344,,,,
50:26.9,,,0.000961176,-1.123396335,,,,,,
50:26.9,,,0.000961177,-1.123396385,,,,,,
50:26.9,,,,,,,,,,
50:26.9,,,0.000961176,-1.123396331,,,,,,
50:27.0,,,0.000961176,-1.123396328,,,,,,
50:27.0,,,0.000961176,-1.123396325,,,,,,
50:27.5,,,,,,,,,/IP_10_3_0_8/move_camera,2263
50:27.9,,,,,,,,,,
50:28.3,,,0.001415834,-1.121215328,,,,,,
50:28.3,,,0.001415824,-1.121215317,,,,,,
50:28.3,,,0.001415814,-1.121215307,,,,,,
50:28.3,,,0.001434091,-1.120980887,,,,,,
50:28.3,,,0.001650666,-1.118028387,,,,,,
50:28.4,,,0.001741241,-1.116798544,,,,,,
50:28.4,,,0.001959789,-1.113831523,,,,,,
50:28.4,,,0.002234637,-1.110121648,,,,,,
50:28.4,,,0.002569618,-1.105616364,,,,,,
50:28.5,,,0.002964364,-1.100348034,,,,,,
50:28.6,,,,,7196.268555,,,,,
50:28.6,,,,,,18.15039063,,,,
50:28.7,,,,,5884.205078,,,,,
50:28.7,,,,,,34.76953125,,,,
50:28.9,,,,,,,,,,
50:29.8,,,,,,,,,/IP_10_3_0_8/reverse_robot,2311
50:29.9,,,,,,,,,,
50:30.3,,,0.030552932,-0.815776103,,,,,,
50:30.5,,,,,7546.479492,,,,,
50:30.5,,,,,,18.66796875,,,,
50:30.5,85.6061,57.96,,,,,95.8,8.18737152,,
50:30.6,,,0.031368639,-0.806064507,,,,,,
50:30.6,,,0.032129799,-0.797107936,,,,,,
50:30.6,,,0.033290201,-0.78347989,,,,,,
50:30.6,,,0.034501447,-0.769491758,,,,,,
50:30.6,,,0.035051279,-0.763186889,,,,,,
50:30.6,,,0.039764996,-0.798653836,,,,,,
50:30.6,,,0.040250253,-0.791650142,,,,,,
50:30.6,,,0.040462642,-0.788604195,,,,,,
50:30.6,,,0.040729969,-0.784782077,,,,,,
50:30.7,,,,,9249.53418,,,,,
50:30.7,,,,,,35.609375,,,,
50:30.9,,,,,,,,,,
50:31.9,,,,,,,,,,
50:32.8,,,0.206104966,-0.321994464,,,,,,
50:32.8,,,0.214443505,-0.314157419,,,,,,
50:32.8,,,0.219200809,-0.309917659,,,,,,
50:32.8,,,0.22494158,-0.304900417,,,,,,
50:32.8,,,0.233017234,-0.29813938,,,,,,
50:32.9,,,0.239970942,-0.292699692,,,,,,
50:32.9,,,,,,69.29003906,,,,
50:32.9,,,,,7855.776367,,,,,
50:32.9,,,0.241910269,-0.291267057,,,,,,
50:32.9,,,0.245350274,-0.288741756,,,,,,
50:32.9,,,0.248476799,-0.286537092,,,,,,
50:32.9,,,0.251319452,-0.284613153,,,,,,
50:33.3,,,,,7076.691406,,,,,
50:33.3,,,,,,20.75585938,,,,
50:33.4,,,,,,,,,,
50:33.9,,,,,,,,,,
50:34.8,,,0.140360372,-0.112177421,,,,,,
50:34.8,,,,,,19.56152344,,,,
50:34.8,,,,,5886.244141,,,,,
50:34.8,,,0.128956633,-0.110645881,,,,,,
50:34.8,,,0.118552943,-0.109278656,,,,,,
50:34.8,,,0.103538575,-0.107357722,,,,,,
50:34.8,,,0.095208237,-0.106356823,,,,,,
50:34.8,,,0.087968237,-0.105549546,,,,,,
50:34.8,,,0.081387298,-0.104851753,,,,,,
50:34.8,88.4848,57.72,,,,,95.9,8.18737152,,
50:34.8,,,0.075584187,-0.104271256,,,,,,
50:34.8,88.4848,57.72,,,,,100,8.18737152,,
50:34.8,,,0.070386707,-0.103796999,,,,,,
50:34.9,,,0.069665688,-0.048258799,,,,,,
50:34.9,,,,,,,,,,
50:35.5,,,,,3873.195313,,,,,
50:35.5,,,,,,25.20214844,,,,
50:35.7,,,,,5567.49707,,,,,
50:35.7,,,,,,18.37792969,,,,
50:35.9,,,,,,,,,,
50:36.9,,,,,,,,,,
50:37.1,,,-0.038271089,-0.015643606,,,,,,
50:37.1,,,-0.038245228,-0.015645836,,,,,,
50:37.1,,,-0.038259142,-0.01564461,,,,,,
50:37.1,,,-0.041145397,-0.01283401,,,,,,
50:37.2,,,-0.041131026,-0.012835068,,,,,,
50:37.2,,,-0.041124317,-0.01283557,,,,,,
50:37.3,,,,,7742.355469,,,,,
50:37.3,,,,,,28.85839844,,,,
50:37.3,,,,,6005.822266,,,,,
50:37.3,,,,,,16.83496094,,,,
50:37.4,,,-0.038323982,-0.015639117,,,,,,
50:37.4,,,-0.038314404,-0.015639926,,,,,,
50:37.8,,,-0.038305281,-0.015640696,,,,,,
50:37.8,,,-0.038296825,-0.01564141,,,,,,
50:37.9,,,,,,,,,,
50:38.9,,,-0.043454824,-0.015277166,,,,,,
50:38.9,,,-0.04345335,-0.015277282,,,,,,
50:38.9,,,,,,,,,,
50:39.0,,,-0.043452152,-0.015277375,,,,,,
50:39.0,,,-0.043448241,-0.01527768,,,,,,
50:39.0,,,-0.043444544,-0.015277968,,,,,,
50:39.0,,,-0.043440999,-0.015278245,,,,,,
50:39.2,,,,,6639.942383,,,,,
50:39.2,,,,,,34.25976563,,,,
50:39.2,,,,,7920.932617,,,,,
50:39.2,,,,,,54.78320313,,,,
50:39.2,,,-0.043437661,-0.015278505,,,,,,
50:39.4,,,,,,,,,/IP_10_3_0_8/move_robot,9552
50:39.5,,,-0.043434483,-0.015278753,,,,,,
50:39.5,,,,,,,,,/IP_10_3_0_8/rosping_service,8948
50:39.7,,,-0.043426434,-0.01527938,,,,,,
50:39.9,,,,,,,,,,
50:40.0,,,-0.043423703,-0.015279592,,,,,,
50:40.8,88.4848,57.53,,,,,96.9,8.18737152,,
50:40.8,,,-0.039273936,-0.007932448,,,,,,
50:40.8,,,-0.039272442,-0.007932547,,,,,,
50:40.8,,,-0.03926914,-0.007932762,,,,,,
50:40.9,,,-0.039267861,-0.007932847,,,,,,
50:40.9,,,-0.039267378,-0.00793288,,,,,,
50:40.9,,,,,,,,,,
50:41.0,,,-0.039266198,-0.007932957,,,,,,
50:41.0,,,-0.039265073,-0.007933031,,,,,,
50:41.0,,,-0.039264072,-0.007933097,,,,,,
50:41.1,,,,,6944.016602,,,,,
50:41.1,,,,,,16.99414063,,,,
50:41.1,,,-0.039262051,-0.00793323,,,,,,
50:41.5,,,-0.039263068,-0.007933163,,,,,,
50:41.9,,,,,,,,,,
50:41.9,,,,,,23.47949219,,,,
50:42.0,,,,,7157.417969,,,,,
50:42.8,,,-0.047579937,-0.013478864,,,,,,
50:42.8,,,-0.04757957,-0.013478898,,,,,,
50:42.9,,,-0.047579537,-0.013478901,,,,,,
50:42.9,,,-0.047579243,-0.013478928,,,,,,
50:42.9,,,,,,,,,,
50:43.0,,,-0.047578965,-0.013478953,,,,,,
50:43.0,,,-0.047578685,-0.013478979,,,,,,
50:43.0,,,-0.047578447,-0.013479001,,,,,,
50:43.0,,,-0.047577804,-0.013479061,,,,,,
50:43.1,,,,,8330.032227,,,,,
50:43.1,,,,,,16.91601563,,,,
50:43.1,,,-0.047577569,-0.013479082,,,,,,
50:43.1,,,,,7160.907227,,,,,
50:43.1,,,,,,17.66601563,,,,
50:43.1,,,-0.047577559,-0.013479083,,,,,,
50:43.9,,,,,,,,,,
50:44.9,,,,,,,,,,
50:45.1,,,-0.043204269,-0.011569133,,,,,,
50:45.1,,,-0.043204221,-0.011569136,,,,,,
50:45.1,,,-0.043204176,-0.011569139,,,,,,
50:45.2,88.4848,58.52,,,,,95.9,8.18737152,,
50:45.2,,,-0.043204133,-0.011569142,,,,,,
50:45.2,88.4848,58.52,,,,,100,8.18737152,,
50:45.2,,,-0.043204092,-0.011569145,,,,,,
50:45.2,,,-0.043204054,-0.011569148,,,,,,
50:45.2,,,-0.043204017,-0.01156915,,,,,,
50:45.2,,,-0.043203965,-0.011569154,,,,,,
50:45.2,,,-0.04320393,-0.011569156,,,,,,
50:45.2,,,-0.043203898,-0.011569159,,,,,,
50:45.3,,,,,8069.044922,,,,,
50:45.3,,,,,,28.625,,,,
50:45.4,,,,,6239.359375,,,,,
50:45.4,,,,,,22.11230469,,,,
50:45.9,,,,,,,,,,
50:46.9,,,,,,,,,,
50:47.3,,,-0.042036604,-0.010932442,,,,,,
50:47.3,,,-0.042036607,-0.010932441,,,,,,
50:47.4,,,-0.04203659,-0.010932445,,,,,,
50:47.4,,,-0.042036565,-0.010932451,,,,,,
50:47.4,,,-0.042036555,-0.010932454,,,,,,
50:47.5,,,-0.04203654,-0.010932458,,,,,,
50:47.6,,,-0.042036524,-0.010932461,,,,,,
50:47.6,,,-0.042036509,-0.010932465,,,,,,
50:47.6,,,-0.042036476,-0.010932473,,,,,,
50:47.6,,,-0.042036462,-0.010932476,,,,,,
50:47.7,,,,,6420.582031,,,,,
50:47.7,,,,,,35.51757813,,,,
50:47.7,,,,,7677.086914,,,,,
50:47.7,,,,,,52.79980469,,,,
50:48.0,,,,,,,,,,
50:49.1,,,,,,,,,,
50:50.0,,,,,,,,,,
50:50.2,,,-0.040953478,-0.011289519,,,,,,
50:50.2,,,-0.040953478,-0.011289519,,,,,,
50:50.3,,,-0.040953477,-0.011289519,,,,,,
50:50.3,,,-0.041087884,-0.009767865,,,,,,
50:50.3,,,-0.039020562,-0.009924819,,,,,,
50:50.3,,,-0.036504278,-0.010114881,,,,,,
50:50.3,,,-0.033147235,-0.010369175,,,,,,
50:50.4,,,-0.029561252,-0.010642311,,,,,,
50:50.4,,,-0.024814445,-0.011005234,,,,,,
50:50.4,,,-0.018884809,-0.011466908,,,,,,
50:50.4,,,,,7295.727539,,,,,
50:50.4,,,,,,16.53320313,,,,
50:50.5,,,,,7196.360352,,,,,
50:50.5,,,,,,15.79882813,,,,
50:50.5,88.4848,57.72,,,,,95.3,8.18737152,,
50:50.5,,,,,5789.142578,,,,,
50:50.5,,,,,,21.19628906,,,,
50:51.2,,,,,,,,,,
50:51.8,,,,,,,,,/IP_10_3_0_8/reverse_robot,2413
50:52.4,,,,,,,,,,
50:53.3,,,0.278801113,-0.029340814,,,,,,
50:53.3,,,,,,,,,,
50:53.4,,,0.270691558,-0.029237782,,,,,,
50:53.4,,,0.257337485,-0.029200067,,,,,,
50:53.4,,,0.242525618,-0.029364103,,,,,,
50:53.5,,,0.2371983,-0.029507501,,,,,,
50:53.5,,,0.226311325,-0.029869563,,,,,,
50:53.5,,,0.214696444,-0.030428371,,,,,,
50:53.6,,,0.202036502,-0.03121949,,,,,,
50:53.6,,,0.188808512,-0.032327849,,,,,,
50:53.6,,,0.175451713,-0.033633005,,,,,,
50:53.7,,,,,6503.391602,,,,,
50:53.7,,,,,,19.60742188,,,,
50:53.7,,,,,5906.988281,,,,,
50:53.7,,,,,,27.55664063,,,,
50:53.7,85.6061,58.09,,,,,95.2,8.18737152,,
50:53.7,,,,,6565.483398,,,,,
50:53.7,,,,,,25.55957031,,,,
50:53.7,85.6061,58.09,,,,,92.3,8.18737152,,
50:54.0,,,,,,,,,,
50:54.9,,,,,,,,,,
50:55.3,,,0.059743008,-0.182731149,,,,,,
50:55.3,,,0.057722361,-0.185416481,,,,,,
50:55.3,,,0.053443835,-0.191305934,,,,,,
50:55.4,,,0.049141277,-0.197657904,,,,,,
50:55.4,,,0.044629345,-0.204565574,,,,,,
50:55.5,,,0.040017787,-0.211908128,,,,,,
50:55.5,,,0.035595411,-0.219184195,,,,,,
50:55.5,,,0.031166385,-0.22660287,,,,,,
50:55.5,,,0.02451001,-0.237863756,,,,,,
50:55.6,,,0.018117662,-0.248790228,,,,,,
50:55.6,,,,,6182.212891,,,,,
50:55.6,,,,,,37.17675781,,,,
50:55.7,,,,,9296.525391,,,,,
50:55.7,,,,,,56.66796875,,,,
50:55.9,,,,,,,,,,
50:57.0,,,,,,,,,,
50:57.8,,,0.017375429,-0.311960441,,,,,,
50:57.9,,,0.015960491,-0.300912728,,,,,,
50:57.9,,,0.015513858,-0.297377991,,,,,,
50:57.9,,,0.014633781,-0.290493019,,,,,,
50:57.9,,,0.013876261,-0.284546773,,,,,,
50:58.0,,,0.013199537,-0.279142168,,,,,,
50:58.0,,,,,,,,,,
50:58.2,,,,,7967.265625,,,,,
50:58.2,,,,,,25.45117188,,,,
50:58.9,,,0.012575867,-0.274127112,,,,,,
50:58.9,,,,,9000.057617,,,,,
50:58.9,,,,,,17.86035156,,,,
50:58.9,,,,,,,,,,
50:58.9,,,0.011840607,-0.268143051,,,,,,
50:59.0,,,0.011307413,-0.263719643,,,,,,
50:59.0,,,0.011155807,-0.262439063,,,,,,
50:59.9,,,,,,,,,,
51:00.2,,,,,8522.1875,,,,,
51:00.2,,,,,,19.12402344,,,,
51:00.2,,,0.004313763,-0.27392132,,,,,,
51:00.2,,,0.004313646,-0.273920571,,,,,,
51:00.2,,,0.004313689,-0.27392098,,,,,,
51:00.2,,,0.004313731,-0.273921375,,,,,,
51:00.2,,,0.004313771,-0.273921749,,,,,,
51:00.3,,,0.004313809,-0.273922105,,,,,,
51:00.3,,,0.003893677,-0.270595836,,,,,,
51:00.3,,,0.003894126,-0.270600238,,,,,,
51:00.3,,,0.003894101,-0.270600004,,,,,,
51:00.3,,,0.003894264,-0.270601627,,,,,,
51:00.5,,,,,7582.285156,,,,,
51:00.5,,,,,,16.82421875,,,,
51:00.5,85.6061,57.68,,,,,97.1,8.18737152,,
51:00.5,,,,,8078.363281,,,,,
51:00.5,,,,,,30.51855469,,,,
51:00.9,,,,,,,,,,
51:01.9,,,,,,,,,,
51:02.4,,,0.003930652,-0.272201076,,,,,,
51:02.4,,,0.003930698,-0.272201532,,,,,,
51:02.4,,,,,,,,,/IP_10_3_0_8/move_robot,10603
51:02.5,,,0.003930738,-0.272201929,,,,,,
51:02.5,,,0.003930851,-0.272203054,,,,,,
51:02.5,,,0.00393083,-0.27220285,,,,,,
51:02.5,,,0.003930927,-0.272203814,,,,,,
51:02.5,,,0.003930962,-0.272204159,,,,,,
51:02.6,,,0.003930964,-0.272204184,,,,,,
51:02.6,,,,,,,,,/IP_10_3_0_8/rosping_service,6535
51:02.6,,,0.003930994,-0.272204483,,,,,,
51:02.6,,,0.003931021,-0.27220475,,,,,,
51:02.6,,,,,9144.958008,,,,,
51:02.6,,,,,,18.06835938,,,,
51:02.7,,,,,9473.448242,,,,,
51:02.7,,,,,,36.33984375,,,,
51:03.0,,,,,,,,,,
51:04.2,,,,,,,,,,
51:05.0,,,,,,,,,,
51:05.1,,,-0.00332029,-0.275481081,,,,,,
51:05.1,,,-0.003320281,-0.275481259,,,,,,
51:05.1,,,0.003593723,-0.276001968,,,,,,
51:05.1,,,0.003593748,-0.276002071,,,,,,
51:05.1,,,0.003593771,-0.276002169,,,,,,
51:05.1,,,0.003602315,-0.27609114,,,,,,
51:05.1,,,0.003736615,-0.277499025,,,,,,
51:05.2,,,0.003899235,-0.279209157,,,,,,
51:05.2,,,,,9386.141602,,,,,
51:05.2,,,,,,65.30566406,,,,
51:05.2,88.4848,57.96,,,,,96.4,8.18737152,,
51:05.2,88.4848,57.96,,,,,100,8.18737152,,
51:05.3,,,,,6503.746094,,,,,
51:05.3,,,,,,16.87402344,,,,
51:05.4,,,,,6740.874023,,,,,
51:05.4,,,,,,17.08496094,,,,
51:05.8,,,-0.003320295,-0.275480988,,,,,,
51:05.8,,,-0.003320291,-0.275481064,,,,,,
51:05.9,,,,,,,,,,
51:06.9,,,,,,,,,,
51:07.3,,,0.009509436,-0.652644494,,,,,,
51:07.3,,,0.00946238,-0.662225437,,,,,,
51:07.3,,,0.0093808,-0.67680333,,,,,,
51:07.4,,,0.009335993,-0.68153382,,,,,,
51:07.4,,,0.009243321,-0.690122111,,,,,,
51:07.4,,,0.009150115,-0.698422173,,,,,,
51:07.4,,,0.009055078,-0.706464403,,,,,,
51:07.4,,,0.008968557,-0.714609235,,,,,,
51:07.5,,,0.008863126,-0.72658264,,,,,,
51:07.5,,,0.008802646,-0.734114216,,,,,,
51:07.6,,,,,8060.632813,,,,,
51:07.6,,,,,,17.87402344,,,,
51:07.6,,,,,9444.795898,,,,,
51:07.6,,,,,,18.0078125,,,,
51:08.0,,,,,,,,,,
51:09.0,,,,,,,,,,
51:09.9,,,0.010537099,-1.035085862,,,,,,
51:09.9,,,,,,,,,,
51:10.2,88.4848,57.72,,,,,97.6,8.18737152,,
51:10.2,,,,,9657.630859,,,,,
51:10.2,,,,,,20.40917969,,,,
51:10.3,,,,,10547.32227,,,,,
51:10.3,,,,,,37.38769531,,,,
51:10.7,,,0.010474644,-1.038086052,,,,,,
51:10.7,,,,,10703.7998,,,,,
51:10.7,,,,,,36.29003906,,,,
51:10.7,,,0.010398752,-1.041383178,,,,,,
51:10.8,,,0.010367346,-1.042829461,,,,,,
51:10.8,,,0.010333057,-1.044428029,,,,,,
51:10.8,,,0.016928874,-1.089236575,,,,,,
51:10.8,,,0.016893102,-1.090961836,,,,,,
51:10.9,,,0.016865341,-1.092281443,,,,,,
51:10.9,,,0.016813247,-1.094662023,,,,,,
51:10.9,,,0.016756559,-1.097211395,,,,,,
51:11.7,,,,,,,,,,
51:12.0,,,,,,,,,,
51:12.8,,,0.009779093,-1.137981832,,,,,,
51:12.8,,,0.009778928,-1.137991549,,,,,,
51:12.9,,,0.009779991,-1.137828926,,,,,,
51:12.9,,,0.009780257,-1.137791379,,,,,,
51:13.2,,,0.009780521,-1.137754491,,,,,,
51:13.2,,,0.009781947,-1.137593151,,,,,,
51:13.2,,,0.009781717,-1.137644658,,,,,,
51:13.2,,,0.009780463,-1.13776383,,,,,,
51:13.2,,,0.009780184,-1.137800712,,,,,,
51:13.2,,,,,,,,,,
51:13.3,,,0.009778534,-1.137970128,,,,,,
51:13.3,,,,,10855.03613,,,,,
51:13.3,,,,,,54.38574219,,,,
51:13.3,,,,,8588.171875,,,,,
51:13.3,,,,,,18.19140625,,,,
51:14.0,,,,,,,,,,
51:15.0,,,,,,,,,,
51:15.6,,,0.007892146,-1.141884801,,,,,,
51:15.6,,,,,9602.194336,,,,,
51:15.6,,,,,,24.56933594,,,,
51:15.6,,,0.007879447,-1.142422459,,,,,,
51:15.7,,,0.007871248,-1.14278198,,,,,,
51:15.7,,,0.007855403,-1.143504324,,,,,,
51:15.8,,,0.007852262,-1.143667253,,,,,,
51:15.8,85.6061,56.93,,,,,98.5,8.18737152,,
51:15.8,,,0.016527349,-1.133691758,,,,,,
51:15.8,85.6061,56.93,,,,,100,8.18737152,,
51:15.8,,,0.016527401,-1.133690585,,,,,,
51:15.8,,,0.016528808,-1.133646067,,,,,,
51:15.8,,,0.016528919,-1.133642679,,,,,,
51:15.8,,,0.016530244,-1.133601391,,,,,,
51:15.9,,,,,7196.917969,,,,,
51:15.9,,,,,,22.1484375,,,,
51:16.0,,,,,7801.160156,,,,,
51:16.0,,,,,,18.8828125,,,,
51:16.0,,,,,,,,,,
51:16.8,,,,,,,,,/IP_10_3_0_8/trolley_parking_service,14382
51:16.9,,,,,,,,,,
51:17.5,,,0.008184063,-1.141436456,,,,,,
51:17.6,,,0.008184074,-1.141435888,,,,,,
51:17.6,,,0.008184076,-1.141435749,,,,,,
51:17.6,,,0.008184083,-1.141435409,,,,,,
51:17.6,,,,,6964.49707,,,,,
51:17.6,,,,,,28.32128906,,,,
51:17.6,,,0.008184091,-1.141434969,,,,,,
51:17.6,,,0.008184099,-1.141434575,,,,,,
51:17.6,,,0.008184108,-1.141434125,,,,,,
51:17.6,,,0.008184127,-1.141433129,,,,,,
51:17.6,,,0.008184134,-1.141432787,,,,,,
51:17.7,,,0.008184134,-1.14143276,,,,,,
51:17.9,,,,,6508.060547,,,,,
51:17.9,,,,,,26.97851563,,,,
51:17.9,,,,,,,,,,
51:18.9,,,,,,,,,,
51:19.6,,,0.01508578,-1.134391116,,,,,,
51:19.6,,,0.0150858,-1.134390923,,,,,,
51:19.7,,,0.015085809,-1.134390842,,,,,,
51:19.7,,,0.015085816,-1.134390773,,,,,,
51:19.7,,,0.015085824,-1.134390703,,,,,,
51:19.7,,,0.015085834,-1.134390605,,,,,,
51:19.7,,,,,9059.772461,,,,,
51:19.7,,,,,,42.03808594,,,,
51:19.7,,,0.01508585,-1.134390448,,,,,,
51:19.7,,,0.015085857,-1.134390388,,,,,,
51:19.7,,,0.015085862,-1.134390335,,,,,,
51:19.8,,,0.015085868,-1.134390284,,,,,,
51:19.9,,,,,7589.649414,,,,,
51:19.9,,,,,,53.03613281,,,,
51:19.9,,,,,,,,,,
51:20.0,85.6061,57.38,,,,,97.7,8.18737152,,
51:20.9,,,,,,,,,,
51:21.3,,,0.001561317,-1.124302506,,,,,,
51:21.3,,,0.001561316,-1.124302496,,,,,,
51:21.4,,,-0.000944834,-1.127927877,,,,,,
51:21.4,,,-0.00094485,-1.127927807,,,,,,
51:21.4,,,,,7519.515625,,,,,
51:21.4,,,,,,26.91308594,,,,
51:21.5,,,-0.000944867,-1.127927733,,,,,,
51:21.5,,,-0.000944879,-1.127927678,,,,,,
51:21.5,,,-0.000944893,-1.127927619,,,,,,
51:21.5,,,-0.000944907,-1.127927559,,,,,,
51:21.5,,,-0.000944936,-1.127927432,,,,,,
51:21.5,,,-0.000944949,-1.127927374,,,,,,
51:21.6,,,,,9944.677734,,,,,
51:21.6,,,,,,19.3984375,,,,
51:21.9,,,,,,,,,,
51:22.9,,,,,,,,,,
51:23.3,,,0.007919164,-1.144093761,,,,,,
51:23.3,,,0.007919174,-1.14409377,,,,,,
51:23.3,,,0.007919177,-1.144093772,,,,,,
51:23.3,,,0.007919179,-1.144093774,,,,,,
51:23.3,,,0.007919182,-1.144093776,,,,,,
51:23.3,,,0.007919184,-1.144093778,,,,,,
51:23.3,,,0.007919187,-1.14409378,,,,,,
51:23.3,,,,,8592.412109,,,,,
51:23.3,,,,,,17.40332031,,,,
51:23.3,,,0.007919189,-1.144093782,,,,,,
51:23.3,,,0.007919191,-1.144093783,,,,,,
51:23.3,,,0.007919193,-1.144093785,,,,,,
51:23.5,85.6061,57.23,,,,,97.2,8.18737152,,
51:23.5,,,,,9084.4375,,,,,
51:23.5,,,,,,16.40234375,,,,
51:23.5,85.6061,57.23,,,,,100,8.18737152,,
51:23.9,,,,,,,,,,
51:24.9,,,,,,,,,,
51:24.9,,,0.000564806,-1.124181873,,,,,,
51:25.0,,,0.000564802,-1.124181848,,,,,,
51:25.0,,,0.0005648,-1.124181837,,,,,,
51:25.0,,,0.000564798,-1.124181827,,,,,,
51:25.0,,,0.00056479,-1.124181778,,,,,,
51:25.1,,,0.000564788,-1.124181766,,,,,,
51:25.1,,,0.000564787,-1.124181762,,,,,,
51:25.2,,,0.000564786,-1.124181755,,,,,,
51:25.2,,,0.000564784,-1.124181748,,,,,,
51:25.2,,,,,10058.90723,,,,,
51:25.2,,,,,,18.66210938,,,,
51:25.3,,,0.000564782,-1.124181731,,,,,,
51:25.8,,,,,8980.191406,,,,,
51:25.8,,,,,,30.25878906,,,,
51:25.9,,,,,,,,,,
51:26.9,,,0.002245467,-1.132489085,,,,,,
51:26.9,,,,,,,,,,
51:27.0,,,0.002245468,-1.132489088,,,,,,
51:27.0,,,0.00224547,-1.132489097,,,,,,
51:27.0,,,0.00224547,-1.132489097,,,,,,
51:27.0,,,0.00224547,-1.132489097,,,,,,
51:27.1,,,0.002245472,-1.132489102,,,,,,
51:27.2,,,,,8689.713867,,,,,
51:27.2,,,,,,34.83886719,,,,
51:27.2,,,0.002245471,-1.1324891,,,,,,
51:27.2,,,,,8896.696289,,,,,
51:27.2,,,,,,54.52539063,,,,
51:27.2,,,0.002245472,-1.132489104,,,,,,
51:27.4,,,0.002245473,-1.132489107,,,,,,
51:27.4,,,0.002245473,-1.132489109,,,,,,
51:27.9,,,,,,,,,,
51:28.7,,,0.004596697,-1.127478893,,,,,,
51:28.7,,,0.004596699,-1.127478892,,,,,,
51:28.7,,,0.0045967,-1.127478892,,,,,,
51:28.8,,,0.00459671,-1.12747889,,,,,,
51:28.8,,,0.004596716,-1.127478888,,,,,,
51:28.8,,,0.004596715,-1.127478888,,,,,,
51:28.8,,,0.004596716,-1.127478888,,,,,,
51:28.8,,,0.004596717,-1.127478888,,,,,,
51:28.8,,,0.004596718,-1.127478888,,,,,,
51:28.8,,,0.004596725,-1.127478885,,,,,,
51:28.9,,,,,,,,,,
51:29.0,,,,,9892.03125,,,,,
51:29.0,,,,,,18.25976563,,,,
51:29.4,,,,,,,,,/IP_10_3_0_8/release_trolley,12567
51:29.5,,,,,,,,,/IP_10_3_0_8/rosping_service,10462
51:29.9,,,,,,,,,,
51:30.4,,,0.00075303,-1.130430723,,,,,,
51:30.4,,,0.000753028,-1.130430725,,,,,,
51:30.4,,,,,10792.45215,,,,,
51:30.4,,,,,,19.11523438,,,,
51:30.4,,,0.000753024,-1.130430729,,,,,,
51:30.5,,,0.000753023,-1.13043073,,,,,,
51:30.5,,,0.008082944,-1.140333879,,,,,,
51:30.5,85.6061,57.53,,,,,96.4,8.18737152,,
51:30.5,,,0.00808295,-1.140333891,,,,,,
51:30.5,,,0.00808722,-1.140245007,,,,,,
51:30.5,,,0.008152139,-1.138166095,,,,,,
51:30.5,,,0.008216068,-1.136145558,,,,,,
51:30.5,,,0.008372066,-1.13115222,,,,,,
51:30.7,,,,,10850.11719,,,,,
51:30.7,,,,,,23.18164063,,,,
51:30.9,,,,,,,,,,
51:31.9,,,,,,,,,,
51:32.8,,,0.01801773,-0.745378553,,,,,,
51:32.8,,,0.018488785,-0.735298218,,,,,,
51:32.8,,,0.018953597,-0.72538096,,,,,,
51:32.8,,,0.019418974,-0.715481575,,,,,,
51:32.8,,,0.01989814,-0.70542542,,,,,,
51:32.8,,,0.020380538,-0.695420144,,,,,,
51:32.8,,,0.020881181,-0.685113768,,,,,,
51:32.8,,,0.021369092,-0.675168958,,,,,,
51:32.9,,,0.022113513,-0.660098447,,,,,,
51:32.9,,,,,10585.12305,,,,,
51:32.9,,,,,,23.90917969,,,,
51:32.9,,,0.022723463,-0.647737652,,,,,,
51:33.2,,,,,,,,,/IP_10_3_0_8/reverse_robot,3267
51:33.3,,,,,9615.379883,,,,,
51:33.3,,,,,,28.34375,,,,
51:33.5,,,,,,,,,,
51:33.9,,,,,,,,,,
51:34.8,,,-0.003006815,-0.382069377,,,,,,
51:34.8,,,0.022519556,-0.389130408,,,,,,
51:34.9,,,0.022364552,-0.374265732,,,,,,
51:34.9,,,,,6570.075195,,,,,
51:34.9,,,,,,17.09472656,,,,
51:34.9,,,,,,,,,,
51:35.0,,,0.02128789,-0.351349878,,,,,,
51:35.0,,,0.018014505,-0.3260028,,,,,,
51:35.0,,,0.015985227,-0.314025463,,,,,,
51:35.0,85.6061,57.77,,,,,96.6,8.18737152,,
51:35.2,,,,,3938.333008,,,,,
51:35.2,,,,,,53.60058594,,,,
51:35.2,,,,,6245.360352,,,,,
51:35.2,,,,,,67.00195313,,,,
51:35.3,,,0.010232116,-0.288130863,,,,,,
51:35.4,,,0.013565865,-0.302204656,,,,,,
51:35.6,,,0.007978369,-0.280118618,,,,,,
51:35.8,85.6061,57.77,,,,,100,8.18737152,,
51:35.9,,,0.004705215,-0.26962122,,,,,,
51:35.9,,,,,,,,,,
51:36.9,,,-0.029563267,-0.236525212,,,,,,
51:36.9,,,,,,,,,,
51:37.1,,,-0.087307794,-0.099819084,,,,,,
51:37.1,,,-0.009624385,-0.246361182,,,,,,
51:37.2,,,0.004815256,-0.253378196,,,,,,
51:37.3,,,,,,21.72167969,,,,
51:37.3,,,,,7140.78125,,,,,
51:37.3,,,,,7161.164063,,,,,
51:37.3,,,,,,23.39746094,,,,
51:37.5,,,0.019446174,-0.260433619,,,,,,
51:37.6,,,0.034938173,-0.267776672,,,,,,
51:37.7,,,0.051206401,-0.275320517,,,,,,
51:37.7,,,-0.13416023,-0.119140702,,,,,,
51:37.8,,,-0.106210178,-0.107694117,,,,,,
51:37.9,,,,,,,,,,
51:37.9,,,-0.096768561,-0.103766445,,,,,,
51:38.8,,,0.662724873,0.57728583,,,,,,
51:38.9,,,0.684125083,0.595919192,,,,,,
51:38.9,,,0.712780366,0.620904158,,,,,,
51:38.9,,,0.724954881,0.631567125,,,,,,
51:38.9,,,0.754956433,0.657884707,,,,,,
51:38.9,,,0.792365659,0.691141105,,,,,,
51:38.9,,,,,,,,,,
51:39.0,,,0.812073582,0.709051327,,,,,,
51:39.0,,,0.827491138,0.723436884,,,,,,
51:39.0,,,0.843936939,0.739376758,,,,,,
51:39.0,,,0.860976294,0.756678024,,,,,,
51:39.1,,,,,6988.157227,,,,,
51:39.1,,,,,,21.57617188,,,,
51:39.9,,,,,,,,,,
51:40.9,,,,,,,,,,
51:41.0,85.6061,57.62,,,,,96.3,8.18737152,,
51:41.0,,,1.039315053,1.03887528,,,,,,
51:41.0,,,,,6980.59082,,,,,
51:41.0,,,,,,20.65039063,,,,
51:41.0,,,1.044102986,1.023187096,,,,,,
51:41.0,,,1.045601385,1.018509955,,,,,,
51:41.0,,,1.048593547,1.009273545,,,,,,
51:41.0,,,1.051522315,1.000619956,,,,,,
51:41.1,,,,,6602.832031,,,,,
51:41.1,,,,,,19.47460938,,,,
51:41.2,,,1.056969059,0.985820519,,,,,,
51:41.2,,,1.05961972,0.979394514,,,,,,
51:41.3,,,1.062216738,0.973578272,,,,,,
51:41.3,,,1.066035164,0.965758472,,,,,,
51:41.6,,,1.054321367,0.992782775,,,,,,
51:41.9,,,,,,,,,,
51:42.0,,,,,7338.374023,,,,,
51:42.0,,,,,,30.58984375,,,,
51:42.9,,,,,,,,,,
51:43.1,,,1.150932151,1.083359822,,,,,,
51:43.1,,,1.150951648,1.083357064,,,,,,
51:43.1,,,1.150997055,1.083350338,,,,,,
51:43.1,,,1.151014125,1.083348061,,,,,,
51:43.1,,,1.151015395,1.08334799,,,,,,
51:43.1,,,1.151029905,1.083345957,,,,,,
51:43.1,,,1.1510437,1.083344023,,,,,,
51:43.3,,,1.15087094,1.083368448,,,,,,
51:43.4,,,,,6111.272461,,,,,
51:43.4,,,,,,36.16308594,,,,
51:43.4,,,,,6579.407227,,,,,
51:43.4,,,,,,54.97851563,,,,
51:43.7,,,1.150892332,1.083365434,,,,,,
51:43.7,,,1.150912748,1.083362557,,,,,,
51:43.9,,,,,,,,,,
51:44.2,,,,,,,,,/IP_10_3_0_8/move_robot,11066
51:44.9,,,,,,,,,,
51:45.1,,,1.107456376,1.094127484,,,,,,
51:45.1,,,1.107460903,1.094127155,,,,,,
51:45.1,,,1.107471811,1.094126357,,,,,,
51:45.2,,,,,6624.041992,,,,,
51:45.2,,,,,,17.52929688,,,,
51:45.4,,,1.107432342,1.094129205,,,,,,
51:45.4,,,,,7960.116211,,,,,
51:45.4,,,,,,21.31835938,,,,
51:45.5,88.4848,58.09,,,,,96,8.18737152,,
51:45.5,88.4848,58.09,,,,,92.9,8.18737152,,
51:45.5,,,1.10743456,1.09412905,,,,,,
51:45.7,,,1.107437335,1.094128857,,,,,,
51:45.8,,,1.107439153,1.09412873,,,,,,
51:45.8,,,1.107440889,1.094128609,,,,,,
51:45.8,,,1.107446211,1.094128223,,,,,,
51:45.9,,,,,,,,,,
51:46.0,,,1.107451555,1.094127834,,,,,,
51:47.0,,,,,,,,,,
51:47.2,,,1.110488419,1.0943529,,,,,,
51:47.2,,,1.11049006,1.094352779,,,,,,
51:47.2,,,1.110491583,1.094352666,,,,,,
51:47.3,,,1.110493158,1.09435255,,,,,,
51:47.3,,,1.110496468,1.094352304,,,,,,
51:47.3,,,1.11049942,1.094352083,,,,,,
51:47.4,,,1.110498762,1.094352136,,,,,,
51:47.4,,,1.110499914,1.094352051,,,,,,
51:47.4,,,1.11050108,1.094351965,,,,,,
51:47.4,,,1.110504394,1.094351716,,,,,,
51:47.6,,,,,7511.418945,,,,,
51:47.6,,,,,,16.57714844,,,,
51:47.6,,,,,8323.332031,,,,,
51:47.6,,,,,,55.45214844,,,,
51:48.0,,,,,,,,,,
51:48.9,,,,,,,,,,
51:49.6,,,1.108841499,1.095904357,,,,,,
51:49.6,,,1.10884185,1.095904334,,,,,,
51:49.6,,,1.108842251,1.095904307,,,,,,
51:49.7,,,1.1088423,1.095904304,,,,,,
51:49.7,,,1.108842584,1.095904284,,,,,,
51:49.7,,,1.108842869,1.095904265,,,,,,
51:49.7,,,1.108843193,1.095904243,,,,,,
51:49.7,,,1.108843476,1.095904224,,,,,,
51:49.8,,,1.108843506,1.095904222,,,,,,
51:49.8,,,1.108843739,1.095904206,,,,,,
51:49.9,,,,,7525.557617,,,,,
51:49.9,,,,,,40.50585938,,,,
51:49.9,,,,,,,,,,
51:50.5,88.4848,57.72,,,,,97.5,8.18737152,,
51:50.5,,,,,6430.364258,,,,,
51:50.5,,,,,,18.05859375,,,,
51:50.9,,,,,,,,,,
51:51.8,,,1.10845383,1.103966964,,,,,,
51:51.8,,,1.108453943,1.103966998,,,,,,
51:51.8,,,1.108454057,1.103967031,,,,,,
51:51.9,,,1.10845431,1.103967107,,,,,,
51:51.9,,,1.108454428,1.103967141,,,,,,
51:51.9,,,,,6992.620117,,,,,
51:51.9,,,,,,35.14160156,,,,
51:51.9,,,1.108454445,1.103967146,,,,,,
51:51.9,,,1.108454534,1.103967172,,,,,,
51:51.9,,,1.108454614,1.103967196,,,,,,
51:51.9,,,1.108454696,1.10396722,,,,,,
51:51.9,,,1.108454778,1.103967244,,,,,,
51:51.9,,,,,,,,,,
51:52.8,,,,,7660.65332,,,,,
51:52.8,,,,,,53.35742188,,,,
51:53.0,,,,,,,,,,
51:53.6,,,,,,,,,/IP_10_3_0_8/move_camera,2316
51:53.9,,,,,,,,,,
51:54.1,,,1.104018253,1.100105081,,,,,,
51:54.1,,,1.104018261,1.100105082,,,,,,
51:54.1,,,,,8290.796875,,,,,
51:54.1,,,,,,28.96777344,,,,
51:54.2,,,1.10401826,1.100105082,,,,,,
51:54.2,,,1.104018269,1.100105083,,,,,,
51:54.2,,,1.103623992,1.091545667,,,,,,
51:54.2,,,1.103624013,1.091545643,,,,,,
51:54.2,,,1.103624056,1.091545593,,,,,,
51:54.2,,,1.103713347,1.091538152,,,,,,
51:54.2,,,1.104534651,1.091477475,,,,,,
51:54.3,,,1.104857022,1.091452918,,,,,,
51:54.4,88.4848,57.92,,,,,96.1,8.18737152,,
51:54.4,,,,,7783.591797,,,,,
51:54.4,,,,,,15.78808594,,,,
51:54.4,88.4848,57.92,,,,,100,8.18737152,,
51:54.4,,,,,8168.023438,,,,,
51:54.4,,,,,,24.58105469,,,,
51:55.0,,,,,,,,,,
51:56.0,,,,,,,,,,
51:56.9,,,0.71378963,0.64560025,,,,,,
51:56.9,,,0.696478308,0.623595399,,,,,,
51:56.9,,,0.679633485,0.602190263,,,,,,
51:56.9,,,0.654140603,0.569717793,,,,,,
51:56.9,,,0.628216345,0.536434528,,,,,,
51:56.9,,,0.619904935,0.525728307,,,,,,
51:56.9,,,0.603018443,0.503956902,,,,,,
51:56.9,,,0.586138689,0.482101157,,,,,,
51:56.9,,,0.569556677,0.460596026,,,,,,
51:57.0,,,0.552409561,0.438309574,,,,,,
51:57.0,,,,,,,,,,
51:57.1,,,,,8278.265625,,,,,
51:57.1,,,,,,33.9765625,,,,
51:57.5,,,,,7755.46582,,,,,
51:57.5,,,,,,22.51855469,,,,
51:57.9,,,,,,,,,,
51:58.8,,,0.235169732,-0.020242355,,,,,,
51:58.9,,,,,5498.15332,,,,,
51:58.9,,,,,,24.96972656,,,,
51:58.9,,,0.233257767,-0.023819675,,,,,,
51:58.9,,,0.231769534,-0.026903876,,,,,,
51:58.9,,,0.230787602,-0.029412006,,,,,,
51:58.9,,,0.230197199,-0.030913282,,,,,,
51:59.0,,,,,,,,,,
51:59.2,,,,,8282.550781,,,,,
51:59.2,,,,,,36.953125,,,,
51:59.8,,,0.229659121,-0.032748354,,,,,,
51:59.8,,,0.052400864,-0.297834946,,,,,,
51:59.8,,,0.053648365,-0.296008051,,,,,,
51:59.9,,,0.054749355,-0.294333339,,,,,,
51:59.9,,,0.055325555,-0.293439733,,,,,,
52:00.0,,,,,,,,,,
52:00.9,,,,,,,,,,
52:01.6,,,0.004751996,-0.337714268,,,,,,
52:01.6,,,,,9447.868164,,,,,
52:01.6,,,,,,56.38378906,,,,
52:01.7,,,0.004752027,-0.337710255,,,,,,
52:02.7,,,0.004752307,-0.337686843,,,,,,
52:02.8,,,,,,,,,,
52:02.8,88.4848,58.07,,,,,96.2,8.18737152,,
52:02.8,,,0.004752606,-0.337663331,,,,,,
52:02.8,,,,,6925.850586,,,,,
52:02.8,,,,,,15.9609375,,,,
52:02.8,,,,,6426.350586,,,,,
52:02.8,,,,,,18.51953125,,,,
52:02.9,,,0.004752849,-0.337643394,,,,,,
52:02.9,,,0.004752898,-0.337636803,,,,,,
52:02.9,,,0.004753148,-0.337616137,,,,,,
52:02.9,,,0.004753774,-0.337569806,,,,,,
52:02.9,,,0.004753804,-0.33756535,,,,,,
52:02.9,,,0.004753829,-0.337561402,,,,,,
52:03.0,,,,,,,,,,
52:03.8,,,,,,,,,/IP_10_3_0_8/move_robot,10254
52:03.9,,,,,,,,,,
52:04.2,,,0.004355361,-0.333893135,,,,,,
52:04.2,,,0.003622349,-0.338398381,,,,,,
52:04.2,,,0.003622393,-0.338392971,,,,,,
52:04.3,,,0.003622473,-0.338385159,,,,,,
52:04.3,,,0.003622477,-0.338382629,,,,,,
52:04.3,,,0.003622514,-0.338377967,,,,,,
52:04.3,,,0.003622606,-0.338367615,,,,,,
52:04.3,,,,,6453.463867,,,,,
52:04.3,,,,,,17.09472656,,,,
52:04.3,,,0.003622641,-0.338362898,,,,,,
52:04.3,,,0.003622644,-0.338362226,,,,,,
52:04.3,,,0.003622673,-0.33835855,,,,,,
52:04.5,,,,,5447.859375,,,,,
52:04.5,,,,,,29.63183594,,,,
52:04.7,88.4848,58.07,,,,,95.6,8.18737152,,
52:04.7,88.4848,58.07,,,,,100,8.18737152,,
52:04.7,,,,,5324.449219,,,,,
52:04.7,,,,,,31.18261719,,,,
52:04.8,,,,,,,,,/IP_10_3_0_8/rosping_service,1307
52:05.0,,,,,,,,,,
52:06.0,,,,,,,,,,
52:06.2,,,,,,,,,/IP_10_3_0_8/move_camera,2363
52:07.0,,,,,,,,,,
52:07.1,,,0.003842056,-0.335639991,,,,,,
52:07.1,,,0.003842057,-0.335639833,,,,,,
52:07.1,,,0.003842062,-0.335639086,,,,,,
52:07.1,,,0.003842067,-0.335638375,,,,,,
52:07.2,,,0.003842073,-0.335637664,,,,,,
52:07.2,,,0.003842077,-0.335637059,,,,,,
52:07.2,,,0.003842082,-0.335636413,,,,,,
52:07.2,,,0.003842093,-0.335635035,,,,,,
52:07.2,,,,,5949.769531,,,,,
52:07.2,,,,,,27.62792969,,,,
52:07.3,,,,,,,,,/IP_10_3_0_8/object_detection,1107
52:07.4,,,,,5334.490234,,,,,
52:07.4,,,,,,34.27539063,,,,
52:07.4,,,,,5875.228516,,,,,
52:07.4,,,,,,61.57421875,,,,
52:08.0,,,0.003842034,-0.335642996,,,,,,
52:08.0,,,,,,,,,,
52:08.0,,,0.00384205,-0.335640967,,,,,,
52:08.9,,,,,,,,,,
52:09.6,,,,,,,,,/IP_10_3_0_8/move_camera,2315
52:09.7,,,0.003261874,-0.334601204,,,,,,
52:09.7,,,0.003261874,-0.334601084,,,,,,
52:09.7,,,0.003261873,-0.334601065,,,,,,
52:09.7,,,0.003261873,-0.334601046,,,,,,
52:09.8,,,0.003261873,-0.334600947,,,,,,
52:09.8,,,0.003261873,-0.334600852,,,,,,
52:09.8,,,0.003261873,-0.334600762,,,,,,
52:09.8,,,0.003261873,-0.334600675,,,,,,
52:09.8,,,0.003261873,-0.334600588,,,,,,
52:09.8,,,0.003261874,-0.334600366,,,,,,
52:09.9,,,,,5946.4375,,,,,
52:09.9,,,,,,24.47167969,,,,
52:09.9,88.4848,57.51,,,,,98.1,8.18737152,,
52:09.9,,,,,6143.555664,,,,,
52:09.9,,,,,,19.26953125,,,,
52:10.0,,,,,,,,,,
52:11.0,,,,,,,,,/IP_10_3_0_8/reverse_robot,1358
52:11.4,,,,,,,,,,
52:11.9,,,-0.001879421,-0.223597669,,,,,,
52:11.9,,,,,,,,,,
52:12.2,,,-0.002408326,-0.21619707,,,,,,
52:12.2,,,,,5998.40918,,,,,
52:12.2,,,,,,28.96582031,,,,
52:12.2,,,-0.003158003,-0.20823987,,,,,,
52:12.2,,,,,5266.261719,,,,,
52:12.2,,,,,,18.16699219,,,,
52:12.3,,,-0.004063511,-0.200701796,,,,,,
52:12.3,,,,,6397.514648,,,,,
52:12.3,,,,,,51.64257813,,,,
52:12.3,,,-0.005257787,-0.193073871,,,,,,
52:12.3,,,-0.006566831,-0.186087831,,,,,,
52:12.3,,,-0.008634248,-0.176575088,,,,,,
52:12.4,,,-0.009597891,-0.173206422,,,,,,
52:12.4,,,-0.011894435,-0.16532438,,,,,,
52:12.4,,,-0.014777113,-0.157517762,,,,,,
52:13.0,,,,,,,,,,
52:13.9,,,,,,,,,,
52:14.4,,,0.415253727,-0.361007797,,,,,,
52:14.4,,,0.439974329,-0.374323063,,,,,,
52:14.4,,,0.461675926,-0.385934398,,,,,,
52:14.5,,,0.484086827,-0.397935301,,,,,,
52:14.5,,,0.506055633,-0.409739018,,,,,,
52:14.5,,,0.343410264,-0.168170379,,,,,,
52:14.5,,,0.378988736,-0.173095456,,,,,,
52:14.5,,,0.41196122,-0.178410928,,,,,,
52:14.5,,,0.422686385,-0.180369072,,,,,,
52:14.5,,,0.443014493,-0.184474848,,,,,,
52:14.6,,,,,6657.5625,,,,,
52:14.6,,,,,,20.80566406,,,,
52:14.6,85.6061,57.44,,,,,98.1,8.18737152,,
52:14.6,85.6061,57.44,,,,,100,8.18737152,,
52:14.7,,,,,6538.695313,,,,,
52:14.7,,,,,,37.19824219,,,,
52:15.0,,,,,,,,,,
52:15.9,,,,,,,,,,
52:16.5,,,0.826784842,-0.181377372,,,,,,
52:16.5,,,0.821363596,-0.176544482,,,,,,
52:16.5,,,1.015530595,-0.318910128,,,,,,
52:16.6,,,1.014117738,-0.313957128,,,,,,
52:16.6,,,1.012825608,-0.309344033,,,,,,
52:16.6,,,1.011776792,-0.305474998,,,,,,
52:16.6,,,1.010605228,-0.3008788,,,,,,
52:16.7,,,1.009946861,-0.297828212,,,,,,
52:16.8,,,1.009824255,-0.297179101,,,,,,
52:16.8,,,1.009676338,-0.296318303,,,,,,
52:16.9,,,,,7168.886719,,,,,
52:16.9,,,,,,56.18945313,,,,
52:17.0,,,,,,,,,,
52:17.9,,,,,,,,,,
52:18.0,,,,,8088.842773,,,,,
52:18.0,,,,,,19.37109375,,,,
52:18.9,,,0.998740089,-0.295213367,,,,,,
52:18.9,,,0.998739393,-0.295191543,,,,,,
52:18.9,,,,,,,,,,
52:19.1,,,0.998735534,-0.295070561,,,,,,
52:19.1,,,,,7260.751953,,,,,
52:19.1,,,,,,18.35253906,,,,
52:19.3,,,,,7835.045898,,,,,
52:19.3,,,,,,18.09960938,,,,
52:19.7,,,0.998739295,-0.295188451,,,,,,
52:19.7,,,,,,,,,/IP_10_3_0_8/move_robot,8044
52:19.7,,,0.998738779,-0.295172287,,,,,,
52:19.7,,,0.998738284,-0.295156763,,,,,,
52:19.7,,,0.998737814,-0.295142007,,,,,,
52:19.7,,,0.998737363,-0.295127886,,,,,,
52:19.7,,,0.998736917,-0.29511391,,,,,,
52:19.8,,,0.998735919,-0.295082631,,,,,,
52:19.9,,,,,,,,,,
52:20.9,,,,,,,,,,
52:21.1,,,,,6713.985352,,,,,
52:21.1,,,,,,17.69042969,,,,
52:21.2,,,0.984430662,-0.297574611,,,,,,
52:21.2,,,0.984430652,-0.297574585,,,,,,
52:21.2,85.6061,57.36,,,,,95.5,8.18737152,,
52:21.2,,,0.984430446,-0.297570685,,,,,,
52:21.2,,,0.984430234,-0.297566697,,,,,,
52:21.2,,,0.984430052,-0.297563253,,,,,,
52:21.2,,,0.984429875,-0.297559908,,,,,,
52:21.2,,,0.984429706,-0.297556725,,,,,,
52:21.2,,,0.984429228,-0.297547527,,,,,,
52:21.2,,,0.984429169,-0.297546537,,,,,,
52:21.2,,,0.984429097,-0.297545261,,,,,,
52:21.4,,,,,6880.558594,,,,,
52:21.4,,,,,,35.734375,,,,
52:21.4,,,,,7340.222656,,,,,
52:21.4,,,,,,25.92871094,,,,
52:21.4,,,,,,,,,/IP_10_3_0_8/move_camera,2358
52:21.5,,,,,,,,,/IP_10_3_0_8/rosping_service,1055
52:21.9,,,,,,,,,,
52:22.5,,,,,,,,,/IP_10_3_0_8/object_detection,1157
52:23.0,,,,,,,,,,
52:23.3,,,0.984434003,-0.290611188,,,,,,
52:23.3,,,0.98443399,-0.290610898,,,,,,
52:23.4,,,0.98443395,-0.290609943,,,,,,
52:23.4,,,0.984433939,-0.290609696,,,,,,
52:23.4,,,0.984433843,-0.290607287,,,,,,
52:23.4,,,0.984433856,-0.290607701,,,,,,
52:23.4,,,0.984433818,-0.290606783,,,,,,
52:23.4,,,0.984433811,-0.29060664,,,,,,
52:23.4,,,0.99168235,-0.29674119,,,,,,
52:23.4,,,0.991682337,-0.296740723,,,,,,
52:23.4,,,,,7704.055664,,,,,
52:23.4,,,,,,45.45898438,,,,
52:23.6,88.4848,57.38,,,,,97.3,8.18737152,,
52:23.6,,,,,7590.976563,,,,,
52:23.6,,,,,,60.62011719,,,,
52:23.6,88.4848,57.38,,,,,88.9,8.18737152,,
52:24.0,,,,,,,,,,
52:24.7,,,,,,,,,/IP_10_3_0_8/move_camera,2111
52:24.9,,,,,,,,,,
52:25.5,,,0.984245326,-0.295151725,,,,,,
52:25.6,,,0.984245278,-0.295151076,,,,,,
52:25.6,,,0.984245289,-0.29515124,,,,,,
52:25.6,,,0.984245283,-0.295151173,,,,,,
52:25.6,,,0.984245265,-0.29515094,,,,,,
52:25.6,,,0.98424524,-0.295150596,,,,,,
52:25.6,,,0.984245247,-0.295150705,,,,,,
52:25.6,,,0.984245245,-0.295150679,,,,,,
52:25.6,,,0.984245233,-0.295150519,,,,,,
52:25.6,,,0.984245221,-0.295150367,,,,,,
52:25.7,,,,,7993.68457,,,,,
52:25.7,,,,,,17.13085938,,,,
52:25.8,,,,,8491.649414,,,,,
52:25.8,,,,,,20.93652344,,,,
52:25.9,,,,,,,,,,
52:26.9,,,,,,,,,,
52:27.9,,,0.994026489,-0.301095236,,,,,,
52:27.9,,,0.99402649,-0.301095228,,,,,,
52:27.9,,,0.994026492,-0.301095217,,,,,,
52:27.9,,,0.994026499,-0.301095184,,,,,,
52:28.0,,,0.994026517,-0.301095093,,,,,,
52:28.0,,,0.994026513,-0.301095111,,,,,,
52:28.0,,,0.994026514,-0.301095107,,,,,,
52:28.0,,,0.989723274,-0.298425365,,,,,,
52:28.0,,,,,7572.359375,,,,,
52:28.0,,,,,,18.95117188,,,,
52:28.0,,,0.989723272,-0.298425314,,,,,,
52:28.0,,,0.989723268,-0.298425208,,,,,,
52:28.0,,,,,,,,,,
52:28.1,,,,,8431.8125,,,,,
52:28.1,,,,,,24.01367188,,,,
52:29.1,,,,,,,,,,
52:30.2,,,,,,,,,,
52:30.9,,,1.025359914,-0.479628708,,,,,,
52:30.9,,,1.025737698,-0.48211379,,,,,,
52:30.9,,,,,9353.495117,,,,,
52:30.9,,,,,,29.48339844,,,,
52:30.9,,,1.026364304,-0.48629343,,,,,,
52:30.9,,,1.026816888,-0.489298668,,,,,,
52:30.9,,,1.026915854,-0.489975092,,,,,,
52:31.0,,,1.027452695,-0.493651116,,,,,,
52:31.0,,,,,,,,,,
52:31.2,,,1.027615828,-0.494768639,,,,,,
52:31.2,,,1.027786714,-0.495947875,,,,,,
52:31.2,,,1.028294381,-0.499524819,,,,,,
52:31.2,,,1.028740644,-0.502709603,,,,,,
52:31.2,88.4848,57.12,,,,,96.3,8.18737152,,
52:31.2,,,,,8833.609375,,,,,
52:31.2,,,,,,18.39257813,,,,
52:31.3,,,,,9060.03418,,,,,
52:31.3,,,,,,34.40625,,,,
52:32.0,,,,,,,,,,
52:33.0,,,,,,,,,,
52:33.9,,,1.049482366,-0.609716105,,,,,,
52:33.9,,,1.049538266,-0.610411911,,,,,,
52:33.9,,,,,7537.709961,,,,,
52:33.9,,,,,,67.04003906,,,,
52:33.9,,,1.049572666,-0.610812813,,,,,,
52:33.9,,,1.049612763,-0.611282519,,,,,,
52:33.9,,,1.049654314,-0.611766707,,,,,,
52:33.9,,,1.049709282,-0.612385061,,,,,,
52:33.9,,,1.049772352,-0.613085841,,,,,,
52:33.9,,,1.049790604,-0.613283488,,,,,,
52:33.9,,,1.054933102,-0.62050816,,,,,,
52:34.0,,,1.054973376,-0.621001103,,,,,,
52:34.0,,,,,,,,,,
52:34.1,85.6061,57.32,,,,,98,8.18737152,,
52:34.1,,,,,7489.428711,,,,,
52:34.1,,,,,,17.2265625,,,,
52:34.1,85.6061,57.32,,,,,100,8.18737152,,
52:34.1,,,,,9039.969727,,,,,
52:34.1,,,,,,16.4375,,,,
52:35.2,,,,,,,,,,
52:36.0,,,,,,,,,,
52:36.9,,,1.052346056,-0.64865841,,,,,,
52:36.9,,,1.05234589,-0.648654392,,,,,,
52:37.0,,,1.05234462,-0.648633414,,,,,,
52:37.0,,,,,,,,,,
52:37.1,,,1.052336925,-0.648456634,,,,,,
52:37.1,,,,,9120.933594,,,,,
52:37.1,,,,,,17.19140625,,,,
52:37.1,,,1.052330704,-0.648215456,,,,,,
52:37.1,,,1.052331296,-0.648167537,,,,,,
52:37.1,,,1.052332515,-0.648184681,,,,,,
52:37.1,,,1.052332361,-0.648249963,,,,,,
52:37.1,,,1.052332296,-0.648240839,,,,,,
52:37.1,,,1.052332291,-0.648358265,,,,,,
52:37.2,,,,,9329.958008,,,,,
52:37.2,,,,,,16.42578125,,,,
52:37.2,,,,,9003.866211,,,,,
52:37.2,,,,,,28.12890625,,,,
52:38.5,,,,,,,,,,
52:39.0,,,,,,,,,,
52:39.6,,,,,10236.36621,,,,,
52:39.6,,,,,,17.92675781,,,,
52:39.6,,,1.053739739,-0.652642978,,,,,,
52:39.6,,,1.053739793,-0.652642471,,,,,,
52:39.6,,,1.053739887,-0.652641596,,,,,,
52:39.6,,,1.053740016,-0.652640401,,,,,,
52:39.7,,,1.053740038,-0.652640199,,,,,,
52:39.7,,,1.053740133,-0.652639316,,,,,,
52:39.7,,,1.053739485,-0.652644855,,,,,,
52:39.7,,,1.05367482,-0.653219037,,,,,,
52:39.7,,,1.053517227,-0.65462261,,,,,,
52:39.7,,,1.053192342,-0.657570366,,,,,,
52:39.9,,,,,10682.33105,,,,,
52:39.9,,,,,,34.93652344,,,,
52:39.9,85.6061,57.49,,,,,97.4,8.18737152,,
52:39.9,,,,,7513.342773,,,,,
52:39.9,,,,,,67.83300781,,,,
52:40.0,,,,,,,,,,
52:41.0,,,,,,,,,,
52:41.9,,,,,,,,,,
52:42.9,,,,,,,,,,
52:43.8,,,1.049212743,-1.038995752,,,,,,
52:43.8,,,1.049099599,-1.040457706,,,,,,
52:43.8,,,1.048987051,-1.042007479,,,,,,
52:43.8,,,1.048875119,-1.043596922,,,,,,
52:43.8,,,1.045410656,-1.06861611,,,,,,
52:43.8,,,1.045205515,-1.070162357,,,,,,
52:43.9,,,1.044818205,-1.073174458,,,,,,
52:43.9,,,1.044635541,-1.074643134,,,,,,
52:43.9,,,1.044468762,-1.07602523,,,,,,
52:43.9,,,1.044394278,-1.076663202,,,,,,
52:43.9,,,,,8235.216797,,,,,
52:43.9,,,,,,18.05957031,,,,
52:44.2,85.6061,57.46,,,,,97.2,8.18737152,,
52:44.2,,,,,6646.624023,,,,,
52:44.2,,,,,,21.59570313,,,,
52:44.2,85.6061,57.46,,,,,100,8.18737152,,
52:44.2,,,,,5678.787109,,,,,
52:44.2,,,,,,18.69140625,,,,
52:44.2,,,,,5324.874023,,,,,
52:44.2,,,,,,28.82226563,,,,
52:44.3,,,,,,,,,,
52:44.9,,,,,,,,,,
52:45.9,,,,,,,,,,
52:46.1,,,1.041758365,-1.123791855,,,,,,
52:46.1,,,1.041725545,-1.124234059,,,,,,
52:46.1,,,1.041663832,-1.125119865,,,,,,
52:46.2,,,1.041632969,-1.125605861,,,,,,
52:46.2,,,1.041607724,-1.126026076,,,,,,
52:46.2,,,,,5343.101563,,,,,
52:46.2,,,,,,29.39160156,,,,
52:46.2,,,1.041572743,-1.126643805,,,,,,
52:46.2,,,1.041558517,-1.126919458,,,,,,
52:46.2,,,1.041538423,-1.127331078,,,,,,
52:46.3,,,1.041516255,-1.127810592,,,,,,
52:46.3,,,,,3950.290039,,,,,
52:46.3,,,,,,26.57714844,,,,
52:46.3,,,,,5632.042969,,,,,
52:46.3,,,,,,31.28027344,,,,
52:46.7,,,1.041834125,-1.122799483,,,,,,
52:46.9,,,,,,,,,,
52:47.8,,,1.047521557,-1.146552669,,,,,,
52:47.8,,,1.047522836,-1.14650691,,,,,,
52:47.8,,,1.047524047,-1.14646232,,,,,,
52:47.9,,,1.047524139,-1.146460486,,,,,,
52:47.9,,,1.047524227,-1.146458726,,,,,,
52:47.9,,,1.047524316,-1.146456926,,,,,,
52:47.9,,,1.047524396,-1.146455338,,,,,,
52:47.9,,,1.047524568,-1.146450308,,,,,,
52:47.9,,,1.04752501,-1.1464337,,,,,,
52:47.9,,,,,,,,,,
52:47.9,,,1.047525068,-1.146435581,,,,,,
52:48.6,,,,,7587.078125,,,,,
52:48.6,,,,,,53.72167969,,,,
52:48.8,,,,,,,,,/IP_10_3_0_8/trolley_docking_service,23124
52:48.9,,,,,,,,,,
52:48.9,,,,,,,,,/IP_10_3_0_8/rosping_service,10862
52:49.6,,,1.048880896,-1.139464716,,,,,,
52:49.6,,,1.04888096,-1.139463605,,,,,,
52:49.6,,,,,8885.150391,,,,,
52:49.6,,,,,,20.09863281,,,,
52:49.6,,,1.048881103,-1.13946117,,,,,,
52:49.6,,,1.048881475,-1.139454928,,,,,,
52:49.6,,,1.048881558,-1.139453462,,,,,,
52:49.6,,,1.048881638,-1.139452064,,,,,,
52:49.6,,,1.048881676,-1.139451407,,,,,,
52:49.7,,,1.048881881,-1.139447955,,,,,,
52:49.7,,,1.04888193,-1.139447092,,,,,,
52:49.7,,,1.048881945,-1.139446819,,,,,,
52:49.8,,,,,8564.603516,,,,,
52:49.8,,,,,,24.38476563,,,,
52:49.8,85.6061,57.92,,,,,97.4,8.18737152,,
52:49.9,,,,,,,,,,
52:50.9,,,,,,,,,,
52:51.3,,,1.036167729,-1.141136552,,,,,,
52:51.3,,,1.036167731,-1.14113642,,,,,,
52:51.3,,,1.036167734,-1.141136195,,,,,,
52:51.3,,,1.036167735,-1.141136067,,,,,,
52:51.4,,,1.036167737,-1.141135942,,,,,,
52:51.4,,,1.036167752,-1.141135408,,,,,,
52:51.4,,,1.036167753,-1.141135306,,,,,,
52:51.4,,,1.036167768,-1.141134811,,,,,,
52:51.4,,,,,7917.486328,,,,,
52:51.4,,,,,,21.91699219,,,,
52:51.4,,,1.036167782,-1.14113434,,,,,,
52:51.4,,,1.036167837,-1.141132708,,,,,,
52:51.6,,,,,,16.359375,,,,
52:51.6,,,,,8098.50293,,,,,
52:51.9,,,,,,,,,,
52:52.9,,,,,,,,,,
52:53.1,,,1.036880085,-1.143554081,,,,,,
52:53.1,,,1.036880086,-1.143553987,,,,,,
52:53.2,,,1.036880086,-1.143553891,,,,,,
52:53.2,,,1.036880088,-1.143553685,,,,,,
52:53.2,,,1.03688009,-1.143553433,,,,,,
52:53.2,,,1.036880094,-1.143553088,,,,,,
52:53.2,,,1.036880092,-1.143553124,,,,,,
52:53.2,,,,,9363.443359,,,,,
52:53.2,,,,,,30.92285156,,,,
52:53.3,,,,,8739.567383,,,,,
52:53.3,,,,,,24.22070313,,,,
52:53.5,,,1.036880084,-1.143554395,,,,,,
52:53.8,,,1.036880084,-1.143554285,,,,,,
52:53.9,,,1.036880085,-1.143554181,,,,,,
52:54.0,,,,,,,,,,
52:54.9,,,,,,,,,,
52:55.1,,,1.048540323,-1.145938587,,,,,,
52:55.1,,,1.048540359,-1.145938518,,,,,,
52:55.2,,,1.048540393,-1.145938453,,,,,,
52:55.2,,,1.048540426,-1.145938391,,,,,,
52:55.4,,,,,7812.374023,,,,,
52:55.4,,,,,,29.97167969,,,,
52:55.4,,,,,7377.101563,,,,,
52:55.4,,,,,,59.31054688,,,,
52:55.7,,,1.037303411,-1.148504696,,,,,,
52:55.7,85.6061,57.23,,,,,96.3,8.18737152,,
52:55.7,,,1.037303413,-1.148504559,,,,,,
52:55.8,85.6061,57.23,,,,,100,8.18737152,,
52:55.8,,,1.037303412,-1.14850459,,,,,,
52:55.8,,,1.037303413,-1.148504546,,,,,,
52:55.9,,,,,,,,,,
52:55.9,,,1.048540268,-1.145938694,,,,,,
52:56.0,,,1.048540315,-1.145938603,,,,,,
52:56.9,,,,,,,,,,
52:57.1,,,1.049232961,-1.142369722,,,,,,
52:57.1,,,1.049232966,-1.142369711,,,,,,
52:57.1,,,1.049232968,-1.142369707,,,,,,
52:57.1,,,1.049232971,-1.142369699,,,,,,
52:57.2,,,1.049232974,-1.142369692,,,,,,
52:57.2,,,1.049232983,-1.142369672,,,,,,
52:57.2,,,1.049232993,-1.14236965,,,,,,
52:57.3,,,,,7310.416992,,,,,
52:57.3,,,,,,17.45605469,,,,
52:57.4,,,,,8436.200195,,,,,
52:57.4,,,,,,18.81054688,,,,
52:57.5,,,1.04923293,-1.142369794,,,,,,
52:57.5,,,1.04923293,-1.142369794,,,,,,
52:57.6,,,1.049232934,-1.142369784,,,,,,
52:57.9,,,,,,,,,,
52:58.9,,,,,,,,,,
52:59.4,,,1.037208878,-1.148319775,,,,,,
52:59.4,,,1.037208873,-1.148319776,,,,,,
52:59.4,,,1.03720887,-1.148319778,,,,,,
52:59.5,,,1.043114796,-1.146775439,,,,,,
52:59.5,,,1.04311481,-1.146775436,,,,,,
52:59.5,,,1.043114841,-1.14677543,,,,,,
52:59.5,,,1.043114849,-1.146775429,,,,,,
52:59.5,,,1.043114851,-1.146775428,,,,,,
52:59.5,,,1.043114863,-1.146775426,,,,,,
52:59.5,,,1.043114873,-1.146775424,,,,,,
52:59.7,,,,,9276.152344,,,,,
52:59.7,,,,,,16.57324219,,,,
52:59.7,,,,,8779.181641,,,,,
52:59.7,,,,,,18.45117188,,,,
52:59.7,85.6061,57.44,,,,,96.1,8.18737152,,
53:00.0,,,,,,,,,,
53:00.2,,,,,,,,,/IP_10_3_0_8/grab_trolley,11464
53:01.4,,,,,,,,,,
53:02.2,,,1.041941271,-1.146794283,,,,,,
53:02.2,,,1.041941272,-1.146794285,,,,,,
53:02.2,,,1.041941272,-1.14679429,,,,,,
53:02.3,,,1.041941272,-1.146794292,,,,,,
53:02.3,,,1.041941272,-1.146794293,,,,,,
53:02.3,,,1.041941272,-1.146794294,,,,,,
53:02.3,,,1.041941272,-1.146794296,,,,,,
53:02.3,,,1.041941273,-1.146794297,,,,,,
53:02.3,,,1.041941273,-1.146794299,,,,,,
53:02.3,,,1.041941273,-1.1467943,,,,,,
53:02.3,,,,,8560.597656,,,,,
53:02.3,,,,,,28.77148438,,,,
53:02.5,,,,,9396.554688,,,,,
53:02.5,,,,,,28.88671875,,,,
53:02.5,,,,,8207.766602,,,,,
53:02.5,,,,,,32.59960938,,,,
53:02.6,,,,,,,,,/IP_10_3_0_8/move_camera,2315
53:02.7,,,,,,,,,,
53:03.1,,,,,,,,,,
53:04.0,,,,,,,,,,
53:05.0,,,,,,,,,,
53:05.6,,,,,,,,,/IP_10_3_0_8/reverse_robot,2459
53:05.7,,,1.067214567,-0.778301795,,,,,,
53:05.8,,,1.067484656,-0.773012319,,,,,,
53:05.8,,,1.067861828,-0.765580113,,,,,,
53:05.8,,,1.068130278,-0.760215298,,,,,,
53:05.8,,,1.065749782,-0.733360851,,,,,,
53:05.8,,,1.066173964,-0.726639875,,,,,,
53:05.8,,,1.066627038,-0.719712561,,,,,,
53:05.8,,,1.067170336,-0.711918507,,,,,,
53:05.8,,,1.067811823,-0.703781294,,,,,,
53:05.8,,,1.068689949,-0.694135883,,,,,,
53:06.0,,,,,,,,,,
53:06.2,85.6061,57.53,,,,,96.1,8.18737152,,
53:06.2,85.6061,57.53,,,,,100,8.18737152,,
53:06.2,,,,,6408.821289,,,,,
53:06.2,,,,,,23.72851563,,,,
53:06.2,,,,,7817.092773,,,,,
53:06.2,,,,,,24.60351563,,,,
53:06.5,,,,,8816.597656,,,,,
53:06.5,,,,,,58.83105469,,,,
53:07.0,,,,,,,,,,
53:07.9,,,,,,,,,,
53:08.2,,,1.057405633,-0.489812936,,,,,,
53:08.2,,,1.045823079,-0.498050293,,,,,,
53:08.2,,,1.028429283,-0.509577948,,,,,,
53:08.2,,,1.018610825,-0.515646436,,,,,,
53:08.2,,,1.006806112,-0.522693113,,,,,,
53:08.2,,,0.997033114,-0.52824118,,,,,,
53:08.2,,,,,9193.060547,,,,,
53:08.2,,,,,,34.83691406,,,,
53:08.2,,,0.984635415,-0.535003731,,,,,,
53:08.2,,,0.971928193,-0.541619468,,,,,,
53:08.3,,,0.951351545,-0.551802794,,,,,,
53:08.3,,,0.929715271,-0.561748726,,,,,,
53:08.4,,,,,9709.311523,,,,,
53:08.4,,,,,,22.78417969,,,,
53:08.4,,,,,10024.60547,,,,,
53:08.4,,,,,,33.84277344,,,,
53:09.0,,,,,,,,,,
53:10.0,,,,,,,,,,
53:10.8,,,0.231368944,-0.259401619,,,,,,
53:10.8,,,0.223719481,-0.254946171,,,,,,
53:10.8,,,0.209089551,-0.246274681,,,,,,
53:10.9,,,0.193873528,-0.236918869,,,,,,
53:10.9,,,0.179062494,-0.227548188,,,,,,
53:10.9,,,0.164324436,-0.21805363,,,,,,
53:10.9,,,0.149733448,-0.208538379,,,,,,
53:10.9,,,0.128141221,-0.194276254,,,,,,
53:10.9,,,0.114442422,-0.18512608,,,,,,
53:10.9,,,0.100495875,-0.175703845,,,,,,
53:10.9,,,,,,,,,,
53:11.3,,,,,9364.537109,,,,,
53:11.3,,,,,,25.96484375,,,,
53:11.5,85.6061,57.1,,,,,96.5,8.18737152,,
53:11.8,,,,,8725.764648,,,,,
53:11.8,,,,,,34.81933594,,,,
53:11.9,,,,,,,,,,
53:13.0,,,,,,,,,,
53:13.7,,,-0.060033253,-0.031285558,,,,,,
53:13.7,,,-0.064859215,-0.029017276,,,,,,
53:13.7,,,-0.069672685,-0.026688705,,,,,,
53:13.7,,,-0.071584783,-0.02575186,,,,,,
53:13.8,,,-0.000745384,-0.023736056,,,,,,
53:13.8,,,,,7642.255859,,,,,
53:13.8,,,,,,54.50097656,,,,
53:13.8,,,-0.005671099,-0.022415227,,,,,,
53:13.8,,,-0.011169106,-0.0208805,,,,,,
53:13.8,,,-0.017234604,-0.019140453,,,,,,
53:13.8,,,-0.023916705,-0.017172802,,,,,,
53:13.8,,,-0.031925076,-0.014736804,,,,,,
53:13.9,,,,,,,,,,
53:14.0,88.4848,57.04,,,,,95.4,8.18737152,,
53:14.0,,,,,9592.166992,,,,,
53:14.0,,,,,,17.77246094,,,,
53:14.0,88.4848,57.04,,,,,80,8.18737152,,
53:14.0,,,,,8075.888672,,,,,
53:14.0,,,,,,19.6015625,,,,
53:14.9,,,,,,,,,,
53:15.8,,,-0.030914575,-0.004433442,,,,,,
53:15.8,,,-0.029986673,-0.004581344,,,,,,
53:15.8,,,-0.029707025,-0.004620869,,,,,,
53:15.8,,,-0.029706905,-0.004620829,,,,,,
53:15.8,,,-0.034096267,-0.008186178,,,,,,
53:15.8,,,-0.034093681,-0.008186516,,,,,,
53:15.8,,,-0.034091207,-0.008186839,,,,,,
53:15.8,,,,,6558.052734,,,,,
53:15.8,,,,,,27.77148438,,,,
53:15.8,,,-0.034088749,-0.008187162,,,,,,
53:15.9,,,-0.034086529,-0.008187453,,,,,,
53:15.9,,,-0.034084001,-0.008187784,,,,,,
53:16.0,,,,,,,,,,
53:16.3,,,,,,,,,/IP_10_3_0_8/rosping_service,10911
53:16.8,,,,,10461.62891,,,,,
53:16.8,,,,,,19.13085938,,,,
53:16.9,,,,,,,,,/IP_10_3_0_8/move_robot,11060
53:16.9,,,,,,,,,,
53:17.9,,,,,,,,,,
53:18.1,,,-0.023126444,-0.001101103,,,,,,
53:18.1,,,-0.023126215,-0.001101114,,,,,,
53:18.1,,,-0.023126177,-0.001101116,,,,,,
53:18.1,,,-0.023126066,-0.001101121,,,,,,
53:18.1,,,,,9294.801758,,,,,
53:18.1,,,,,,28.39746094,,,,
53:18.2,,,-0.023125925,-0.001101128,,,,,,
53:18.2,,,-0.023125829,-0.001101133,,,,,,
53:18.2,,,-0.023125742,-0.001101137,,,,,,
53:18.2,,,-0.023125667,-0.00110114,,,,,,
53:18.2,,,-0.023125591,-0.001101144,,,,,,
53:18.3,,,,,,,,,/IP_10_3_0_8/trolley_parking_service,2213
53:18.5,,,,,9377.839844,,,,,
53:18.5,,,,,,32.27246094,,,,
53:18.5,,,,,8866.349609,,,,,
53:18.5,,,,,,30.47949219,,,,
53:18.9,,,-0.023126564,-0.001101098,,,,,,
53:18.9,,,,,,,,,,
53:19.9,,,,,,,,,,
53:20.6,,,-0.028876132,0.000326126,,,,,,
53:20.6,,,-0.028876116,0.000326126,,,,,,
53:20.6,,,-0.02887611,0.000326125,,,,,,
53:20.6,,,-0.030187684,-0.002614185,,,,,,
53:20.6,,,-0.030187579,-0.002614198,,,,,,
53:20.6,,,-0.030187519,-0.002614205,,,,,,
53:20.6,,,-0.030187239,-0.002614237,,,,,,
53:20.6,,,-0.030187215,-0.00261424,,,,,,
53:20.7,,,-0.030187122,-0.002614251,,,,,,
53:20.7,,,-0.030187079,-0.002614256,,,,,,
53:20.8,,,,,10172.87695,,,,,
53:20.8,,,,,,55.01464844,,,,
53:20.8,88.4848,57.25,,,,,96.9,8.18737152,,
53:20.9,,,,,10108.54004,,,,,
53:20.9,,,,,,16.44042969,,,,
53:21.0,,,,,,,,,,
53:22.0,,,,,,,,,,
53:22.9,,,,,,,,,,
53:23.1,,,-0.030302614,-0.001254426,,,,,,
53:23.1,,,-0.03030259,-0.001254424,,,,,,
53:23.2,,,-0.030302504,-0.001254415,,,,,,
53:23.3,,,-0.030302507,-0.001254416,,,,,,
53:23.3,,,-0.030302463,-0.001254411,,,,,,
53:23.4,,,-0.030302474,-0.001254412,,,,,,
53:23.4,,,-0.030302456,-0.001254411,,,,,,
53:23.4,,,-0.03030244,-0.001254409,,,,,,
53:23.4,,,-0.030302424,-0.001254407,,,,,,
53:23.4,,,-0.030302409,-0.001254406,,,,,,
53:23.4,,,,,8566.032227,,,,,
53:23.4,,,,,,15.97070313,,,,
53:23.5,,,,,9066.585938,,,,,
53:23.5,,,,,,24.15429688,,,,
53:23.5,,,,,8273.362305,,,,,
53:23.5,,,,,,16.765625,,,,
53:24.0,,,,,,,,,,
53:25.0,,,,,,,,,,
53:26.0,,,,,,,,,,
53:26.1,85.6061,56.76,,,,,97.2,8.18737152,,
53:26.1,85.6061,56.76,,,,,100,8.18737152,,
53:26.1,,,-0.030035021,0.0003461,,,,,,
53:26.1,,,-0.03003502,0.000346105,,,,,,
53:26.2,,,-0.030035019,0.000346107,,,,,,
53:26.2,,,-0.030035018,0.00034611,,,,,,
53:26.3,,,-0.030035017,0.000346113,,,,,,
53:26.3,,,-0.030035015,0.00034612,,,,,,
53:26.3,,,-0.030035014,0.000346123,,,,,,
53:26.3,,,-0.030035014,0.000346124,,,,,,
53:26.4,,,,,7094.280273,,,,,
53:26.4,,,,,,27.28710938,,,,
53:26.4,,,,,7772.212891,,,,,
53:26.4,,,,,,21.86328125,,,,
53:26.4,,,,,6795.989258,,,,,
53:26.4,,,,,,31.44726563,,,,
53:26.9,,,-0.02794953,-0.000155943,,,,,,
53:26.9,,,,,,,,,,
53:26.9,,,-0.030035023,0.000346095,,,,,,
53:27.9,,,,,,,,,,
53:28.2,,,-0.025307317,0.00370374,,,,,,
53:28.2,,,-0.025307299,0.003703753,,,,,,
53:28.2,,,-0.025307283,0.003703765,,,,,,
53:28.3,,,-0.025307268,0.003703776,,,,,,
53:28.3,,,-0.025307233,0.003703801,,,,,,
53:28.3,,,-0.025307225,0.003703807,,,,,,
53:28.3,,,-0.025307223,0.003703809,,,,,,
53:28.3,,,-0.025307211,0.003703818,,,,,,
53:28.4,,,-0.025307199,0.003703826,,,,,,
53:28.4,,,-0.025307188,0.003703835,,,,,,
53:28.4,,,,,8342.106445,,,,,
53:28.4,,,,,,60.15527344,,,,
53:28.5,,,,,8903.542969,,,,,
53:28.5,,,,,,17.25195313,,,,
53:28.9,,,,,,,,,,
53:30.3,,,,,,,,,,
53:30.6,,,,,,,,,/IP_10_3_0_8/reverse_robot,2263
53:30.9,,,,,,,,,,
53:31.6,,,0.374135648,-0.021001095,,,,,,
53:31.6,,,0.382647006,-0.021546694,,,,,,
53:31.7,,,0.386061834,-0.021738005,,,,,,
53:31.7,,,0.393102934,-0.022048958,,,,,,
53:31.7,,,0.400863199,-0.022284591,,,,,,
53:31.7,,,0.409649974,-0.022370592,,,,,,
53:31.7,,,0.419677758,-0.022225509,,,,,,
53:31.7,,,0.430702549,-0.02181267,,,,,,
53:31.7,,,0.448878882,-0.02062396,,,,,,
53:31.8,,,0.468948224,-0.018780512,,,,,,
53:31.9,85.6061,57.16,,,,,96.1,8.18737152,,
53:31.9,,,,,10297.94141,,,,,
53:31.9,,,,,,20.53417969,,,,
53:31.9,,,,,7473.203125,,,,,
53:31.9,,,,,,15.328125,,,,
53:31.9,,,,,5692.629883,,,,,
53:31.9,,,,,,33.41796875,,,,
53:31.9,,,,,,,,,,
53:33.0,,,,,,,,,,
53:34.0,,,,,,,,,,
53:34.2,,,0.921025227,0.120734866,,,,,,
53:34.2,,,0.916220985,0.113676009,,,,,,
53:34.2,,,0.913123759,0.108864787,,,,,,
53:34.3,,,0.909928142,0.103597979,,,,,,
53:34.3,,,0.906973738,0.098384665,,,,,,
53:34.3,,,0.904185665,0.093117938,,,,,,
53:34.3,,,0.901428455,0.087534778,,,,,,
53:34.3,,,0.898695005,0.0815486,,,,,,
53:34.3,,,,,8759.262695,,,,,
53:34.3,,,,,,33.70800781,,,,
53:34.3,,,0.895513357,0.07391128,,,,,,
53:34.3,,,0.893652978,0.069122377,,,,,,
53:34.5,85.6061,57.17,,,,,95.2,8.18737152,,
53:34.5,,,,,7353.859375,,,,,
53:34.5,,,,,,27.96777344,,,,
53:34.5,85.6061,57.17,,,,,100,8.18737152,,
53:34.5,,,,,7104.905273,,,,,
53:34.5,,,,,,37.01464844,,,,
53:34.9,,,,,,,,,,
53:35.9,,,,,,,,,,
53:36.8,,,1.001310464,-0.153906746,,,,,,
53:36.8,,,1.000021984,-0.150186291,,,,,,
53:36.9,,,,,7292.823242,,,,,
53:36.9,,,,,,54.84277344,,,,
53:37.0,,,,,,,,,,
53:37.1,,,,,,18.47167969,,,,
53:37.1,,,,,7598.251953,,,,,
53:37.6,,,0.998453136,-0.145749449,,,,,,
53:37.6,,,0.99670498,-0.140860895,,,,,,
53:37.7,,,0.994600498,-0.135119149,,,,,,
53:37.7,,,0.990939415,-0.125314204,,,,,,
53:37.7,,,0.984780147,-0.108964813,,,,,,
53:37.7,,,0.983088386,-0.104518106,,,,,,
53:37.8,,,0.981444847,-0.100201857,,,,,,
53:37.8,,,0.978161699,-0.09158697,,,,,,
53:37.9,,,,,,,,,,
53:38.8,,,0.999128564,-0.200313234,,,,,,
53:38.8,,,0.999295947,-0.201126414,,,,,,
53:38.8,,,0.999275527,-0.201031231,,,,,,
53:38.8,,,0.999272572,-0.201016689,,,,,,
53:38.9,,,0.9992693,-0.201001277,,,,,,
53:38.9,,,0.999241032,-0.20086316,,,,,,
53:38.9,,,0.999236825,-0.200843109,,,,,,
53:38.9,,,,,5911.96875,,,,,
53:38.9,,,,,,18.45507813,,,,
53:38.9,,,0.999238269,-0.200849576,,,,,,
53:38.9,,,0.999236619,-0.200841532,,,,,,
53:38.9,,,,,,,,,,
53:39.2,,,,,6316.591797,,,,,
53:39.2,,,,,,21.28417969,,,,
53:39.4,,,0.999234993,-0.200833602,,,,,,
53:39.9,,,,,,,,,,
53:40.3,,,,,,,,,/IP_10_3_0_8/rosping_service,7540
53:41.0,,,,,,,,,/IP_10_3_0_8/move_robot,9500
53:41.0,,,,,,,,,,
53:41.3,,,0.99863168,-0.236194657,,,,,,
53:41.3,,,0.99863178,-0.236192064,,,,,,
53:41.3,,,0.998631888,-0.23618925,,,,,,
53:41.3,,,0.998632123,-0.236183127,,,,,,
53:41.3,,,,,,19.72070313,,,,
53:41.3,,,,,9063.015625,,,,,
53:41.3,,,0.998632221,-0.236180568,,,,,,
53:41.4,85.6061,57.21,,,,,97,8.18737152,,
53:41.4,,,0.998632234,-0.236180245,,,,,,
53:41.4,,,0.998632314,-0.236178155,,,,,,
53:41.4,,,0.998632391,-0.236176148,,,,,,
53:41.4,,,0.998632464,-0.236174242,,,,,,
53:41.4,,,0.998632534,-0.236172434,,,,,,
53:41.6,,,,,8115.676758,,,,,
53:41.6,,,,,,29.15917969,,,,
53:41.6,,,,,7453.824219,,,,,
53:41.6,,,,,,33.90136719,,,,
53:41.9,,,,,,,,,,
53:43.0,,,,,,,,,,
53:43.5,,,0.98880786,-0.316032033,,,,,,
53:43.6,,,0.988570274,-0.326781031,,,,,,
53:43.6,,,0.988143249,-0.349297856,,,,,,
53:43.6,,,0.987925786,-0.363396297,,,,,,
53:43.6,,,0.987793839,-0.374036572,,,,,,
53:43.6,,,0.987600829,-0.394960782,,,,,,
53:43.6,,,0.987485128,-0.417495539,,,,,,
53:43.6,,,0.987465262,-0.425431353,,,,,,
53:43.6,,,0.987448233,-0.441708687,,,,,,
53:43.6,,,0.987444838,-0.461860369,,,,,,
53:43.7,,,,,6807.128906,,,,,
53:43.7,,,,,,30.71386719,,,,
53:43.9,,,,,7586.978516,,,,,
53:43.9,,,,,,53.0234375,,,,
53:43.9,85.6061,56.52,,,,,97.5,8.18737152,,
53:43.9,85.6061,56.52,,,,,100,8.18737152,,
53:44.0,,,,,,,,,,
53:44.9,,,,,,,,,,
53:45.8,,,1.032253718,-0.808394623,,,,,,
53:45.9,,,1.032646567,-0.816054423,,,,,,
53:45.9,,,1.032771714,-0.818566223,,,,,,
53:45.9,,,1.033011743,-0.823447267,,,,,,
53:45.9,,,1.033255552,-0.828498254,,,,,,
53:45.9,,,1.033500254,-0.833622648,,,,,,
53:45.9,,,,,,,,,,
53:46.1,,,1.03374652,-0.838863073,,,,,,
53:46.1,,,,,8177.765625,,,,,
53:46.1,,,,,,18.64941406,,,,
53:46.1,,,1.033980086,-0.843940048,,,,,,
53:46.1,,,1.045395124,-0.931570764,,,,,,
53:46.1,,,1.045954552,-0.94148093,,,,,,
53:46.3,,,,,8009.905273,,,,,
53:46.3,,,,,,17.046875,,,,
53:47.0,,,,,,,,,,
53:47.9,,,,,,,,,,
53:48.8,,,1.052152186,-1.121599486,,,,,,
53:48.8,,,1.051931032,-1.122921013,,,,,,
53:48.8,,,1.051593943,-1.124774779,,,,,,
53:48.8,,,1.051428533,-1.125629499,,,,,,
53:48.8,,,1.050916816,-1.128145135,,,,,,
53:48.8,,,1.050615115,-1.129490524,,,,,,
53:48.9,,,1.050330002,-1.130709059,,,,,,
53:48.9,,,1.050046065,-1.131870052,,,,,,
53:48.9,,,1.049623755,-1.133509525,,,,,,
53:49.0,,,1.04910629,-1.135372303,,,,,,
53:49.0,,,,,,,,,,
53:49.2,,,,,7773.432617,,,,,
53:49.2,,,,,,24.45019531,,,,
53:49.3,,,,,7146.453125,,,,,
53:49.3,,,,,,17.4375,,,,
53:49.3,,,,,7280.245117,,,,,
53:49.3,,,,,,30.69433594,,,,
53:50.2,,,,,,,,,,
53:51.0,,,,,,,,,,
53:51.9,,,1.047805616,-1.154057267,,,,,,
53:51.9,,,1.051518719,-1.149613834,,,,,,
53:51.9,,,1.051454597,-1.149858161,,,,,,
53:51.9,,,1.051391535,-1.150102933,,,,,,
53:51.9,,,1.05132817,-1.15035225,,,,,,
53:51.9,,,,,,,,,,
53:52.2,,,,,4007.544922,,,,,
53:52.2,,,,,,44.765625,,,,
53:52.2,,,,,3793.870117,,,,,
53:52.2,,,,,,52.51171875,,,,
53:52.4,85.6061,56.71,,,,,97.9,8.18737152,,
53:52.4,,,1.051289697,-1.150507517,,,,,,
53:52.4,,,,,5706.21875,,,,,
53:52.4,,,,,,18.79785156,,,,
53:52.5,,,1.051270431,-1.150586539,,,,,,
53:52.5,,,1.051243497,-1.150698945,,,,,,
53:52.5,,,1.051222037,-1.150789605,,,,,,
53:52.5,,,1.05117187,-1.151012843,,,,,,
53:52.9,,,,,,,,,,
53:53.8,,,1.052711606,-1.155371732,,,,,,
53:53.8,,,1.052706237,-1.155412454,,,,,,
53:53.8,,,,,3654.129883,,,,,
53:53.8,,,,,,17.12988281,,,,
53:53.8,,,1.052706462,-1.15541078,,,,,,
53:53.9,,,1.052706677,-1.155409186,,,,,,
53:53.9,,,,,,,,,,
53:53.9,,,1.052707151,-1.155405707,,,,,,
53:53.9,,,1.052707109,-1.155405983,,,,,,
53:53.9,,,1.052707293,-1.155404615,,,,,,
53:53.9,,,1.052707757,-1.15540119,,,,,,
53:54.0,,,1.052707943,-1.155399799,,,,,,
53:54.0,,,1.041700573,-1.153662666,,,,,,
53:54.2,,,,,,,,,/IP_10_3_0_8/trolley_parking_service,14081
53:54.9,,,,,,,,,,
53:54.9,82.7273,56.95,,,,,98.7,8.18737152,,
53:54.9,,,,,4635.495117,,,,,
53:54.9,,,,,,17.07324219,,,,
53:54.9,82.7273,56.95,,,,,100,8.18737152,,
53:55.6,,,1.042120753,-1.158818017,,,,,,
53:55.6,,,1.042120773,-1.158817286,,,,,,
53:55.7,,,1.042120791,-1.158816592,,,,,,
53:55.7,,,1.042120807,-1.158815957,,,,,,
53:55.8,,,1.042120854,-1.15881429,,,,,,
53:55.8,,,,,6617.598633,,,,,
53:55.8,,,,,,18.83007813,,,,
53:55.8,,,1.042120852,-1.158814286,,,,,,
53:55.8,,,1.042120871,-1.158813543,,,,,,
53:55.8,,,1.042120875,-1.158813367,,,,,,
53:55.8,,,1.0421209,-1.158812441,,,,,,
53:55.8,,,1.042120901,-1.158812385,,,,,,
53:55.9,,,,,,,,,,
53:55.9,,,,,7976.436523,,,,,
53:55.9,,,,,,25.44433594,,,,
53:56.9,,,,,,,,,,
53:57.3,,,1.038728096,-1.169169778,,,,,,
53:57.3,,,1.038728095,-1.169169761,,,,,,
53:57.3,,,1.038728095,-1.169169756,,,,,,
53:57.3,,,1.038728095,-1.169169746,,,,,,
53:57.3,,,1.038728094,-1.169169734,,,,,,
53:57.4,,,1.048557569,-1.159434118,,,,,,
53:57.4,,,1.0485576,-1.159433875,,,,,,
53:57.4,,,,,7588.337891,,,,,
53:57.4,,,,,,30.83007813,,,,
53:57.4,,,1.048557627,-1.159433666,,,,,,
53:57.4,,,1.048557689,-1.159433185,,,,,,
53:57.4,,,1.048557703,-1.159433069,,,,,,
53:57.6,,,,,7005.084961,,,,,
53:57.6,,,,,,43.96875,,,,
53:57.9,,,,,,,,,,
53:58.8,,,1.048557989,-1.159430809,,,,,,
53:58.9,,,1.04410107,-1.154854051,,,,,,
53:58.9,,,1.04410107,-1.154853938,,,,,,
53:58.9,,,,,,,,,,
53:59.0,,,1.044101071,-1.154853841,,,,,,
53:59.0,,,1.044101071,-1.154853796,,,,,,
53:59.0,,,1.044101071,-1.154853702,,,,,,
53:59.0,,,1.044101072,-1.154853613,,,,,,
53:59.2,,,1.044101072,-1.154853558,,,,,,
53:59.3,,,1.044101072,-1.154853527,,,,,,
53:59.5,,,1.044101072,-1.154853494,,,,,,
53:59.9,,,,,7732.498047,,,,,
53:59.9,,,,,,,,,,
53:59.9,,,,,,35.45019531,,,,
54:00.8,,,1.034808914,-1.169617584,,,,,,
54:00.8,,,1.034808913,-1.169617583,,,,,,
54:00.8,82.7273,56.95,,,,,97.2,8.18737152,,
54:00.8,,,,,7282.254883,,,,,
54:00.8,,,,,,38.21582031,,,,
54:00.8,,,1.034808884,-1.169617568,,,,,,
54:00.8,,,1.034808874,-1.169617563,,,,,,
54:00.8,,,1.034808873,-1.169617562,,,,,,
54:00.8,,,1.034808864,-1.169617558,,,,,,
54:00.8,,,1.034808855,-1.169617553,,,,,,
54:00.8,,,1.034808847,-1.169617549,,,,,,
54:00.9,,,1.034808839,-1.169617545,,,,,,
54:00.9,,,1.034808819,-1.169617535,,,,,,
54:00.9,,,,,,,,,,
54:01.2,,,,,6146.540039,,,,,
54:01.2,,,,,,17.48632813,,,,
54:01.9,,,,,,,,,,
54:02.8,,,1.049859048,-1.161678555,,,,,,
54:02.9,,,1.04985908,-1.161678542,,,,,,
54:02.9,,,1.049859093,-1.161678536,,,,,,
54:02.9,,,,,,,,,,
54:03.0,,,1.049859122,-1.161678524,,,,,,
54:03.0,,,,,4956.618164,,,,,
54:03.0,,,,,,16.35058594,,,,
54:03.0,,,1.049859148,-1.161678513,,,,,,
54:03.0,,,1.049859173,-1.161678503,,,,,,
54:03.0,,,1.0498592,-1.161678492,,,,,,
54:03.2,,,,,4846.178711,,,,,
54:03.2,,,,,,16.92480469,,,,
54:03.8,,,1.049859223,-1.161678482,,,,,,
54:03.8,,,1.049859248,-1.161678471,,,,,,
54:03.9,,,,,,,,,,
54:04.0,,,1.049859269,-1.161678463,,,,,,
54:04.9,,,1.039973486,-1.163609795,,,,,,
54:05.0,,,1.039973479,-1.163609795,,,,,,
54:05.0,,,,,,,,,,
54:05.1,,,1.03997344,-1.163609794,,,,,,
54:05.2,,,,,8226.433594,,,,,
54:05.2,,,,,,29.91210938,,,,
54:05.6,,,1.039973477,-1.163609795,,,,,,
54:05.6,,,,,7044.977539,,,,,
54:05.6,,,,,,18.52539063,,,,
54:05.7,,,1.039973464,-1.163609795,,,,,,
54:05.7,,,1.039973458,-1.163609795,,,,,,
54:05.8,82.7273,56.2,,,,,97.1,8.18737152,,
54:05.8,,,1.039973452,-1.163609795,,,,,,
54:05.9,82.7273,56.2,,,,,100,8.18737152,,
54:05.9,,,1.039973446,-1.163609794,,,,,,
54:05.9,,,1.039973441,-1.163609794,,,,,,
54:05.9,,,,,,,,,,
54:05.9,,,1.03997344,-1.163609794,,,,,,
54:06.9,,,,,,,,,/IP_10_3_0_8/release_trolley,12716
54:06.9,,,,,,,,,,
54:07.3,,,1.040609551,-1.161640252,,,,,,
54:07.3,,,1.040609551,-1.161640253,,,,,,
54:07.4,,,1.040609549,-1.161640254,,,,,,
54:07.4,,,,,,34.32714844,,,,
54:07.4,,,,,7220.317383,,,,,
54:07.4,,,1.040609547,-1.161640255,,,,,,
54:07.4,,,1.045568858,-1.156273243,,,,,,
54:07.4,,,1.045568862,-1.156273238,,,,,,
54:07.4,,,1.045568866,-1.156273233,,,,,,
54:07.5,,,1.045568874,-1.156273223,,,,,,
54:07.5,,,1.045568882,-1.156273213,,,,,,
54:07.5,,,1.045568898,-1.156273193,,,,,,
54:07.6,,,,,7245.447266,,,,,
54:07.6,,,,,,42.80371094,,,,
54:07.7,,,,,8236.301758,,,,,
54:07.7,,,,,,32.95605469,,,,
54:07.9,,,,,,,,,/IP_10_3_0_8/rosping_service,10310
54:08.0,,,,,,,,,,
54:08.9,,,,,,,,,,
54:09.9,,,,,,,,,,
54:10.2,,,1.058711231,-0.826138325,,,,,,
54:10.2,,,1.059253903,-0.815920541,,,,,,
54:10.3,,,1.059822093,-0.805317639,,,,,,
54:10.3,,,1.060622738,-0.79043117,,,,,,
54:10.4,,,1.061462084,-0.775173396,,,,,,
54:10.4,,,1.061739861,-0.770165432,,,,,,
54:10.4,,,1.062297019,-0.760124739,,,,,,
54:10.4,,,1.062883145,-0.749627963,,,,,,
54:10.4,,,1.063448022,-0.739588838,,,,,,
54:10.4,,,1.064031799,-0.729210887,,,,,,
54:10.5,,,,,7825.203125,,,,,
54:10.5,,,,,,23.79199219,,,,
54:10.5,,,,,6467.69043,,,,,
54:10.5,82.7273,57.36,,,,,96.2,8.18737152,,
54:10.5,,,,,,28.87402344,,,,
54:10.6,,,,,7388.161133,,,,,
54:10.6,,,,,,17.0546875,,,,
54:10.7,,,,,,,,,/IP_10_3_0_8/reverse_robot,3267
54:10.9,,,,,,,,,,
54:12.3,,,,,,,,,,
54:13.0,,,,,,,,,,
54:13.8,,,1.260025124,-0.130019692,,,,,,
54:13.8,,,1.26068638,-0.129943722,,,,,,
54:13.9,,,1.26035672,-0.129984989,,,,,,
54:13.9,,,1.261211909,-0.129875857,,,,,,
54:13.9,,,1.261176958,-0.129872396,,,,,,
54:13.9,,,1.261660878,-0.129818627,,,,,,
54:13.9,,,1.261905935,-0.129790082,,,,,,
54:13.9,,,1.262066741,-0.129774185,,,,,,
54:13.9,,,1.262336886,-0.129750261,,,,,,
54:13.9,,,1.262341915,-0.129750217,,,,,,
54:13.9,,,,,,,,,,
54:14.2,85.6061,56.95,,,,,96.5,8.18737152,,
54:14.2,,,,,6365.966797,,,,,
54:14.2,,,,,,19.95507813,,,,
54:14.2,85.6061,56.95,,,,,100,8.18737152,,
54:14.2,,,,,7417.77832,,,,,
54:14.2,,,,,,54.16308594,,,,
54:14.9,,,,,9091.498047,,,,,
54:14.9,,,,,,37.85058594,,,,
54:15.0,,,,,,,,,,
54:15.9,,,,,,,,,,
54:16.1,,,1.334793962,-0.105007944,,,,,,
54:16.2,,,1.334250675,-0.104799787,,,,,,
54:16.2,,,1.331872788,-0.103718886,,,,,,
54:16.2,,,,,8267.021484,,,,,
54:16.2,,,,,,47.67285156,,,,
54:16.2,,,1.328306239,-0.101800083,,,,,,
54:16.2,,,1.326855756,-0.100926009,,,,,,
54:16.3,,,1.324016435,-0.099169071,,,,,,
54:16.3,,,1.320267812,-0.096634417,,,,,,
54:16.3,,,1.316112086,-0.093506283,,,,,,
54:16.4,,,,,5900.738281,,,,,
54:16.4,,,,,,38.44335938,,,,
54:16.4,,,,,7251.880859,,,,,
54:16.4,,,,,,22.09277344,,,,
54:16.7,,,1.33435582,-0.104851761,,,,,,
54:16.9,,,,,,,,,,
54:16.9,,,1.334924641,-0.105054001,,,,,,
54:17.9,,,,,,,,,,
54:18.2,,,0.904734697,0.480734952,,,,,,
54:18.2,,,0.889181568,0.502434208,,,,,,
54:18.2,,,0.873425821,0.524360243,,,,,,
54:18.3,,,0.85776887,0.546089217,,,,,,
54:18.3,,,0.842535358,0.567233895,,,,,,
54:18.3,,,1.217719426,0.342245979,,,,,,
54:18.3,,,1.212844341,0.379144592,,,,,,
54:18.3,,,1.209752652,0.402856172,,,,,,
54:18.3,,,1.206818459,0.425292578,,,,,,
54:18.3,,,1.203830651,0.448078701,,,,,,
54:18.5,,,,,9498.962891,,,,,
54:18.5,,,,,,21.80761719,,,,
54:18.5,,,,,7514.844727,,,,,
54:18.5,,,,,,20.89648438,,,,
54:18.9,,,,,,,,,,
54:19.9,,,,,,,,,,
54:20.0,,,1.054940005,1.171956227,,,,,,
54:20.1,,,1.056873454,1.160051574,,,,,,
54:20.2,85.6061,56.73,,,,,96.5,8.18737152,,
54:20.2,,,,,10148.93164,,,,,
54:20.2,,,,,,30.28808594,,,,
54:20.4,,,1.057891987,1.153758998,,,,,,
54:20.5,,,1.056064145,1.165029799,,,,,,
54:20.5,,,1.059019037,1.146859418,,,,,,
54:20.5,,,1.060186366,1.139813111,,,,,,
54:20.6,,,1.061579497,1.13150987,,,,,,
54:20.6,,,1.063090081,1.122498437,,,,,,
54:20.6,,,1.064815107,1.11222635,,,,,,
54:20.6,,,1.067655555,1.095401072,,,,,,
54:20.9,,,,,,,,,,
54:21.9,,,,,,,,,,
54:22.1,,,1.066554151,1.117807649,,,,,,
54:22.1,,,1.067120869,1.116994546,,,,,,
54:22.1,,,1.06795114,1.115873384,,,,,,
54:22.1,,,1.069359073,1.114131935,,,,,,
54:22.1,,,1.071361333,1.111808568,,,,,,
54:22.1,,,1.072498988,1.110602534,,,,,,
54:22.1,,,1.075331098,1.107790614,,,,,,
54:22.2,,,1.080491506,1.103227489,,,,,,
54:22.2,,,1.083780126,1.100571512,,,,,,
54:22.4,,,,,10509.6543,,,,,
54:22.4,,,,,,36.28808594,,,,
54:22.4,,,,,7329.444336,,,,,
54:22.4,,,,,,44.06835938,,,,
54:22.9,,,1.066440242,1.117999197,,,,,,
54:22.9,,,,,10598.06445,,,,,
54:22.9,,,,,,21.25488281,,,,
54:23.0,,,,,,,,,,
54:23.9,,,,,,,,,,
54:24.1,,,,,,,,,/IP_10_3_0_8/move_robot,13424
54:24.7,,,1.158481567,1.098540584,,,,,,
54:24.7,,,1.158480698,1.098540531,,,,,,
54:24.8,,,1.158479795,1.098540479,,,,,,
54:24.8,,,1.158478705,1.09854041,,,,,,
54:24.8,,,1.158477988,1.098540366,,,,,,
54:24.8,,,1.158477296,1.098540324,,,,,,
54:24.8,,,1.158474025,1.098540241,,,,,,
54:24.8,,,1.158471111,1.098540166,,,,,,
54:24.8,,,1.158468321,1.098540095,,,,,,
54:24.8,,,1.158465823,1.09854003,,,,,,
54:25.0,,,,,,,,,,
54:25.9,,,,,,,,,,
54:26.0,85.6061,56.78,,,,,96.3,8.18737152,,
54:26.0,,,,,6782.635742,,,,,
54:26.0,,,,,,28.25292969,,,,
54:26.0,85.6061,56.78,,,,,100,8.18737152,,
54:26.0,,,,,5755.649414,,,,,
54:26.0,,,,,,25.50390625,,,,
54:27.0,,,,,,,,,,
54:27.1,,,1.162037798,1.107225414,,,,,,
54:27.1,,,1.162037039,1.107225419,,,,,,
54:27.1,,,1.162036419,1.107225423,,,,,,
54:27.2,,,1.162035781,1.107225427,,,,,,
54:27.2,,,1.162035162,1.107225431,,,,,,
54:27.2,,,1.162033435,1.107225443,,,,,,
54:27.2,,,1.162033456,1.107225442,,,,,,
54:27.2,,,,,6200.818359,,,,,
54:27.2,,,,,,22.59960938,,,,
54:27.2,,,1.162033477,1.107225441,,,,,,
54:27.2,,,1.161450889,1.103107286,,,,,,
54:27.2,,,1.161449945,1.103107276,,,,,,
54:27.4,,,,,5467.636719,,,,,
54:27.4,,,,,,18.06933594,,,,
54:27.4,,,,,6758.62793,,,,,
54:27.4,,,,,,30.16992188,,,,
54:27.9,,,,,,,,,,
54:29.5,,,,,,,,,,
54:30.0,,,,,,,,,,
54:30.2,,,1.157177099,1.103267665,,,,,,
54:30.4,,,,,5484.603516,,,,,
54:30.4,,,,,,17.40625,,,,
54:30.4,85.6061,56.71,,,,,95.6,8.18737152,,
54:30.4,,,,,4941.661133,,,,,
54:30.4,,,,,,34.69921875,,,,
54:30.4,,,,,4736.374023,,,,,
54:30.4,,,,,,49.50878906,,,,
54:30.4,,,1.157176623,1.103267656,,,,,,
54:30.4,,,1.157176584,1.103267654,,,,,,
54:30.4,,,1.157176534,1.103267653,,,,,,
54:30.4,,,1.157176486,1.103267652,,,,,,
54:30.4,,,1.157176212,1.103267646,,,,,,
54:30.5,,,1.157176252,1.103267647,,,,,,
54:30.5,,,1.157176133,1.103267644,,,,,,
54:30.5,,,1.157176083,1.103267643,,,,,,
54:30.5,,,1.157175962,1.10326764,,,,,,
54:31.0,,,,,,,,,,
54:31.9,,,,,,,,,,
54:32.5,,,1.156803952,1.10491102,,,,,,
54:32.5,,,1.156803911,1.104911009,,,,,,
54:32.5,,,1.156803872,1.104910998,,,,,,
54:32.5,,,1.156803834,1.104910988,,,,,,
54:32.5,,,1.156803799,1.104910978,,,,,,
54:32.5,,,1.156803765,1.104910969,,,,,,
54:32.5,,,1.156803687,1.104910948,,,,,,
54:32.5,,,1.156803653,1.104910939,,,,,,
54:32.5,,,1.156803648,1.104910938,,,,,,
54:32.5,,,1.156803623,1.104910931,,,,,,
54:32.7,,,,,4060.009766,,,,,
54:32.7,,,,,,33.95214844,,,,
54:32.7,,,,,5651.637695,,,,,
54:32.7,,,,,,48.33886719,,,,
54:33.0,,,,,,,,,,
54:34.0,,,,,,,,,,
54:34.9,,,1.159533836,1.100327404,,,,,,
54:34.9,,,1.159533833,1.100327381,,,,,,
54:34.9,,,1.15953383,1.10032736,,,,,,
54:34.9,,,1.159533824,1.10032731,,,,,,
54:34.9,,,1.159533822,1.100327291,,,,,,
54:34.9,,,1.159533821,1.100327285,,,,,,
54:34.9,,,,,,,,,,
54:35.2,,,,,5535.114258,,,,,
54:35.2,,,,,,16.91796875,,,,
54:35.6,85.6061,56.8,,,,,95.8,8.18737152,,
54:35.6,,,1.159533819,1.100327268,,,,,,
54:35.6,,,,,5120.732422,,,,,
54:35.6,,,,,,31.22949219,,,,
54:35.7,85.6061,56.8,,,,,100,8.18737152,,
54:35.7,,,1.159533817,1.100327251,,,,,,
54:35.7,,,1.159533815,1.100327236,,,,,,
54:35.7,,,1.15953381,1.100327199,,,,,,
54:36.0,,,,,,,,,,
54:36.4,,,,,,,,,/IP_10_3_0_8/move_camera,2313
54:37.0,,,1.15947711,1.102265006,,,,,,
54:37.0,,,1.159477109,1.102265004,,,,,,
54:37.0,,,,,,,,,,
54:37.1,,,1.159477109,1.102265002,,,,,,
54:37.1,,,,,5721.679688,,,,,
54:37.1,,,,,,35.52832031,,,,
54:37.1,,,1.159477108,1.102265,,,,,,
54:37.1,,,1.159477108,1.102264999,,,,,,
54:37.1,,,1.159477107,1.102264997,,,,,,
54:37.1,,,1.159477106,1.102264993,,,,,,
54:37.1,,,1.159477106,1.102264992,,,,,,
54:37.1,,,1.159477106,1.102264992,,,,,,
54:37.1,,,1.159477106,1.102264991,,,,,,
54:37.2,,,,,5669.146484,,,,,
54:37.2,,,,,,16.70117188,,,,
54:37.9,,,,,,,,,,
54:38.3,,,1.027159036,1.043609481,,,,,,
54:38.3,,,1.016189109,1.035079102,,,,,,
54:38.3,,,0.998897356,1.020407127,,,,,,
54:38.3,,,0.981344104,1.004110188,,,,,,
54:38.4,,,0.975287428,0.998166458,,,,,,
54:38.4,,,0.962846101,0.985575256,,,,,,
54:38.4,,,,,5500.411133,,,,,
54:38.4,,,,,,45.12011719,,,,
54:38.4,,,0.95051353,0.972507978,,,,,,
54:38.4,,,1.091919424,1.072851963,,,,,,
54:38.4,,,1.074394104,1.063332358,,,,,,
54:38.4,,,1.056972425,1.053593304,,,,,,
54:38.7,,,,,3406.666016,,,,,
54:38.7,,,,,,52.828125,,,,
54:38.9,,,,,,,,,,
54:39.8,,,0.439316508,0.669730327,,,,,,
54:39.8,,,0.404861431,0.647055611,,,,,,
54:39.9,,,0.37082953,0.62452965,,,,,,
54:39.9,,,,,,,,,,
54:39.9,,,0.359640828,0.617102082,,,,,,
54:39.9,,,0.348112406,0.609432305,,,,,,
54:39.9,,,0.313870321,0.586597989,,,,,,
54:39.9,,,0.279904001,0.563873651,,,,,,
54:39.9,,,0.269310154,0.556754652,,,,,,
54:39.9,,,0.247193983,0.541894403,,,,,,
54:39.9,,,0.224830177,0.526901497,,,,,,
54:39.9,,,,,5300.307617,,,,,
54:39.9,85.6061,56.82,,,,,96.1,8.18737152,,
54:39.9,,,,,,35.77441406,,,,
54:40.8,,,,,,,,,,
54:41.1,,,0.229491989,-0.029463506,,,,,,
54:41.1,,,0.215542398,-0.043880297,,,,,,
54:41.1,,,0.206556265,-0.053223743,,,,,,
54:41.1,,,,,4835.708984,,,,,
54:41.1,,,,,,24.5390625,,,,
54:41.1,,,0.191517667,-0.069079048,,,,,,
54:41.1,,,0.18474587,-0.076367852,,,,,,
54:41.2,,,0.177787308,-0.084060179,,,,,,
54:41.2,,,0.173398632,-0.089173718,,,,,,
54:41.3,,,,,5985.97168,,,,,
54:41.3,,,,,,28.32617188,,,,
54:41.8,,,0.261272561,0.003270354,,,,,,
54:41.8,,,0.249788577,-0.008568167,,,,,,
54:41.9,,,,,,,,,,
54:41.9,,,0.239228338,-0.019436768,,,,,,
54:42.4,,,0.176778835,-0.039251686,,,,,,
54:42.4,,,0.178279683,-0.033518075,,,,,,
54:42.4,,,0.179604388,-0.028239358,,,,,,
54:42.5,,,0.180706343,-0.024094743,,,,,,
54:42.5,,,0.181658931,-0.020102925,,,,,,
54:42.5,,,0.014907013,-0.363801154,,,,,,
54:42.5,,,0.015547586,-0.361236434,,,,,,
54:42.5,,,0.016000975,-0.359232871,,,,,,
54:42.5,,,0.016381449,-0.357404858,,,,,,
54:42.5,,,0.016687464,-0.355763336,,,,,,
54:42.6,,,,,5937.862305,,,,,
54:42.6,,,,,,21.27832031,,,,
54:42.9,,,,,,,,,,
54:43.7,,,0.022757739,-0.273548195,,,,,,
54:43.8,,,0.022761228,-0.273510207,,,,,,
54:43.8,,,0.022764344,-0.273476235,,,,,,
54:43.8,,,0.022767324,-0.273443749,,,,,,
54:43.8,,,0.022770174,-0.27341268,,,,,,
54:43.8,,,0.022776858,-0.273340876,,,,,,
54:43.9,,,0.022777861,-0.273328881,,,,,,
54:43.9,,,0.022778196,-0.273324902,,,,,,
54:43.9,,,,,,,,,,
54:43.9,,,0.022780456,-0.273300264,,,,,,
54:43.9,,,0.022782618,-0.273276705,,,,,,
54:43.9,,,,,5288.180664,,,,,
54:43.9,,,,,,32.79980469,,,,
54:44.0,85.6061,56.54,,,,,98.2,8.18737152,,
54:44.3,85.6061,56.54,,,,,100,8.18737152,,
54:44.9,,,,,,,,,,
54:45.3,,,0.022815023,-0.272923781,,,,,,
54:45.3,,,0.025446925,-0.274540879,,,,,,
54:45.3,,,,,,,,,/IP_10_3_0_8/move_robot,8893
54:45.4,,,0.025448249,-0.274526701,,,,,,
54:45.4,,,0.025449583,-0.274512407,,,,,,
54:45.4,,,0.025453112,-0.274474643,,,,,,
54:45.4,,,0.025453671,-0.274468622,,,,,,
54:45.4,,,0.025455448,-0.274449612,,,,,,
54:45.4,,,0.025455805,-0.274445773,,,,,,
54:45.4,,,,,5552.861328,,,,,
54:45.4,,,,,,20.85253906,,,,
54:45.4,,,0.025456824,-0.274434859,,,,,,
54:45.4,,,0.025457839,-0.274423982,,,,,,
54:45.4,,,,,,,,,/IP_10_3_0_8/rosping_service,4826
54:45.6,,,,,5077.915039,,,,,
54:45.6,,,,,,36.46777344,,,,
54:45.9,,,,,,,,,,
54:46.9,,,,,,,,,,
54:47.1,,,0.029638214,-0.278688927,,,,,,
54:47.1,,,0.02963904,-0.278680637,,,,,,
54:47.1,,,0.029639378,-0.278677239,,,,,,
54:47.1,,,0.029639409,-0.278676931,,,,,,
54:47.1,,,0.029639679,-0.278674215,,,,,,
54:47.1,,,0.029639937,-0.278671631,,,,,,
54:47.2,,,,,5821.047852,,,,,
54:47.2,,,,,,52.95117188,,,,
54:47.3,,,,,4618.69043,,,,,
54:47.3,,,,,,30.96972656,,,,
54:47.4,,,0.029636649,-0.278704632,,,,,,
54:47.4,,,,,,,,,/IP_10_3_0_8/move_camera,2112
54:47.8,,,0.029637051,-0.278700596,,,,,,
54:47.9,,,0.029637847,-0.278692618,,,,,,
54:47.9,,,,,,,,,,
54:47.9,,,0.029637871,-0.278692369,,,,,,
54:48.3,,,,,,,,,/IP_10_3_0_8/object_detection,855
54:48.5,,,0.033810319,-0.271878908,,,,,,
54:48.5,,,0.033810467,-0.271877413,,,,,,
54:48.5,,,0.03381061,-0.27187597,,,,,,
54:48.5,,,0.033810949,-0.271872548,,,,,,
54:48.6,,,0.033811059,-0.27187144,,,,,,
54:48.6,,,0.033811078,-0.271871237,,,,,,
54:48.6,,,0.033811187,-0.271870136,,,,,,
54:48.6,,,0.033811297,-0.271869025,,,,,,
54:48.6,,,0.033811395,-0.271868034,,,,,,
54:48.6,,,0.033811489,-0.271867091,,,,,,
54:48.7,,,,,6523.961914,,,,,
54:48.7,,,,,,25.88867188,,,,
54:48.9,,,,,,,,,,
54:49.9,,,,,,,,,,
54:50.5,,,0.02946792,-0.269901629,,,,,,
54:50.5,,,,,,,,,/IP_10_3_0_8/move_camera,2212
54:50.5,,,0.029467954,-0.269901322,,,,,,
54:50.6,,,0.029468077,-0.269900185,,,,,,
54:50.6,,,0.029468134,-0.26989966,,,,,,
54:50.6,,,0.029468189,-0.269899158,,,,,,
54:50.6,,,0.02946824,-0.269898683,,,,,,
54:50.6,,,0.029468357,-0.269897617,,,,,,
54:50.6,,,0.029468373,-0.269897465,,,,,,
54:50.7,,,0.029468388,-0.269897321,,,,,,
54:50.7,,,0.02946843,-0.269896938,,,,,,
54:50.8,,,,,6416.576172,,,,,
54:50.8,,,,,,25.48730469,,,,
54:50.8,85.6061,56.63,,,,,97.6,8.18737152,,
54:50.8,,,,,5315.766602,,,,,
54:50.8,,,,,,17.21386719,,,,
54:50.9,,,,,,,,,,
54:51.7,,,,,,,,,/IP_10_3_0_8/reverse_robot,1156
54:51.9,,,,,,,,,,
54:52.9,,,0.038906566,-0.157358986,,,,,,
54:52.9,,,0.039201531,-0.152327315,,,,,,
54:52.9,,,0.039407653,-0.14709268,,,,,,
54:52.9,,,0.039484804,-0.14053661,,,,,,
54:53.0,,,0.039290985,-0.130416334,,,,,,
54:53.0,,,,,,,,,,
54:53.1,,,0.038992741,-0.126148944,,,,,,
54:53.1,,,,,5393.84375,,,,,
54:53.1,,,,,,42.47460938,,,,
54:53.1,,,0.037866319,-0.115222922,,,,,,
54:53.1,,,0.035751767,-0.102017696,,,,,,
54:53.1,,,0.034317446,-0.094817491,,,,,,
54:53.1,,,0.033055756,-0.089982739,,,,,,
54:53.3,,,,,5715.604492,,,,,
54:53.3,,,,,,24.5078125,,,,
54:54.1,,,,,,,,,,
54:54.9,,,,,,,,,,
54:55.5,,,0.500744361,-0.19442964,,,,,,
54:55.5,,,0.53367549,-0.204793635,,,,,,
54:55.5,,,0.563988307,-0.214775012,,,,,,
54:55.6,,,0.573500251,-0.218046702,,,,,,
54:55.6,,,0.592754656,-0.224834866,,,,,,
54:55.6,,,0.610269476,-0.231400149,,,,,,
54:55.6,,,,,8419.274414,,,,,
54:55.6,,,,,,40.51660156,,,,
54:55.6,,,0.627731892,-0.238449303,,,,,,
54:55.6,,,0.651434079,-0.248970592,,,,,,
54:55.6,,,0.666263222,-0.256477613,,,,,,
54:55.6,85.6061,56.43,,,,,97.4,8.18737152,,
54:55.6,85.6061,56.43,,,,,100,8.18737152,,
54:55.6,,,0.774638422,-0.199258714,,,,,,
54:55.8,,,,,6971.325195,,,,,
54:55.8,,,,,,45.12402344,,,,
54:55.8,,,,,5141.537109,,,,,
54:55.8,,,,,,44.75097656,,,,
54:55.9,,,,,,,,,,
54:56.9,,,,,,,,,,
54:57.4,,,1.009617414,-0.295791153,,,,,,
54:57.5,,,1.007735709,-0.292148304,,,,,,
54:57.5,,,1.006194197,-0.289051086,,,,,,
54:57.5,,,1.004438306,-0.285365107,,,,,,
54:57.6,,,1.003353484,-0.282917548,,,,,,
54:57.6,,,1.002792876,-0.28157357,,,,,,
54:57.6,,,1.002310884,-0.280369198,,,,,,
54:57.6,,,1.002005703,-0.279504126,,,,,,
54:57.6,,,1.002058967,-0.279655551,,,,,,
54:57.7,,,1.002295606,-0.280331117,,,,,,
54:57.7,,,,,7054.866211,,,,,
54:57.7,,,,,,21.15722656,,,,
54:57.8,,,,,8755.274414,,,,,
54:57.8,,,,,,19.58886719,,,,
54:57.9,,,,,,,,,,
54:58.9,,,,,,,,,,
54:59.5,,,0.998556919,-0.281128564,,,,,,
54:59.6,,,0.998555334,-0.281111214,,,,,,
54:59.6,,,0.998553812,-0.281094552,,,,,,
54:59.6,,,0.998553277,-0.281088687,,,,,,
54:59.6,,,0.998549808,-0.281050743,,,,,,
54:59.6,,,0.998548447,-0.281035834,,,,,,
54:59.6,,,0.998548275,-0.281033947,,,,,,
54:59.6,,,0.998547105,-0.281021137,,,,,,
54:59.6,,,0.998545995,-0.281008995,,,,,,
54:59.6,,,0.998544952,-0.280997572,,,,,,
54:59.7,,,,,8073.711914,,,,,
54:59.7,,,,,,18.24414063,,,,
54:59.8,,,,,,31.09375,,,,
54:59.8,85.6061,56.11,,,,,94.4,8.18737152,,
54:59.8,,,,,9041.37793,,,,,
54:59.9,,,,,,,,,,
55:00.8,,,,,,,,,/IP_10_3_0_8/move_robot,8398
55:00.9,,,,,,,,,,
55:01.8,,,0.994326065,-0.293081256,,,,,,
55:01.9,,,0.994325727,-0.293077295,,,,,,
55:01.9,,,0.994324951,-0.293068239,,,,,,
55:01.9,,,0.994324662,-0.293064828,,,,,,
55:01.9,,,,,,,,,,
55:02.3,,,,,6899.411133,,,,,
55:02.3,,,,,,41.65625,,,,
55:02.4,,,,,,,,,/IP_10_3_0_8/move_camera,2309
55:02.4,,,0.994324569,-0.293063737,,,,,,
55:02.4,,,0.994324491,-0.293062813,,,,,,
55:02.5,,,0.994324234,-0.293059782,,,,,,
55:02.5,,,,,8509.166016,,,,,
55:02.5,,,,,,18.85644531,,,,
55:02.5,,,0.994323986,-0.293056856,,,,,,
55:02.5,,,0.994323926,-0.293056134,,,,,,
55:02.6,,,0.99432319,-0.293047403,,,,,,
55:02.6,,,,,,,,,/IP_10_3_0_8/rosping_service,654
55:02.9,,,,,,,,,,
55:03.7,,,,,,,,,/IP_10_3_0_8/object_detection,1309
55:03.9,,,,,,,,,,
55:04.2,,,0.984928112,-0.294354087,,,,,,
55:04.2,,,0.984928031,-0.294353274,,,,,,
55:04.2,,,0.984927955,-0.294352499,,,,,,
55:04.2,,,0.984927879,-0.294351744,,,,,,
55:04.2,,,,,,48.30175781,,,,
55:04.2,,,,,7286.189453,,,,,
55:04.2,,,0.984927812,-0.29435107,,,,,,
55:04.2,,,0.984927578,-0.294348626,,,,,,
55:04.2,,,0.98492757,-0.294348631,,,,,,
55:04.2,,,0.984927515,-0.294348079,,,,,,
55:04.2,,,0.984927464,-0.294347555,,,,,,
55:04.2,,,0.984927331,-0.294346164,,,,,,
55:04.3,,,,,7143.790039,,,,,
55:04.3,,,,,,40.17871094,,,,
55:04.4,85.6061,56.59,,,,,97.7,8.18737152,,
55:04.4,85.6061,56.59,,,,,100,8.18737152,,
55:04.4,,,,,7532.917969,,,,,
55:04.4,,,,,,24.85839844,,,,
55:04.9,,,,,,,,,,
55:05.8,,,,,,,,,/IP_10_3_0_8/move_camera,2111
55:05.9,,,,,,,,,,
55:06.5,,,0.992093498,-0.29935583,,,,,,
55:06.5,,,0.992093467,-0.299355167,,,,,,
55:06.5,,,0.992093467,-0.29935517,,,,,,
55:06.5,,,0.99209346,-0.299355026,,,,,,
55:06.6,,,0.992093453,-0.29935488,,,,,,
55:06.6,,,0.992093435,-0.299354508,,,,,,
55:06.6,,,0.992093441,-0.299354644,,,,,,
55:06.6,,,0.992093425,-0.29935431,,,,,,
55:06.6,,,0.98625336,-0.293628342,,,,,,
55:06.6,,,0.986253353,-0.293628298,,,,,,
55:06.8,,,,,7242.96582,,,,,
55:06.8,,,,,,17.57617188,,,,
55:06.9,,,,,6809.060547,,,,,
55:06.9,,,,,,19.88574219,,,,
55:06.9,,,,,,,,,,
55:07.9,,,,,,,,,,
55:09.0,,,,,,,,,,
55:09.2,,,0.984925583,-0.2942776,,,,,,
55:09.2,,,0.984925577,-0.29427757,,,,,,
55:09.2,,,0.984925572,-0.294277542,,,,,,
55:09.3,,,0.984925556,-0.294277459,,,,,,
55:09.3,,,0.984925561,-0.294277483,,,,,,
55:09.3,,,0.984925547,-0.294277413,,,,,,
55:09.3,,,0.984925544,-0.294277395,,,,,,
55:09.3,,,0.984925544,-0.294277395,,,,,,
55:09.3,,,0.98492554,-0.294277376,,,,,,
55:09.4,,,0.995291857,-0.298179107,,,,,,
55:09.5,,,,,7533.228516,,,,,
55:09.5,,,,,,33.75976563,,,,
55:09.6,,,,,7314.391602,,,,,
55:09.6,,,,,,24.54492188,,,,
55:09.6,,,,,7459.241211,,,,,
55:09.6,,,,,,35.72558594,,,,
55:10.0,,,,,,,,,,
55:10.9,,,,,,,,,,
55:11.8,,,0.997245331,-0.396612962,,,,,,
55:11.8,,,0.997761093,-0.400474733,,,,,,
55:11.8,,,0.998137639,-0.403336476,,,,,,
55:11.9,,,1.006502184,-0.478142123,,,,,,
55:11.9,,,1.006878022,-0.482551603,,,,,,
55:11.9,,,1.007004214,-0.484114579,,,,,,
55:11.9,,,1.007359188,-0.488550324,,,,,,
55:11.9,,,1.007572268,-0.491313575,,,,,,
55:11.9,,,1.0078072,-0.494508718,,,,,,
55:11.9,,,1.007951816,-0.496542803,,,,,,
55:12.2,85.6061,56.09,,,,,97,8.18737152,,
55:12.2,,,,,8129.337891,,,,,
55:12.2,,,,,,41.984375,,,,
55:12.2,,,,,9118.862305,,,,,
55:12.2,,,,,,29.74902344,,,,
55:12.4,,,,,,,,,,
55:12.9,,,,,,,,,,
55:14.0,,,,,,,,,,
55:14.5,,,1.020787667,-0.611028783,,,,,,
55:14.5,,,1.020869551,-0.612115737,,,,,,
55:14.5,,,1.020943302,-0.613121133,,,,,,
55:14.5,,,1.021049605,-0.61454055,,,,,,
55:14.5,,,1.02117867,-0.616262141,,,,,,
55:14.5,,,1.021254342,-0.617223708,,,,,,
55:14.5,,,1.021328352,-0.618145502,,,,,,
55:14.6,,,1.021386384,-0.618802687,,,,,,
55:14.6,,,1.021428893,-0.619250084,,,,,,
55:14.6,,,,,7553.550781,,,,,
55:14.6,,,,,,17.04882813,,,,
55:14.6,,,1.021517887,-0.62017124,,,,,,
55:14.8,85.6061,56.69,,,,,97.7,8.18737152,,
55:14.8,,,,,6900.751953,,,,,
55:14.8,,,,,,27.88085938,,,,
55:14.8,85.6061,56.69,,,,,90,8.18737152,,
55:14.8,,,,,8670.854492,,,,,
55:14.8,,,,,,16.93359375,,,,
55:15.0,,,,,,,,,,
55:15.9,,,,,,,,,,
55:17.0,,,,,,,,,,
55:17.2,,,1.031609783,-0.662342943,,,,,,
55:17.2,,,1.031623863,-0.663086661,,,,,,
55:17.2,,,1.031633584,-0.663807692,,,,,,
55:17.2,,,1.031637381,-0.664071929,,,,,,
55:17.3,,,1.031641565,-0.664648843,,,,,,
55:17.3,,,1.016696629,-0.661465799,,,,,,
55:17.3,,,1.016669682,-0.662149568,,,,,,
55:17.3,,,1.016647517,-0.66264812,,,,,,
55:17.3,,,1.016628697,-0.663071317,,,,,,
55:17.3,,,1.0166012,-0.663705507,,,,,,
55:17.3,,,,,,30.89550781,,,,
55:17.3,,,,,7125.617188,,,,,
55:17.5,,,,,10025.92285,,,,,
55:17.5,,,,,,17.859375,,,,
55:17.5,,,,,8952.641602,,,,,
55:17.5,,,,,,34.83007813,,,,
55:17.9,,,,,,,,,,
55:19.0,,,,,,,,,,
55:20.0,,,,,,,,,,
55:20.2,,,1.032142151,-0.668500776,,,,,,
55:20.2,,,1.032142131,-0.66850049,,,,,,
55:20.2,,,1.032141892,-0.668496871,,,,,,
55:20.2,,,1.032141879,-0.668496689,,,,,,
55:20.3,,,1.032141661,-0.668493386,,,,,,
55:20.3,,,1.032141636,-0.668493044,,,,,,
55:20.3,,,1.032141441,-0.668490082,,,,,,
55:20.3,,,1.032141434,-0.668489989,,,,,,
55:20.3,,,1.032141411,-0.668489676,,,,,,
55:20.3,,,1.032141399,-0.668489523,,,,,,
55:20.4,,,,,9583.364258,,,,,
55:20.4,,,,,,42.57324219,,,,
55:20.5,85.6061,56.26,,,,,97.4,8.18737152,,
55:20.5,,,,,8387.826172,,,,,
55:20.5,,,,,,34.25390625,,,,
55:21.2,,,,,,,,,,
55:22.0,,,,,,,,,,
55:23.2,,,,,,,,,,
55:23.4,,,,,8351.62793,,,,,
55:23.4,,,,,,16.59472656,,,,
55:23.5,,,1.02785169,-0.927819187,,,,,,
55:23.5,,,1.027913737,-0.931980935,,,,,,
55:23.5,,,1.02798286,-0.935622927,,,,,,
55:23.5,,,1.028059636,-0.939024639,,,,,,
55:23.5,,,1.028147882,-0.942627351,,,,,,
55:23.5,,,1.028219073,-0.945068004,,,,,,
55:23.6,,,1.028290349,-0.947505353,,,,,,
55:23.6,,,1.028400323,-0.951470287,,,,,,
55:23.6,,,1.028498533,-0.955286579,,,,,,
55:23.6,,,1.028531879,-0.956636013,,,,,,
55:23.8,,,,,,17.96289063,,,,
55:23.8,,,,,8419.844727,,,,,
55:23.8,,,,,6640.573242,,,,,
55:23.8,,,,,,19.3515625,,,,
55:23.8,85.6061,55.9,,,,,98,8.18737152,,
55:23.8,,,,,5187.576172,,,,,
55:23.8,,,,,,42.96289063,,,,
55:23.8,85.6061,55.9,,,,,100,8.18737152,,
55:24.0,,,,,,,,,,
55:24.9,,,,,,,,,,
55:25.9,,,1.037935552,-1.099704295,,,,,,
55:25.9,,,1.037895501,-1.101328512,,,,,,
55:25.9,,,1.037865149,-1.102796812,,,,,,
55:25.9,,,1.037853941,-1.103803005,,,,,,
55:25.9,,,1.037852543,-1.103989747,,,,,,
55:25.9,,,1.037851076,-1.104589782,,,,,,
55:25.9,,,,,,,,,,
55:26.4,,,1.037852851,-1.105276494,,,,,,
55:26.4,,,,,3950.422852,,,,,
55:26.4,,,,,,20.84277344,,,,
55:26.4,,,1.037857284,-1.10588235,,,,,,
55:26.4,,,1.037859274,-1.106288832,,,,,,
55:26.5,,,1.037860121,-1.106629298,,,,,,
55:26.9,,,,,3951.966797,,,,,
55:26.9,,,,,,36.17578125,,,,
55:26.9,,,,,,,,,,
55:27.7,,,1.036487924,-1.132021202,,,,,,
55:27.8,,,1.036480285,-1.132441262,,,,,,
55:27.8,,,1.036470679,-1.132872929,,,,,,
55:27.8,,,1.036457482,-1.13336777,,,,,,
55:27.9,,,,,,,,,,
55:27.9,,,1.036434703,-1.134123915,,,,,,
55:27.9,,,,,3771.009766,,,,,
55:27.9,,,,,,42.45410156,,,,
55:27.9,,,1.036421971,-1.134559985,,,,,,
55:27.9,,,1.036415339,-1.134786429,,,,,,
55:27.9,,,1.036409995,-1.13497292,,,,,,
55:28.0,,,1.036398522,-1.135376351,,,,,,
55:28.0,,,1.036389225,-1.135731673,,,,,,
55:28.1,,,,,5447.470703,,,,,
55:28.1,,,,,,29.67382813,,,,
55:28.9,,,,,,,,,,
55:29.6,,,1.044907523,-1.149103705,,,,,,
55:29.7,,,1.044907585,-1.149166377,,,,,,
55:29.7,,,1.044907569,-1.149163621,,,,,,
55:29.7,,,1.044907547,-1.149159891,,,,,,
55:29.7,,,1.044907531,-1.149153363,,,,,,
55:29.7,,,1.044907525,-1.149152326,,,,,,
55:29.7,,,1.044907513,-1.14915013,,,,,,
55:29.7,,,1.044907503,-1.149148276,,,,,,
55:29.7,,,1.044907497,-1.149143679,,,,,,
55:29.7,,,,,7244.013672,,,,,
55:29.7,,,,,,19.69433594,,,,
55:29.8,,,1.044907492,-1.149139312,,,,,,
55:29.9,,,,,,,,,,
55:30.0,85.6061,55.99,,,,,98.3,8.18737152,,
55:30.0,,,,,7576.62207,,,,,
55:30.0,,,,,,17.79101563,,,,
55:30.5,,,,,,,,,/IP_10_3_0_8/trolley_docking_service,23723
55:30.6,,,,,,,,,/IP_10_3_0_8/rosping_service,11561
55:30.9,,,,,,,,,,
55:31.3,,,1.043556188,-1.158350734,,,,,,
55:31.3,,,1.043556226,-1.15835202,,,,,,
55:31.4,,,1.043556212,-1.158351742,,,,,,
55:31.4,,,1.043556199,-1.158351472,,,,,,
55:31.4,,,1.037300935,-1.157531332,,,,,,
55:31.4,,,1.037300888,-1.157530385,,,,,,
55:31.5,,,1.037300844,-1.157529476,,,,,,
55:31.5,,,1.037300779,-1.157528153,,,,,,
55:31.5,,,1.037300742,-1.157527409,,,,,,
55:31.5,,,1.037300705,-1.157526652,,,,,,
55:31.5,,,,,6272.859375,,,,,
55:31.5,,,,,,19.47070313,,,,
55:31.7,,,,,6760.951172,,,,,
55:31.7,,,,,,40.79101563,,,,
55:31.9,,,,,,,,,,
55:32.9,,,,,,,,,,
55:33.2,,,1.040089303,-1.156007474,,,,,,
55:33.2,,,1.040089282,-1.156006945,,,,,,
55:33.2,,,1.040089237,-1.156005713,,,,,,
55:33.2,,,1.04008923,-1.156005588,,,,,,
55:33.3,,,1.040089223,-1.156005445,,,,,,
55:33.3,,,1.040089207,-1.156005021,,,,,,
55:33.3,,,1.040089191,-1.156004618,,,,,,
55:33.4,,,1.040089176,-1.156004232,,,,,,
55:33.4,,,1.040089162,-1.156003868,,,,,,
55:33.4,,,1.040089148,-1.156003521,,,,,,
55:33.6,,,,,6146.890625,,,,,
55:33.6,,,,,,16.01464844,,,,
55:33.7,,,,,6070.623047,,,,,
55:33.7,,,,,,36.45507813,,,,
55:33.9,,,,,,,,,,
55:34.9,,,,,,,,,,
55:35.0,85.6061,56.18,,,,,96.7,8.18737152,,
55:35.0,,,1.040267976,-1.1558245,,,,,,
55:35.0,85.6061,56.18,,,,,100,8.18737152,,
55:35.1,,,1.040415763,-1.159180188,,,,,,
55:35.2,,,1.040267972,-1.155824391,,,,,,
55:35.3,,,,,8297.107422,,,,,
55:35.3,,,,,,41.85449219,,,,
55:35.5,,,1.040267971,-1.155824394,,,,,,
55:35.6,,,1.040267968,-1.155824296,,,,,,
55:35.7,,,1.040267966,-1.155824203,,,,,,
55:35.7,,,1.04041577,-1.159180421,,,,,,
55:35.8,,,1.040415768,-1.159180337,,,,,,
55:35.8,,,1.040415766,-1.159180264,,,,,,
55:35.9,,,,,,,,,,
55:36.0,,,1.040267975,-1.155824497,,,,,,
55:36.9,,,,,,,,,,
55:37.1,,,1.040929789,-1.156266007,,,,,,
55:37.1,,,1.040929788,-1.156265977,,,,,,
55:37.1,,,1.040929788,-1.156265947,,,,,,
55:37.2,,,1.040929787,-1.15626592,,,,,,
55:37.2,,,1.040929787,-1.156265893,,,,,,
55:37.3,,,,,7326.019531,,,,,
55:37.3,,,,,,23.03808594,,,,
55:37.5,,,1.040929792,-1.156266163,,,,,,
55:37.5,,,1.040929791,-1.156266123,,,,,,
55:37.6,,,1.04092979,-1.156266086,,,,,,
55:37.8,,,1.04092979,-1.156266048,,,,,,
55:37.8,,,,,8282.506836,,,,,
55:37.8,,,,,,31.95019531,,,,
55:37.9,,,,,,,,,,
55:38.0,,,1.040929789,-1.15626601,,,,,,
55:38.9,,,,,,,,,,
55:39.4,,,1.041788602,-1.155338498,,,,,,
55:39.4,,,1.041788604,-1.155338472,,,,,,
55:39.4,,,,,7482.365234,,,,,
55:39.4,,,,,,19.17382813,,,,
55:39.5,,,1.033719757,-1.160546191,,,,,,
55:39.5,,,1.033719724,-1.160546195,,,,,,
55:39.5,,,1.033719707,-1.160546197,,,,,,
55:39.5,,,1.033719702,-1.160546198,,,,,,
55:39.5,,,1.033719679,-1.160546201,,,,,,
55:39.5,,,1.033719658,-1.160546203,,,,,,
55:39.5,,,1.033719638,-1.160546206,,,,,,
55:39.5,,,1.033719618,-1.160546209,,,,,,
55:39.8,,,,,6605.124023,,,,,
55:39.8,,,,,,16.50683594,,,,
55:39.8,85.6061,56.09,,,,,97,8.18737152,,
55:39.8,,,,,7498.273438,,,,,
55:39.8,,,,,,29.84667969,,,,
55:39.9,,,,,,,,,,
55:41.0,,,,,,,,,,
55:41.9,,,,,,,,,,
55:42.2,,,1.039739676,-1.159845826,,,,,,
55:42.2,,,1.039739674,-1.159845824,,,,,,
55:42.2,,,1.039739671,-1.159845822,,,,,,
55:42.3,,,1.039739669,-1.159845819,,,,,,
55:42.3,,,1.039739667,-1.159845817,,,,,,
55:42.3,,,1.039739661,-1.159845812,,,,,,
55:42.3,,,1.039739661,-1.159845812,,,,,,
55:42.3,,,1.039739661,-1.159845811,,,,,,
55:42.3,,,1.039739659,-1.15984581,,,,,,
55:42.4,,,1.039739657,-1.159845808,,,,,,
55:42.6,,,,,8501.801758,,,,,
55:42.6,,,,,,16.38183594,,,,
55:42.6,,,,,,,,,/IP_10_3_0_8/grab_trolley,11515
55:42.6,,,,,8887.126953,,,,,
55:42.6,,,,,,34.66796875,,,,
55:42.6,,,,,7293.701172,,,,,
55:42.6,,,,,,65.74707031,,,,
55:43.0,,,,,,,,,,
55:44.2,,,,,,,,,/IP_10_3_0_8/move_camera,2162
55:44.4,,,,,,,,,,
55:44.9,,,,,,,,,,
55:45.1,,,1.032143694,-1.138103197,,,,,,
55:45.1,,,1.031962695,-1.129498274,,,,,,
55:45.2,,,1.031783428,-1.120885875,,,,,,
55:45.2,,,1.03158821,-1.111787429,,,,,,
55:45.2,,,1.036074571,-1.160415136,,,,,,
55:45.2,,,,,8738.459961,,,,,
55:45.2,,,,,,29.74609375,,,,
55:45.3,,,1.035976229,-1.157196176,,,,,,
55:45.3,82.7273,56.18,,,,,96.2,8.18737152,,
55:45.3,82.7273,56.18,,,,,100,8.18737152,,
55:45.3,,,,,,16.79296875,,,,
55:45.3,,,,,7857.457031,,,,,
55:45.5,,,1.035863451,-1.15342256,,,,,,
55:45.6,,,1.035726549,-1.148842812,,,,,,
55:45.6,,,1.032528121,-1.155612843,,,,,,
55:45.9,,,1.032306432,-1.145800611,,,,,,
55:45.9,,,,,,,,,,
55:46.3,,,,,,,,,/IP_10_3_0_8/reverse_robot,2110
55:47.0,,,,,,,,,,
55:47.2,,,1.028912344,-0.798600506,,,,,,
55:47.2,,,1.028679001,-0.791388116,,,,,,
55:47.2,,,1.028413166,-0.78292638,,,,,,
55:47.2,,,1.028159567,-0.773874793,,,,,,
55:47.2,,,,,6831.616211,,,,,
55:47.2,,,,,,31.79394531,,,,
55:47.2,,,1.027938403,-0.764287184,,,,,,
55:47.2,,,1.027799594,-0.753715696,,,,,,
55:47.2,,,1.027790264,-0.736715972,,,,,,
55:47.2,,,1.025233056,-0.744994332,,,,,,
55:47.2,,,1.025074281,-0.731562294,,,,,,
55:47.2,,,1.025082675,-0.724792994,,,,,,
55:47.4,,,,,8611.165039,,,,,
55:47.4,,,,,,18.33789063,,,,
55:47.9,,,,,,,,,,
55:48.9,,,,,,,,,,
55:49.4,,,1.015896727,-0.441358968,,,,,,
55:49.4,,,1.010591898,-0.445945827,,,,,,
55:49.4,,,,,9468.992188,,,,,
55:49.4,,,,,,45.70605469,,,,
55:49.4,,,1.00460053,-0.450878744,,,,,,
55:49.4,,,0.998402094,-0.455751532,,,,,,
55:49.4,,,0.987498515,-0.46391563,,,,,,
55:49.4,,,0.979380941,-0.46952727,,,,,,
55:49.5,,,0.97047124,-0.475371139,,,,,,
55:49.5,,,0.961202038,-0.481254167,,,,,,
55:49.5,,,0.951092487,-0.487428458,,,,,,
55:49.5,,,0.940021949,-0.493833001,,,,,,
55:49.7,,,,,9541.132813,,,,,
55:49.7,,,,,,26.75683594,,,,
55:49.8,82.7273,55.97,,,,,97,8.18737152,,
55:49.8,,,,,9377.30957,,,,,
55:49.8,,,,,,38.57714844,,,,
55:50.0,,,,,,,,,,
55:51.2,,,,,,,,,,
55:52.3,,,0.178543917,-0.236211897,,,,,,
55:52.3,,,0.163686549,-0.227082878,,,,,,
55:52.3,,,0.148976272,-0.217784595,,,,,,
55:52.3,,,0.134204027,-0.208100134,,,,,,
55:52.3,,,0.119871685,-0.198448357,,,,,,
55:52.3,,,0.105602945,-0.188668933,,,,,,
55:52.3,,,0.091364153,-0.178794887,,,,,,
55:52.3,,,0.069428733,-0.163469399,,,,,,
55:52.3,,,0.04961194,-0.149413899,,,,,,
55:52.3,,,0.042862168,-0.144593677,,,,,,
55:52.4,,,,,,,,,,
55:52.5,,,,,9193.726563,,,,,
55:52.5,,,,,,46.44433594,,,,
55:52.6,,,,,7071.743164,,,,,
55:52.6,,,,,,31.3984375,,,,
55:52.6,,,,,6654.508789,,,,,
55:52.6,,,,,,18.86035156,,,,
55:53.0,,,,,,,,,,
55:54.0,,,,,,,,,,
55:54.5,,,-0.064129895,-0.004289097,,,,,,
55:54.5,,,-0.05992332,-0.006018674,,,,,,
55:54.6,,,-0.058849131,-0.006454117,,,,,,
55:54.6,,,-0.05716516,-0.007127213,,,,,,
55:54.6,,,-0.055888371,-0.007631327,,,,,,
55:54.6,,,-0.055159538,-0.007912167,,,,,,
55:54.6,,,-0.055093061,-0.007932457,,,,,,
55:54.6,,,-0.055411144,-0.007801836,,,,,,
55:54.7,,,-0.056137267,-0.007517843,,,,,,
55:54.7,,,-0.057380916,-0.00703654,,,,,,
55:54.9,,,,,7799.677734,,,,,
55:54.9,,,,,,16.92578125,,,,
55:54.9,82.7273,55.88,,,,,93.8,8.18737152,,
55:54.9,82.7273,55.88,,,,,90,8.18737152,,
55:54.9,,,,,10090.5293,,,,,
55:54.9,,,,,,18.91992188,,,,
55:54.9,,,,,,,,,,
55:56.0,,,,,,,,,,
55:56.9,,,,,,,,,,
55:57.1,,,-0.002472504,-0.005183994,,,,,,
55:57.1,,,-0.002470135,-0.00518422,,,,,,
55:57.1,,,-0.002468967,-0.005184332,,,,,,
55:57.1,,,-0.002467401,-0.005184482,,,,,,
55:57.1,,,-0.002533736,-0.005177612,,,,,,
55:57.1,,,-0.003129122,-0.005116042,,,,,,
55:57.2,,,-0.004452009,-0.004979323,,,,,,
55:57.2,,,-0.006312958,-0.004787927,,,,,,
55:57.2,,,-0.007488805,-0.004672815,,,,,,
55:57.2,,,,,7649.726563,,,,,
55:57.2,,,,,,29.28320313,,,,
55:57.2,,,,,,,,,/IP_10_3_0_8/move_robot,10895
55:57.4,,,,,,,,,/IP_10_3_0_8/rosping_service,10318
55:57.5,,,,,4408.860352,,,,,
55:57.5,,,,,,26.03320313,,,,
55:57.9,,,,,,,,,,
55:58.0,,,-0.020251827,-0.006264197,,,,,,
55:58.9,,,,,,,,,,
55:59.3,,,-0.01485037,-0.005082804,,,,,,
55:59.3,,,-0.014849142,-0.00508291,,,,,,
55:59.3,,,,,5730.064453,,,,,
55:59.3,,,,,,39.05761719,,,,
55:59.3,,,-0.014847124,-0.005083083,,,,,,
55:59.3,,,-0.014846831,-0.005083111,,,,,,
55:59.3,,,-0.014844513,-0.005083312,,,,,,
55:59.3,,,-0.014843391,-0.00508341,,,,,,
55:59.3,,,-0.01484323,-0.005083424,,,,,,
55:59.3,,,-0.014842397,-0.005083496,,,,,,
55:59.3,,,-0.014841598,-0.005083566,,,,,,
55:59.4,,,-0.014840861,-0.00508363,,,,,,
55:59.5,,,,,,,,,/IP_10_3_0_8/trolley_parking_service,2260
55:59.6,,,,,8146.261719,,,,,
55:59.6,82.7273,55.97,,,,,96.9,8.18737152,,
55:59.6,,,,,,50.03125,,,,
55:59.6,,,,,6688.93457,,,,,
55:59.6,,,,,,30.21289063,,,,
55:59.9,,,,,,,,,,
56:00.9,,,,,,,,,,
56:01.2,,,-0.009655135,-0.004490894,,,,,,
56:01.2,,,-0.009654955,-0.004490909,,,,,,
56:01.2,,,-0.009654924,-0.004490911,,,,,,
56:01.3,,,,,7611.042969,,,,,
56:01.3,,,,,,22.28417969,,,,
56:01.6,,,-0.009657292,-0.004490717,,,,,,
56:01.6,,,-0.009657015,-0.00449074,,,,,,
56:01.7,,,-0.009656736,-0.004490763,,,,,,
56:01.7,,,-0.009656074,-0.004490817,,,,,,
56:01.8,,,-0.009655834,-0.004490837,,,,,,
56:01.9,,,,,,,,,,
56:01.9,,,-0.009655747,-0.004490844,,,,,,
56:02.0,,,-0.009655726,-0.004490845,,,,,,
56:02.6,,,-0.016410475,-0.005961981,,,,,,
56:02.6,,,,,6437.356445,,,,,
56:02.6,,,,,,19.02050781,,,,
56:02.6,,,-0.01641042,-0.005961988,,,,,,
56:02.6,,,-0.016410368,-0.005961994,,,,,,
56:02.6,,,-0.016410294,-0.005962004,,,,,,
56:02.6,,,-0.016410248,-0.005962009,,,,,,
56:02.6,,,-0.016410204,-0.005962015,,,,,,
56:02.7,,,-0.016410162,-0.00596202,,,,,,
56:02.7,,,-0.01641012,-0.005962025,,,,,,
56:02.7,,,-0.016410083,-0.00596203,,,,,,
56:02.7,,,-0.016409861,-0.005962058,,,,,,
56:02.9,,,,,,,,,,
56:02.9,,,,,7017.512695,,,,,
56:02.9,,,,,,17.58789063,,,,
56:03.9,,,,,,,,,,
56:04.2,,,-0.012684499,-0.00657468,,,,,,
56:04.3,,,-0.012684421,-0.00657469,,,,,,
56:04.3,,,-0.012684432,-0.006574688,,,,,,
56:04.3,,,-0.012684394,-0.006574693,,,,,,
56:04.3,,,-0.012684358,-0.006574698,,,,,,
56:04.3,,,-0.012684324,-0.006574702,,,,,,
56:04.3,,,-0.012684292,-0.006574707,,,,,,
56:04.3,,,-0.012684193,-0.00657472,,,,,,
56:04.3,,,-0.012684212,-0.006574717,,,,,,
56:04.3,,,-0.012684177,-0.006574722,,,,,,
56:04.3,,,,,7823.210938,,,,,
56:04.3,,,,,,36.85449219,,,,
56:04.3,85.6061,55.96,,,,,98.9,8.18737152,,
56:04.3,85.6061,55.96,,,,,100,8.18737152,,
56:04.6,,,,,7881.625,,,,,
56:04.6,,,,,,19.63085938,,,,
56:04.9,,,,,,,,,,
56:05.9,,,,,,,,,,
56:06.1,,,-0.014036627,-0.003344785,,,,,,
56:06.1,,,-0.014036594,-0.003344777,,,,,,
56:06.1,,,-0.014036605,-0.00334478,,,,,,
56:06.2,,,-0.014036605,-0.00334478,,,,,,
56:06.2,,,-0.014036598,-0.003344778,,,,,,
56:06.2,,,-0.009862892,-0.006080376,,,,,,
56:06.2,,,-0.009862879,-0.006080379,,,,,,
56:06.2,,,-0.009862866,-0.006080381,,,,,,
56:06.2,,,-0.009862842,-0.006080387,,,,,,
56:06.3,,,,,,33.04980469,,,,
56:06.3,,,,,7810.723633,,,,,
56:06.7,,,-0.014036628,-0.003344785,,,,,,
56:06.9,,,,,,,,,,
56:07.8,,,-0.015941256,-0.003125685,,,,,,
56:07.9,,,-0.015941257,-0.003125683,,,,,,
56:07.9,,,,,,,,,,
56:07.9,,,-0.015941258,-0.00312568,,,,,,
56:07.9,,,,,6981.390625,,,,,
56:07.9,,,,,,43.44628906,,,,
56:08.0,,,-0.015941261,-0.003125675,,,,,,
56:08.0,,,-0.015941261,-0.003125675,,,,,,
56:08.2,,,,,7218.027344,,,,,
56:08.2,,,,,,28.56542969,,,,
56:08.2,,,-0.015941264,-0.003125669,,,,,,
56:08.2,,,-0.015941265,-0.003125667,,,,,,
56:08.3,,,-0.015941265,-0.003125667,,,,,,
56:08.4,,,-0.015941265,-0.003125667,,,,,,
56:08.5,,,-0.015941267,-0.003125662,,,,,,
56:08.9,,,,,,,,,,
56:09.3,,,-0.016450974,-0.005089953,,,,,,
56:09.3,,,-0.016450989,-0.005089955,,,,,,
56:09.3,,,-0.016451002,-0.005089957,,,,,,
56:09.3,,,-0.016451016,-0.005089959,,,,,,
56:09.3,,,-0.016451044,-0.005089963,,,,,,
56:09.4,,,-0.016451055,-0.005089965,,,,,,
56:09.4,,,-0.016451059,-0.005089965,,,,,,
56:09.4,,,-0.01645107,-0.005089967,,,,,,
56:09.4,,,,,7999.505859,,,,,
56:09.4,,,,,,18.51367188,,,,
56:09.4,,,-0.01645108,-0.005089968,,,,,,
56:09.4,,,-0.016451088,-0.00508997,,,,,,
56:09.8,85.6061,55.99,,,,,97.3,8.18737152,,
56:09.8,,,,,8143.861328,,,,,
56:09.8,,,,,,20.45214844,,,,
56:09.9,,,,,,,,,,
56:10.9,,,,,,,,,,
56:11.4,,,0.159841791,-0.021073623,,,,,,
56:11.4,,,0.179229077,-0.022678985,,,,,,
56:11.4,,,0.189040502,-0.023491121,,,,,,
56:11.4,,,0.199100734,-0.024327195,,,,,,
56:11.4,,,0.211197833,-0.025337824,,,,,,
56:11.4,,,0.219008287,-0.025991265,,,,,,
56:11.5,,,0.228672344,-0.026800326,,,,,,
56:11.5,,,0.242975783,-0.028002656,,,,,,
56:11.5,,,0.257824302,-0.029259824,,,,,,
56:11.5,,,0.262624146,-0.029666817,,,,,,
56:11.6,,,,,8181.893555,,,,,
56:11.6,,,,,,21.89355469,,,,
56:11.7,,,,,,,,,/IP_10_3_0_8/reverse_robot,2159
56:11.7,,,,,5674.092773,,,,,
56:11.7,,,,,,29.60351563,,,,
56:11.9,,,,,,,,,,
56:12.9,,,,,,,,,,
56:13.1,,,0.519735738,-0.031614353,,,,,,
56:13.2,,,0.535414413,-0.03117315,,,,,,
56:13.2,,,0.543738226,-0.030808605,,,,,,
56:13.2,,,0.568218487,-0.029175117,,,,,,
56:13.2,,,0.584766331,-0.027734682,,,,,,
56:13.3,,,0.601026163,-0.025861954,,,,,,
56:13.3,,,0.617437251,-0.023543344,,,,,,
56:13.3,,,0.633841131,-0.020890521,,,,,,
56:13.3,,,0.650288014,-0.017682895,,,,,,
56:13.3,,,0.666681901,-0.014166052,,,,,,
56:13.4,,,,,5462.936523,,,,,
56:13.4,,,,,,24.34277344,,,,
56:13.9,,,,,,,,,,
56:15.4,,,,,,,,,,
56:15.9,,,,,,,,,,
56:16.0,,,0.893675181,0.021584575,,,,,,
56:16.0,,,,,7835.723633,,,,,
56:16.0,,,,,,41.49023438,,,,
56:16.0,,,0.89143764,0.009639492,,,,,,
56:16.1,,,0.888615478,-0.008729174,,,,,,
56:16.1,,,0.88723345,-0.018934477,,,,,,
56:16.1,85.6061,56.16,,,,,100,8.18737152,,
56:16.1,,,0.885922126,-0.029634254,,,,,,
56:16.1,,,0.884616259,-0.041217487,,,,,,
56:16.1,,,0.883390887,-0.053731848,,,,,,
56:16.1,,,0.881827733,-0.071574244,,,,,,
56:16.2,,,0.880613162,-0.087018912,,,,,,
56:16.3,,,,,6119.058594,,,,,
56:16.3,,,,,,50.18359375,,,,
56:16.3,,,,,3878.367188,,,,,
56:16.3,,,,,,33.29101563,,,,
56:16.9,85.6061,56.16,,,,,96.4,8.18737152,,
56:16.9,,,,,,,,,,
56:17.0,,,0.889859439,-0.000251048,,,,,,
56:17.9,,,,,,,,,,
56:18.2,,,1.035089345,-0.277776785,,,,,,
56:18.3,,,1.035213219,-0.280108171,,,,,,
56:18.3,,,1.035290659,-0.282646796,,,,,,
56:18.4,,,1.035307639,-0.283389912,,,,,,
56:18.4,,,,,5455.212891,,,,,
56:18.4,,,,,,19.80371094,,,,
56:18.4,,,1.035340084,-0.285008691,,,,,,
56:18.4,,,1.035345272,-0.286929724,,,,,,
56:18.4,,,1.035341572,-0.288776878,,,,,,
56:18.4,,,1.035313217,-0.290994941,,,,,,
56:18.4,,,1.035236458,-0.293640055,,,,,,
56:18.4,,,1.035029981,-0.298082489,,,,,,
56:18.7,,,,,6008.066406,,,,,
56:18.7,,,,,,18.04199219,,,,
56:18.9,,,,,,,,,,
56:19.9,,,,,,,,,,
56:20.7,,,,,,,,,/IP_10_3_0_8/move_robot,8985
56:20.7,,,,,6565.556641,,,,,
56:20.7,,,,,,19.56445313,,,,
56:20.7,,,1.027728424,-0.329891491,,,,,,
56:20.7,,,1.027727893,-0.329893615,,,,,,
56:20.7,,,1.027727417,-0.329895518,,,,,,
56:20.7,,,1.0277273,-0.329895976,,,,,,
56:20.7,,,1.021980502,-0.274700533,,,,,,
56:20.7,,,1.02198047,-0.274701722,,,,,,
56:20.7,,,1.02198044,-0.274702848,,,,,,
56:20.8,,,1.02198041,-0.274703982,,,,,,
56:20.8,,,1.021980384,-0.274704968,,,,,,
56:20.8,,,1.021980329,-0.274707023,,,,,,
56:20.8,,,,,,,,,/IP_10_3_0_8/rosping_service,6879
56:20.9,,,,,,,,,,
56:21.1,85.6061,56.46,,,,,97.2,8.18737152,,
56:21.1,,,,,8733.210938,,,,,
56:21.1,,,,,,30.19140625,,,,
56:21.1,,,,,7167.386719,,,,,
56:21.1,,,,,,18.72070313,,,,
56:21.9,,,,,,,,,,
56:22.9,,,,,,,,,,
56:23.1,,,1.021103784,-0.257809227,,,,,,
56:23.1,,,1.021103782,-0.257809264,,,,,,
56:23.2,,,1.021103779,-0.25780937,,,,,,
56:23.2,,,1.021103765,-0.257809786,,,,,,
56:23.2,,,1.021103765,-0.257809786,,,,,,
56:23.2,,,1.020068659,-0.271705951,,,,,,
56:23.2,,,,,6984.073242,,,,,
56:23.2,,,,,,45.72460938,,,,
56:23.4,,,,,6667.993164,,,,,
56:23.4,,,,,,42.54882813,,,,
56:23.5,,,1.02110383,-0.257807842,,,,,,
56:23.5,,,1.021103793,-0.257808938,,,,,,
56:23.8,,,1.021103789,-0.257809069,,,,,,
56:23.9,,,1.021103785,-0.257809189,,,,,,
56:23.9,,,,,,,,,,
56:24.9,,,,,,,,,,
56:25.2,,,1.02252619,-0.553425882,,,,,,
56:25.2,,,1.022661379,-0.567196257,,,,,,
56:25.2,,,1.022789982,-0.577149783,,,,,,
56:25.3,,,1.022953645,-0.587704543,,,,,,
56:25.3,,,1.023139838,-0.598201381,,,,,,
56:25.3,,,,,6841.018555,,,,,
56:25.3,,,,,,30.95214844,,,,
56:25.3,,,1.023464601,-0.614535559,,,,,,
56:25.3,,,1.023835307,-0.630004784,,,,,,
56:25.4,85.6061,56.46,,,,,96.8,8.18737152,,
56:25.4,85.6061,56.46,,,,,88.9,8.18737152,,
56:25.4,,,1.023975239,-0.635268118,,,,,,
56:25.4,,,1.024273449,-0.645671858,,,,,,
56:25.4,,,1.024599925,-0.65640039,,,,,,
56:25.7,,,,,7474.970703,,,,,
56:25.7,,,,,,16.9453125,,,,
56:25.7,,,,,8979.05957,,,,,
56:25.7,,,,,,19.46972656,,,,
56:25.9,,,,,,,,,,
56:26.9,,,,,,,,,,
56:28.0,,,,,,,,,,
56:28.2,,,1.040207564,-1.065444281,,,,,,
56:28.2,,,1.040180671,-1.070190518,,,,,,
56:28.2,,,1.040169043,-1.072181134,,,,,,
56:28.2,,,1.040154724,-1.074227935,,,,,,
56:28.2,,,1.040135237,-1.076436985,,,,,,
56:28.2,,,1.040103635,-1.079277679,,,,,,
56:28.2,,,1.040082052,-1.081073949,,,,,,
56:28.2,,,1.040053969,-1.082904491,,,,,,
56:28.2,,,1.040025249,-1.084560581,,,,,,
56:28.3,,,1.039997967,-1.086179835,,,,,,
56:28.4,,,,,7747.433594,,,,,
56:28.4,,,,,,23.67578125,,,,
56:28.5,,,,,7340.820313,,,,,
56:28.5,,,,,,30.41796875,,,,
56:29.0,,,,,,,,,,
56:29.9,,,,,,,,,,
56:30.4,,,,,,,,,/IP_10_3_0_8/trolley_parking_service,9743
56:30.7,,,1.037218595,-1.130332314,,,,,,
56:30.8,,,1.037219029,-1.130328439,,,,,,
56:30.8,,,,,6075.908203,,,,,
56:30.8,,,,,,16.70019531,,,,
56:30.8,,,1.037219642,-1.130322956,,,,,,
56:30.8,,,1.037220207,-1.1303179,,,,,,
56:30.8,,,1.037220561,-1.130314735,,,,,,
56:30.8,,,1.037224848,-1.130276736,,,,,,
56:30.8,,,1.048255889,-1.135228291,,,,,,
56:30.8,,,1.048256605,-1.135222188,,,,,,
56:30.8,,,1.04825732,-1.135216092,,,,,,
56:30.8,,,1.04825992,-1.135194455,,,,,,
56:31.0,,,,,,,,,,
56:31.1,85.6061,55.97,,,,,97.7,8.18737152,,
56:31.1,,,,,7961.233398,,,,,
56:31.1,,,,,,34.62109375,,,,
56:31.1,,,,,7494.068359,,,,,
56:31.1,,,,,,42.04199219,,,,
56:32.8,,,,,,,,,,
56:33.0,,,,,,,,,,
56:33.8,,,1.047305408,-1.130338069,,,,,,
56:33.8,,,1.047305464,-1.130337433,,,,,,
56:33.8,,,1.04730552,-1.130336792,,,,,,
56:33.8,,,1.047305679,-1.130335091,,,,,,
56:33.8,,,1.047305745,-1.130334325,,,,,,
56:33.8,,,1.047305803,-1.130333653,,,,,,
56:33.8,,,1.047305827,-1.130333386,,,,,,
56:33.8,,,1.047305864,-1.130332959,,,,,,
56:33.9,,,1.047305899,-1.130332548,,,,,,
56:33.9,,,1.047306025,-1.130331199,,,,,,
56:33.9,,,,,7803.470703,,,,,
56:33.9,,,,,,36.61132813,,,,
56:34.1,85.6061,55.88,,,,,96.3,8.18737152,,
56:34.1,,,,,6198.959961,,,,,
56:34.1,,,,,,19.62792969,,,,
56:34.1,85.6061,55.88,,,,,100,8.18737152,,
56:34.1,,,,,5810.151367,,,,,
56:34.1,,,,,,16.48828125,,,,
56:34.2,,,,,,,,,,
56:35.0,,,,,,,,,,
56:36.0,,,,,,,,,,
56:36.5,,,1.046599647,-1.135939513,,,,,,
56:36.5,,,1.04659967,-1.135939303,,,,,,
56:36.5,,,1.046599694,-1.135939089,,,,,,
56:36.5,,,1.051518689,-1.143971471,,,,,,
56:36.5,,,1.051518755,-1.143971073,,,,,,
56:36.5,,,1.051518767,-1.143971004,,,,,,
56:36.5,,,1.051518817,-1.143970703,,,,,,
56:36.5,,,1.051518868,-1.143970402,,,,,,
56:36.5,,,1.051518913,-1.14397013,,,,,,
56:36.5,,,1.051518956,-1.143969873,,,,,,
56:36.5,,,,,6382.198242,,,,,
56:36.5,,,,,,16.72460938,,,,
56:36.7,,,,,6880.004883,,,,,
56:36.7,,,,,,27.39257813,,,,
56:36.7,,,,,5154.129883,,,,,
56:36.7,,,,,,22.06640625,,,,
56:36.9,,,,,,,,,,
56:38.0,,,,,,,,,,
56:39.0,,,,,,,,,,
56:39.1,,,1.043812097,-1.138053313,,,,,,
56:39.1,,,1.043812083,-1.138053233,,,,,,
56:39.1,,,1.04381207,-1.138053157,,,,,,
56:39.1,,,1.043812057,-1.138053085,,,,,,
56:39.1,,,1.043812045,-1.138053016,,,,,,
56:39.1,,,1.043812034,-1.138052951,,,,,,
56:39.1,,,1.043812007,-1.1380528,,,,,,
56:39.1,,,1.043811998,-1.138052744,,,,,,
56:39.1,,,1.043811995,-1.138052728,,,,,,
56:39.2,,,,,6904.832031,,,,,
56:39.2,,,,,,35.83496094,,,,
56:39.3,,,,,6401.9375,,,,,
56:39.3,,,,,,50.55859375,,,,
56:40.0,,,1.043812104,-1.138053349,,,,,,
56:40.0,,,,,,,,,,
56:41.1,,,,,,,,,,
56:41.6,,,1.052880415,-1.145815693,,,,,,
56:41.6,,,1.052880423,-1.145815689,,,,,,
56:41.6,,,1.052880432,-1.145815684,,,,,,
56:41.6,,,1.052880453,-1.145815673,,,,,,
56:41.7,,,1.05288046,-1.145815669,,,,,,
56:41.7,85.6061,55.6,,,,,96.4,8.18737152,,
56:41.7,,,1.052880462,-1.145815668,,,,,,
56:41.7,,,1.052880468,-1.145815665,,,,,,
56:41.7,,,,,6402.492188,,,,,
56:41.7,,,,,,28.31738281,,,,
56:41.7,,,1.052880475,-1.145815661,,,,,,
56:41.8,,,1.05288048,-1.145815658,,,,,,
56:41.8,,,1.052880486,-1.145815655,,,,,,
56:41.9,,,,,6428.203125,,,,,
56:41.9,,,,,,18.25195313,,,,
56:41.9,,,,,6240.883789,,,,,
56:41.9,,,,,,15.94140625,,,,
56:42.0,,,,,,,,,,
56:43.0,,,,,,,,,,
56:43.1,,,,,,,,,/IP_10_3_0_8/release_trolley,12693
56:43.3,,,,,,,,,/IP_10_3_0_8/rosping_service,5972
56:44.0,,,,,,,,,,
56:44.5,,,1.05067601,-1.134559228,,,,,,
56:44.5,,,1.050676012,-1.134559224,,,,,,
56:44.5,,,1.050676024,-1.134559195,,,,,,
56:44.5,,,1.050700573,-1.134329096,,,,,,
56:44.5,,,1.05117892,-1.129625107,,,,,,
56:44.5,,,1.05137694,-1.127696912,,,,,,
56:44.5,,,1.052081652,-1.120876288,,,,,,
56:44.5,,,1.052785697,-1.114052806,,,,,,
56:44.5,,,1.053331618,-1.108842185,,,,,,
56:44.5,,,1.054098962,-1.101546575,,,,,,
56:44.6,,,,,5834.986328,,,,,
56:44.6,,,,,,17.76855469,,,,
56:44.7,85.6061,55.75,,,,,96.2,8.18737152,,
56:44.7,,,,,5677.636719,,,,,
56:44.7,,,,,,31.93945313,,,,
56:44.7,85.6061,55.75,,,,,90,8.18737152,,
56:44.7,,,,,5961.09375,,,,,
56:44.7,,,,,,24.22265625,,,,
56:45.0,,,,,,,,,,
56:45.9,,,,,,,,,,
56:46.4,,,1.077870877,-0.84410197,,,,,,
56:46.4,,,1.079088358,-0.834045901,,,,,,
56:46.4,,,1.080282536,-0.824230569,,,,,,
56:46.4,,,1.081487528,-0.814327953,,,,,,
56:46.4,,,1.082713205,-0.80426667,,,,,,
56:46.5,,,1.077260454,-0.788344616,,,,,,
56:46.5,,,1.078583777,-0.778152141,,,,,,
56:46.5,,,1.079877132,-0.768203585,,,,,,
56:46.5,,,1.081990515,-0.751942419,,,,,,
56:46.5,,,1.084504462,-0.73255372,,,,,,
56:46.6,,,,,4951.6875,,,,,
56:46.6,,,,,,38.58398438,,,,
56:46.7,,,,,8352.871094,,,,,
56:46.7,,,,,,43.42382813,,,,
56:46.9,,,,,,,,,,
56:47.1,,,,,,,,,/IP_10_3_0_8/reverse_robot,3363
56:47.9,,,,,,,,,,
56:48.6,,,1.192761609,-0.290441003,,,,,,
56:48.6,,,1.19988967,-0.281651665,,,,,,
56:48.6,,,1.210876583,-0.268866459,,,,,,
56:48.6,,,1.210754615,-0.269180923,,,,,,
56:48.6,,,1.22369307,-0.256125965,,,,,,
56:48.7,,,1.229835807,-0.25047771,,,,,,
56:48.7,,,1.236601136,-0.244524989,,,,,,
56:48.7,,,1.241268925,-0.240855952,,,,,,
56:48.7,,,1.246303888,-0.237067236,,,,,,
56:48.7,,,1.253287152,-0.232260453,,,,,,
56:48.9,,,,,8950.794922,,,,,
56:48.9,,,,,,37.22558594,,,,
56:48.9,,,,,,,,,,
56:49.0,,,,,7779.960938,,,,,
56:49.0,,,,,,23.54199219,,,,
56:49.9,,,,,,,,,,
56:50.8,,,1.240535551,-0.139129452,,,,,,
56:50.8,,,1.235625392,-0.137314718,,,,,,
56:50.8,,,1.232354093,-0.135906761,,,,,,
56:50.9,,,1.228409709,-0.134059618,,,,,,
56:50.9,,,1.223933146,-0.131737782,,,,,,
56:50.9,,,1.218669846,-0.128776265,,,,,,
56:50.9,,,1.213016447,-0.125321523,,,,,,
56:50.9,,,1.203885011,-0.119168453,,,,,,
56:50.9,,,1.193959798,-0.111688132,,,,,,
56:50.9,,,,,,,,,,
56:51.0,85.6061,55.52,,,,,96.7,8.18737152,,
56:51.0,,,1.190419888,-0.108805755,,,,,,
56:51.0,,,,,11357.4541,,,,,
56:51.0,,,,,,28.88867188,,,,
56:51.5,,,,,9662.412109,,,,,
56:51.5,,,,,,21.97558594,,,,
56:52.0,,,,,,,,,,
56:52.9,,,,,,,,,,
56:53.2,,,1.114688652,0.74268417,,,,,,
56:53.2,,,1.112533007,0.763946916,,,,,,
56:53.2,,,1.110372221,0.785134148,,,,,,
56:53.2,,,1.108201619,0.806487677,,,,,,
56:53.2,,,1.106173813,0.826371588,,,,,,
56:53.2,,,1.103126795,0.856150386,,,,,,
56:53.2,,,1.10029383,0.883718613,,,,,,
56:53.3,,,1.099320037,0.893033969,,,,,,
56:53.3,,,1.097554221,0.909806972,,,,,,
56:53.3,,,1.0957941,0.92658535,,,,,,
56:53.3,,,,,8828.410156,,,,,
56:53.3,,,,,,33.67382813,,,,
56:53.5,,,,,7606.689453,,,,,
56:53.5,,,,,,20.46289063,,,,
56:53.9,,,,,,,,,,
56:54.9,,,,,,,,,,
56:55.2,,,1.076035134,0.977408489,,,,,,
56:55.2,,,,,9289.407227,,,,,
56:55.2,,,,,,37.50683594,,,,
56:55.2,,,1.077422361,0.965871243,,,,,,
56:55.2,85.6061,55.75,,,,,96.1,8.18737152,,
56:55.2,,,1.029266087,1.251920982,,,,,,
56:55.2,85.6061,55.75,,,,,90.9,8.18737152,,
56:55.2,,,1.030964594,1.237610958,,,,,,
56:55.2,,,1.031527586,1.232908282,,,,,,
56:55.2,,,1.03271602,1.223031821,,,,,,
56:55.2,,,1.033810613,1.214114473,,,,,,
56:55.2,,,1.034869551,1.205528812,,,,,,
56:55.3,,,1.035886889,1.197364067,,,,,,
56:55.3,,,1.036837556,1.189645027,,,,,,
56:55.3,,,,,9429.868164,,,,,
56:55.3,,,,,,43.04199219,,,,
56:55.9,,,,,,,,,,
56:56.9,,,,,,,,,,
56:57.3,,,1.044355494,1.18206581,,,,,,
56:57.3,,,,,10304.30078,,,,,
56:57.3,,,,,,32.89648438,,,,
56:57.3,,,1.043642838,1.186237796,,,,,,
56:57.4,,,1.04296732,1.190085653,,,,,,
56:57.4,,,1.042487574,1.192801059,,,,,,
56:57.4,,,1.042005729,1.195510046,,,,,,
56:57.5,,,1.041791632,1.196681615,,,,,,
56:57.5,,,1.041799414,1.196639052,,,,,,
56:57.5,,,1.041814133,1.196554501,,,,,,
56:57.5,,,1.041929671,1.195903683,,,,,,
56:57.5,,,1.042245744,1.194258416,,,,,,
56:57.6,,,,,10442.64063,,,,,
56:57.6,,,,,,18.22167969,,,,
56:57.6,,,,,9326.970703,,,,,
56:57.6,,,,,,20.12695313,,,,
56:58.0,,,,,,,,,,
56:59.0,,,,,,,,,,
57:00.2,,,1.173396308,1.101473737,,,,,,
57:00.2,,,,,8703.188477,,,,,
57:00.2,,,,,,18.10546875,,,,
57:00.2,,,1.173380702,1.10147886,,,,,,
57:00.2,,,1.173365921,1.101483709,,,,,,
57:00.2,,,1.173351738,1.10148839,,,,,,
57:00.2,,,1.189048033,1.117649834,,,,,,
57:00.2,,,1.189022626,1.117652878,,,,,,
57:00.2,,,1.188986198,1.117655248,,,,,,
57:00.2,,,1.189348612,1.117604262,,,,,,
57:00.2,,,1.190544749,1.11744299,,,,,,
57:00.2,,,1.192324444,1.117207911,,,,,,
57:00.3,85.6061,56.09,,,,,96.4,8.18737152,,
57:00.3,,,,,7540.257813,,,,,
57:00.3,,,,,,29.79980469,,,,
57:00.4,,,,,,,,,,
57:01.3,,,,,,,,,,
57:01.9,,,,,,,,,,
57:02.3,,,1.248604979,1.116118702,,,,,,
57:02.3,,,1.247246402,1.11624672,,,,,,
57:02.3,,,1.245923092,1.116371381,,,,,,
57:02.3,,,1.244673872,1.116488667,,,,,,
57:02.3,,,1.243077604,1.116638624,,,,,,
57:02.3,,,1.268077688,1.096190224,,,,,,
57:02.3,,,1.266855939,1.096305606,,,,,,
57:02.3,,,,,6754.535156,,,,,
57:02.3,,,,,,25.07617188,,,,
57:02.3,,,1.264598043,1.096517307,,,,,,
57:02.4,,,1.260208621,1.096919149,,,,,,
57:02.4,,,1.25719611,1.097195351,,,,,,
57:02.6,,,,,4673.128906,,,,,
57:02.6,,,,,,51.97558594,,,,
57:02.9,,,,,,,,,,
57:03.9,,,,,,,,,,
57:04.7,,,1.178715893,1.097723427,,,,,,
57:04.7,,,,,6677.293945,,,,,
57:04.7,,,1.178726441,1.097722616,,,,,,
57:04.7,,,,,,79.33789063,,,,
57:04.7,,,1.178731109,1.097722262,,,,,,
57:04.7,,,1.178731736,1.097722216,,,,,,
57:04.8,,,1.17873549,1.097721929,,,,,,
57:04.8,,,1.178739276,1.09772164,,,,,,
57:04.8,,,1.178742456,1.097721398,,,,,,
57:04.8,,,1.178745704,1.09772115,,,,,,
57:04.9,,,1.17875394,1.097720516,,,,,,
57:04.9,,,1.178756784,1.097720299,,,,,,
57:04.9,,,,,,,,,/IP_10_3_0_8/move_robot,17917
57:04.9,,,,,5565.134766,,,,,
57:04.9,,,,,,37.76855469,,,,
57:05.0,,,,,,,,,,
57:05.8,85.6061,56.11,,,,,96.2,8.18737152,,
57:05.8,,,,,5964.985352,,,,,
57:05.8,,,,,,18.76855469,,,,
57:05.8,85.6061,56.11,,,,,75,8.18737152,,
57:06.0,,,,,,,,,,
57:06.9,,,,,,,,,,
57:07.2,,,1.176604114,1.104684717,,,,,,
57:07.2,,,1.176605251,1.104684657,,,,,,
57:07.2,,,1.176605444,1.104684647,,,,,,
57:07.2,,,1.176605625,1.104684638,,,,,,
57:07.2,,,1.176607807,1.104684519,,,,,,
57:07.2,,,1.176608752,1.104684469,,,,,,
57:07.2,,,,,5228.632813,,,,,
57:07.2,,,,,,22.85449219,,,,
57:07.2,,,1.176608888,1.104684462,,,,,,
57:07.2,,,1.176609618,1.104684423,,,,,,
57:07.2,,,1.176610319,1.104684386,,,,,,
57:07.3,,,1.176611029,1.104684348,,,,,,
57:07.4,,,,,4979.020508,,,,,
57:07.4,,,,,,17.11328125,,,,
57:07.9,,,,,,,,,,
57:08.9,,,,,,,,,,
57:09.4,,,1.174979929,1.099273033,,,,,,
57:09.4,,,1.174979996,1.099273027,,,,,,
57:09.4,,,1.174980246,1.099273004,,,,,,
57:09.4,,,,,6140.235352,,,,,
57:09.4,,,,,,28.96972656,,,,
57:09.4,,,1.174980484,1.099272981,,,,,,
57:09.4,,,1.174980713,1.09927296,,,,,,
57:09.5,,,1.174980926,1.09927294,,,,,,
57:09.5,,,1.174981408,1.099272895,,,,,,
57:09.5,,,1.174981628,1.099272875,,,,,,
57:09.5,,,1.174981659,1.099272872,,,,,,
57:09.5,,,1.17498183,1.099272856,,,,,,
57:09.6,,,,,6672.073242,,,,,
57:09.6,,,,,,16.73730469,,,,
57:09.6,85.6061,56.09,,,,,95.8,8.18737152,,
57:09.6,,,,,6938.924805,,,,,
57:09.6,,,,,,36.65429688,,,,
57:09.9,,,,,,,,,,
57:10.9,,,,,,,,,,
57:11.4,,,1.179589642,1.097503984,,,,,,
57:11.4,,,1.179589778,1.097503968,,,,,,
57:11.4,,,1.179589823,1.097503962,,,,,,
57:11.5,,,1.179589827,1.097503962,,,,,,
57:11.5,,,1.179589869,1.097503957,,,,,,
57:11.5,,,1.179589909,1.097503952,,,,,,
57:11.5,,,1.179589947,1.097503948,,,,,,
57:11.5,,,1.179589983,1.097503943,,,,,,
57:11.5,,,1.17959002,1.097503939,,,,,,
57:11.5,,,1.180011104,1.096826815,,,,,,
57:11.7,,,,,6991.107422,,,,,
57:11.7,,,,,,47.15527344,,,,
57:11.7,,,,,,29.75585938,,,,
57:11.7,,,,,8001.742188,,,,,
57:12.0,,,,,,,,,,
57:12.9,,,,,,,,,,
57:13.7,,,1.173877544,1.097757753,,,,,,
57:13.7,,,1.173877544,1.097757753,,,,,,
57:13.7,,,1.173877544,1.097757753,,,,,,
57:13.7,,,1.173877544,1.097757753,,,,,,
57:13.7,,,1.173877549,1.097757752,,,,,,
57:13.7,,,1.174452953,1.098818038,,,,,,
57:13.7,,,1.174452962,1.09881804,,,,,,
57:13.7,,,1.174452971,1.098818042,,,,,,
57:13.8,,,1.17445298,1.098818045,,,,,,
57:13.8,,,1.17445299,1.098818047,,,,,,
57:13.9,,,,,6755.895508,,,,,
57:13.9,,,,,,16.15136719,,,,
57:14.0,85.6061,56.31,,,,,96.2,8.18737152,,
57:14.0,,,,,,,,,,
57:14.7,85.6061,56.31,,,,,100,8.18737152,,
57:14.7,,,,,6995.251953,,,,,
57:14.7,,,,,,19.02148438,,,,
57:14.9,,,,,,,,,,
57:16.0,,,,,,,,,,
57:16.3,,,1.179200469,1.09380782,,,,,,
57:16.3,,,1.179200474,1.093807811,,,,,,
57:16.3,,,1.17920048,1.093807801,,,,,,
57:16.4,,,1.179200496,1.093807772,,,,,,
57:16.4,,,1.179200498,1.093807769,,,,,,
57:16.4,,,1.179200502,1.093807762,,,,,,
57:16.4,,,1.179200506,1.093807755,,,,,,
57:16.4,,,1.179200515,1.093807739,,,,,,
57:16.4,,,1.179200514,1.093807741,,,,,,
57:16.4,,,1.179200524,1.093807723,,,,,,
57:16.5,,,,,7563.822266,,,,,
57:16.5,,,,,,43.00195313,,,,
57:16.7,,,,,7239.032227,,,,,
57:16.7,,,,,,53.6875,,,,
57:17.0,,,,,,,,,,
57:17.2,,,,,,,,,/IP_10_3_0_8/move_camera,2310
57:18.3,,,,,,,,,,
57:19.0,,,,,,,,,,
57:19.6,,,1.020100683,0.99846083,,,,,,
57:19.6,,,,,7449.53125,,,,,
57:19.6,,,,,,17.60253906,,,,
57:19.6,,,0.995208331,0.980605231,,,,,,
57:19.6,,,0.969273387,0.961815071,,,,,,
57:19.6,,,0.960262115,0.955255264,,,,,,
57:19.6,,,0.950695312,0.948271339,,,,,,
57:19.7,,,0.922644963,0.927719475,,,,,,
57:19.7,,,0.893599886,0.906242813,,,,,,
57:19.7,,,0.883664239,0.898867579,,,,,,
57:19.7,,,0.863352309,0.883767052,,,,,,
57:19.7,,,0.84276823,0.868408726,,,,,,
57:19.9,,,,,7039.03125,,,,,
57:19.9,,,,,,38.82421875,,,,
57:19.9,,,,,,47.29882813,,,,
57:19.9,85.6061,55.99,,,,,96.4,8.18737152,,
57:19.9,,,,,7530.272461,,,,,
57:19.9,,,,,7479.779297,,,,,
57:19.9,,,,,,39.89453125,,,,
57:20.4,,,,,,,,,,
57:20.9,,,,,,,,,,
57:21.6,,,0.337412747,0.063741848,,,,,,
57:21.7,,,0.3306387,0.056065844,,,,,,
57:21.7,,,0.31737041,0.041177756,,,,,,
57:21.7,,,0.304067299,0.026565904,,,,,,
57:21.7,,,0.290938809,0.012414365,,,,,,
57:21.7,,,0.278300857,-0.001041955,,,,,,
57:21.7,,,0.26005138,-0.020292841,,,,,,
57:21.7,,,0.248597682,-0.032196516,,,,,,
57:21.7,,,0.237461244,-0.043753584,,,,,,
57:21.7,,,0.226924297,-0.054687479,,,,,,
57:21.8,,,,,6413.087891,,,,,
57:21.8,,,,,,28.04199219,,,,
57:21.9,,,,,7836.765625,,,,,
57:21.9,,,,,,27.68261719,,,,
57:21.9,,,,,,,,,,
57:23.0,,,,,,,,,,
57:24.0,,,,,,,,,,
57:24.2,,,0.001322894,-0.350761375,,,,,,
57:24.3,,,0.001333934,-0.350715827,,,,,,
57:24.3,,,0.001343129,-0.35067823,,,,,,
57:24.3,,,0.001345356,-0.350668424,,,,,,
57:24.3,,,0.001353979,-0.350633288,,,,,,
57:24.3,,,0.001361863,-0.350601143,,,,,,
57:24.3,,,0.00136969,-0.350569253,,,,,,
57:24.3,,,0.001396152,-0.350464273,,,,,,
57:24.3,,,0.00138923,-0.350489816,,,,,,
57:24.3,,,0.001390702,-0.350482633,,,,,,
57:24.4,,,,,10185.49121,,,,,
57:24.4,,,,,,25.77539063,,,,
57:24.6,85.6061,56.2,,,,,97.4,8.18737152,,
57:24.6,,,,,7328.751953,,,,,
57:24.6,,,,,,29.609375,,,,
57:24.6,85.6061,56.2,,,,,100,8.18737152,,
57:25.0,,,,,,,,,,
57:25.4,,,,,,,,,/IP_10_3_0_8/move_robot,8230
57:25.7,,,,,,,,,/IP_10_3_0_8/rosping_service,4316
57:26.0,,,,,,,,,,
57:27.0,,,,,,,,,,
57:27.3,,,,,7059.729492,,,,,
57:27.3,,,,,,34.09375,,,,
57:27.4,,,,,5122.453125,,,,,
57:27.4,,,,,,59.9765625,,,,
57:27.8,,,0.008761898,-0.283093768,,,,,,
57:27.8,,,,,7153.382813,,,,,
57:27.8,,,,,,17.64160156,,,,
57:27.8,,,0.008761898,-0.283093176,,,,,,
57:27.8,,,0.008762069,-0.283087334,,,,,,
57:27.8,,,0.00876229,-0.283080094,,,,,,
57:27.9,,,,,,,,,/IP_10_3_0_8/move_camera,2410
57:27.9,,,0.008762649,-0.28306864,,,,,,
57:27.9,,,0.00876261,-0.283069522,,,,,,
57:27.9,,,0.0087628,-0.283063285,,,,,,
57:27.9,,,0.008762981,-0.283057371,,,,,,
57:28.0,,,,,,,,,,
57:28.0,,,0.008763049,-0.283054981,,,,,,
57:28.0,,,0.008763245,-0.283048508,,,,,,
57:28.9,,,,,,,,,/IP_10_3_0_8/object_detection,1054
57:28.9,,,,,,,,,,
57:29.6,,,0.008893876,-0.286374335,,,,,,
57:29.6,,,0.008893895,-0.286373656,,,,,,
57:29.6,,,0.008893913,-0.286373015,,,,,,
57:29.7,,,0.008893938,-0.286372118,,,,,,
57:29.7,,,0.008893961,-0.286371285,,,,,,
57:29.7,,,0.008893968,-0.286371023,,,,,,
57:29.7,,,,,,29.46582031,,,,
57:29.7,,,,,6318.90625,,,,,
57:29.7,,,0.008893982,-0.286370523,,,,,,
57:29.7,,,0.00889402,-0.286369249,,,,,,
57:29.7,,,0.008894032,-0.286368806,,,,,,
57:29.7,,,0.008894044,-0.286368389,,,,,,
57:29.9,,,,,5667.401367,,,,,
57:29.9,,,,,,23.90136719,,,,
57:29.9,85.6061,55.67,,,,,97.7,8.18737152,,
57:29.9,,,,,5087.230469,,,,,
57:29.9,,,,,,27.63964844,,,,
57:29.9,,,,,,,,,,
57:30.9,,,,,,,,,,
57:31.3,,,,,,,,,/IP_10_3_0_8/move_camera,2360
57:31.9,,,,,,,,,,
57:32.1,,,0.004289767,-0.297602103,,,,,,
57:32.1,,,0.004289768,-0.297602052,,,,,,
57:32.1,,,0.010016747,-0.291496006,,,,,,
57:32.2,,,0.010016769,-0.291495578,,,,,,
57:32.2,,,0.010016772,-0.291495508,,,,,,
57:32.2,,,0.010016779,-0.291495373,,,,,,
57:32.2,,,0.010016785,-0.291495252,,,,,,
57:32.2,,,0.010016791,-0.291495129,,,,,,
57:32.2,,,0.010016806,-0.291494841,,,,,,
57:32.2,,,0.010016837,-0.291494231,,,,,,
57:32.4,,,,,5625.697266,,,,,
57:32.4,,,,,,16.60449219,,,,
57:32.5,,,,,5898.164063,,,,,
57:32.5,,,,,,36.46875,,,,
57:33.0,,,,,,,,,,
57:34.0,,,,,,,,,,
57:34.9,,,0.010490763,-0.33138537,,,,,,
57:34.9,,,0.010413382,-0.33326747,,,,,,
57:34.9,,,0.010300231,-0.335960033,,,,,,
57:34.9,,,0.009945892,-0.34412357,,,,,,
57:34.9,,,,,,,,,,
57:35.2,85.6061,55.86,,,,,97.1,8.18737152,,
57:35.2,,,,,5502.507813,,,,,
57:35.2,,,,,,34.44433594,,,,
57:35.2,85.6061,55.86,,,,,90,8.18737152,,
57:35.2,,,,,5176.588867,,,,,
57:35.2,,,,,,43.73242188,,,,
57:35.6,,,0.009562019,-0.352263354,,,,,,
57:35.6,,,,,5360.268555,,,,,
57:35.6,,,,,,24.55957031,,,,
57:35.6,,,0.009429639,-0.35487343,,,,,,
57:35.6,,,0.009156382,-0.360096141,,,,,,
57:35.6,,,0.008863029,-0.36529817,,,,,,
57:35.6,,,0.008548088,-0.370646242,,,,,,
57:35.7,,,0.008218205,-0.375892774,,,,,,
57:36.0,,,,,,,,,,
57:37.0,,,,,,,,,,
57:37.3,,,-0.000466703,-0.523080733,,,,,,
57:37.3,,,-0.000455952,-0.525000295,,,,,,
57:37.3,,,-0.000445384,-0.526556632,,,,,,
57:37.3,,,-0.000425297,-0.530065963,,,,,,
57:37.3,,,-0.000423371,-0.532477852,,,,,,
57:37.4,,,-0.000427723,-0.533727911,,,,,,
57:37.4,,,-0.000435141,-0.535236989,,,,,,
57:37.4,,,-0.000447823,-0.536582243,,,,,,
57:37.4,,,-0.000472107,-0.538464856,,,,,,
57:37.4,,,-0.000496896,-0.539772287,,,,,,
57:37.4,,,,,6560.459961,,,,,
57:37.4,,,,,,29.76269531,,,,
57:37.6,,,,,5549.995117,,,,,
57:37.6,,,,,,18.10351563,,,,
57:37.9,,,,,,,,,,
57:38.9,,,,,,,,,,
57:39.4,,,,,5838.853516,,,,,
57:39.4,,,,,,20.31152344,,,,
57:39.4,,,0.002517546,-0.590895172,,,,,,
57:39.4,,,0.002501669,-0.591430247,,,,,,
57:39.5,,,0.002498084,-0.591534403,,,,,,
57:39.5,,,0.002479973,-0.592055358,,,,,,
57:39.5,,,0.002461652,-0.592528946,,,,,,
57:39.5,,,0.002444549,-0.592928019,,,,,,
57:39.5,,,0.002427042,-0.593313058,,,,,,
57:39.5,,,0.002413615,-0.593596136,,,,,,
57:39.6,,,0.002392698,-0.593998516,,,,,,
57:39.6,,,0.002373611,-0.594353757,,,,,,
57:39.7,,,,,7642.232422,,,,,
57:39.7,,,,,,18.19921875,,,,
57:39.7,85.6061,55.41,,,,,97.7,8.18737152,,
57:39.7,,,,,7128.548828,,,,,
57:39.7,,,,,,29.55273438,,,,
57:39.9,,,,,,,,,,
57:40.9,,,,,,,,,,
57:41.5,,,-0.003459023,-0.628054473,,,,,,
57:41.5,,,-0.003468963,-0.628356877,,,,,,
57:41.5,,,-0.003477362,-0.628593377,,,,,,
57:41.6,,,-0.003485878,-0.628891647,,,,,,
57:41.6,,,-0.003498303,-0.629406988,,,,,,
57:41.6,,,-0.003511424,-0.629811281,,,,,,
57:41.6,,,-0.003532228,-0.630522966,,,,,,
57:41.6,,,-0.003547045,-0.63098193,,,,,,
57:41.6,,,-0.003563456,-0.631513388,,,,,,
57:41.6,,,-0.003581184,-0.632040475,,,,,,
57:41.8,,,,,7557.033203,,,,,
57:41.8,,,,,,17.67480469,,,,
57:41.8,,,,,8386.007813,,,,,
57:41.8,,,,,,35.82617188,,,,
57:41.9,,,,,,,,,,
57:42.9,,,,,,,,,,
57:43.5,,,0.005812539,-0.642450931,,,,,,
57:43.6,,,0.005812632,-0.642447058,,,,,,
57:43.6,,,0.005812715,-0.642443614,,,,,,
57:43.6,,,0.005812789,-0.642440521,,,,,,
57:43.6,,,0.005812984,-0.642432518,,,,,,
57:43.6,,,0.005813052,-0.642429703,,,,,,
57:43.6,,,0.00581307,-0.642428886,,,,,,
57:43.6,,,0.005813132,-0.642426325,,,,,,
57:43.6,,,0.005813191,-0.642423848,,,,,,
57:43.6,,,0.005813248,-0.642421478,,,,,,
57:43.6,,,,,7673.228516,,,,,
57:43.6,,,,,,49.85253906,,,,
57:43.8,,,,,8248.608398,,,,,
57:43.8,,,,,,31.19726563,,,,
57:43.8,85.6061,55.11,,,,,98.2,8.18737152,,
57:43.8,85.6061,55.11,,,,,90,8.18737152,,
57:43.9,,,,,,,,,,
57:44.9,,,,,,,,,,
57:45.9,,,,,,,,,,
57:46.1,,,0.005434237,-0.728789197,,,,,,
57:46.1,,,0.005481775,-0.743514483,,,,,,
57:46.2,,,0.00551783,-0.750691409,,,,,,
57:46.2,,,0.005568686,-0.7574738,,,,,,
57:46.2,,,0.005686821,-0.767826783,,,,,,
57:46.2,,,0.005793364,-0.775109273,,,,,,
57:46.2,,,0.005911263,-0.781906965,,,,,,
57:46.2,,,0.006024901,-0.788677006,,,,,,
57:46.3,,,0.006135118,-0.795787663,,,,,,
57:46.3,,,0.006232597,-0.802748719,,,,,,
57:46.5,,,,,8559.978516,,,,,
57:46.5,,,,,,17.24902344,,,,
57:46.5,,,,,6610.305664,,,,,
57:46.5,,,,,,16.9453125,,,,
57:46.9,,,,,,,,,,
57:47.9,,,,,,,,,,
57:48.6,,,-0.014812691,-0.992838765,,,,,,
57:48.6,,,-0.014865435,-0.994983279,,,,,,
57:48.7,,,-0.004272133,-1.003779027,,,,,,
57:48.7,,,-0.004346128,-1.00687125,,,,,,
57:48.7,,,-0.004403424,-1.008985897,,,,,,
57:48.7,,,-0.004460467,-1.010807699,,,,,,
57:48.7,,,,,6369.344727,,,,,
57:48.7,,,,,,17.67480469,,,,
57:48.7,,,-0.004532422,-1.012816237,,,,,,
57:48.7,,,-0.004603875,-1.014728374,,,,,,
57:48.7,,,-0.004681681,-1.016725171,,,,,,
57:48.7,,,-0.004763899,-1.018713673,,,,,,
57:48.9,,,,,7673.210938,,,,,
57:48.9,,,,,,30.49316406,,,,
57:48.9,,,,,7602.171875,,,,,
57:48.9,,,,,,18.92871094,,,,
57:48.9,,,,,,,,,,
57:49.9,,,,,,,,,,
57:51.0,,,,,,,,,,
57:51.2,,,-0.007527552,-1.110162653,,,,,,
57:51.2,,,-0.007526861,-1.11054513,,,,,,
57:51.2,,,-0.007525318,-1.110917819,,,,,,
57:51.2,,,-0.007523493,-1.11121129,,,,,,
57:51.2,,,-0.007520087,-1.111562951,,,,,,
57:51.2,,,-0.007512855,-1.112088415,,,,,,
57:51.2,,,-0.007509467,-1.112320218,,,,,,
57:51.3,,,-0.007500354,-1.112793721,,,,,,
57:51.3,,,-0.007491215,-1.113207736,,,,,,
57:51.3,,,-0.007484663,-1.113531917,,,,,,
57:51.5,85.6061,54.85,,,,,98.2,8.18737152,,
57:51.5,,,,,6227.579102,,,,,
57:51.5,,,,,,36.75292969,,,,
57:51.5,,,,,6743.298828,,,,,
57:51.5,,,,,,42.15625,,,,
57:51.9,,,,,,,,,,
57:53.0,,,,,,,,,,
57:54.0,,,,,,,,,,
57:54.3,,,-0.003479457,-1.126943833,,,,,,
57:54.3,,,-0.003481405,-1.127087633,,,,,,
57:54.4,,,-0.003481246,-1.127077273,,,,,,
57:54.4,,,-0.003479456,-1.126942206,,,,,,
57:54.4,,,,,6930.460938,,,,,
57:54.4,,,,,,29.84863281,,,,
57:54.4,,,-0.003478979,-1.126904642,,,,,,
57:54.5,,,-0.00347893,-1.126900352,,,,,,
57:54.5,,,-0.003478878,-1.126895767,,,,,,
57:54.5,,,-0.003478864,-1.126894409,,,,,,
57:54.5,,,-0.003478816,-1.126890232,,,,,,
57:54.5,,,-0.003478706,-1.126880897,,,,,,
57:54.6,85.6061,55.3,,,,,97.4,8.18737152,,
57:54.6,,,,,7805.616211,,,,,
57:54.6,,,,,,17.74902344,,,,
57:54.6,85.6061,55.3,,,,,100,8.18737152,,
57:54.6,,,,,6746.430664,,,,,
57:54.6,,,,,,17.71972656,,,,
57:55.0,,,,,,,,,,
57:55.4,,,,,,,,,/IP_10_3_0_8/trolley_docking_service,24116
57:55.6,,,,,,,,,/IP_10_3_0_8/rosping_service,13410
57:56.0,,,,,,,,,,
57:57.0,,,,,,,,,,
57:57.1,,,0.010991077,-1.124157852,,,,,,
57:57.1,,,0.010991106,-1.124155921,,,,,,
57:57.2,,,0.005846887,-1.141487181,,,,,,
57:57.2,,,,,6245.580078,,,,,
57:57.2,,,,,,18.83691406,,,,
57:57.2,,,0.005846888,-1.141486695,,,,,,
57:57.2,,,0.005846888,-1.141486258,,,,,,
57:57.2,,,0.005846889,-1.141485843,,,,,,
57:57.2,,,0.00584689,-1.141485448,,,,,,
57:57.2,,,0.005846891,-1.141485073,,,,,,
57:57.2,,,0.005846895,-1.141484224,,,,,,
57:57.2,,,0.005846898,-1.141483354,,,,,,
57:57.5,,,,,6429.004883,,,,,
57:57.5,,,,,,27.26953125,,,,
57:57.5,,,,,6790.134766,,,,,
57:57.5,,,,,,28.45703125,,,,
57:58.0,,,,,,,,,,
57:58.9,,,,,,,,,,
57:59.7,,,0.003452665,-1.130317572,,,,,,
57:59.8,,,0.003452688,-1.130317414,,,,,,
57:59.8,,,0.00345271,-1.130317273,,,,,,
57:59.8,,,0.003452732,-1.130317129,,,,,,
57:59.8,,,,,8349.858398,,,,,
57:59.8,,,,,,34.47363281,,,,
57:59.8,,,0.003452753,-1.130316986,,,,,,
57:59.8,,,0.003452803,-1.130316658,,,,,,
57:59.8,,,0.003452841,-1.130316407,,,,,,
57:59.8,,,0.00345283,-1.130316482,,,,,,
57:59.8,,,0.003452846,-1.130316376,,,,,,
57:59.8,,,0.003452862,-1.130316267,,,,,,
58:00.0,,,,,,,,,,
58:00.1,,,,,9117.979492,,,,,
58:00.1,,,,,,28.94433594,,,,
58:01.0,,,,,,,,,,
58:01.0,85.6061,54.79,,,,,95.7,8.18737152,,
58:01.0,,,,,7947.580078,,,,,
58:01.0,,,,,,42.56152344,,,,
58:02.0,,,,,,,,,,
58:02.5,,,0.005361173,-1.123963496,,,,,,
58:02.5,,,0.005361261,-1.123963409,,,,,,
58:02.5,,,0.005361304,-1.123963366,,,,,,
58:02.6,,,0.005361311,-1.123963359,,,,,,
58:02.6,,,0.005361319,-1.123963351,,,,,,
58:02.6,,,0.00536139,-1.12396328,,,,,,
58:02.6,,,0.005361407,-1.123963263,,,,,,
58:02.6,,,0.005361412,-1.123963258,,,,,,
58:02.6,,,0.005361439,-1.123963232,,,,,,
58:02.6,,,0.005361467,-1.123963205,,,,,,
58:02.6,,,,,8692.37207,,,,,
58:02.6,,,,,,17.69335938,,,,
58:02.8,,,,,7811.355469,,,,,
58:02.8,,,,,,22.86523438,,,,
58:02.8,,,,,7809.147461,,,,,
58:02.8,,,,,,16.8828125,,,,
58:03.3,,,,,,,,,,
58:04.0,,,,,,,,,,
58:05.0,,,,,,,,,,
58:05.2,,,0.010729653,-1.132111499,,,,,,
58:05.2,,,0.010729664,-1.132111503,,,,,,
58:05.3,,,0.010729701,-1.132111515,,,,,,
58:05.3,,,0.010729737,-1.132111526,,,,,,
58:05.3,,,0.010729772,-1.132111537,,,,,,
58:05.3,,,0.010729872,-1.132111567,,,,,,
58:05.3,,,0.010729878,-1.132111569,,,,,,
58:05.3,,,0.010729911,-1.132111579,,,,,,
58:05.3,,,0.010729936,-1.132111587,,,,,,
58:05.3,,,0.010729992,-1.132111605,,,,,,
58:05.4,,,,,7240.203125,,,,,
58:05.4,,,,,,28.64355469,,,,
58:05.4,82.7273,55.32,,,,,96.7,8.18737152,,
58:05.4,82.7273,55.32,,,,,75,8.18737152,,
58:05.5,,,,,,17.60546875,,,,
58:05.5,,,,,7731.334961,,,,,
58:06.0,,,,,,,,,,
58:07.0,,,,,,,,,,
58:07.2,,,,,,,,,/IP_10_3_0_8/grab_trolley,11756
58:08.0,,,-0.014426786,-1.129087471,,,,,,
58:08.0,,,,,,,,,,
58:08.1,,,-0.014426852,-1.129087478,,,,,,
58:08.1,,,-0.014426845,-1.129087478,,,,,,
58:08.1,,,-0.014426853,-1.129087478,,,,,,
58:08.1,,,-0.014426859,-1.129087479,,,,,,
58:08.1,,,-0.014426866,-1.12908748,,,,,,
58:08.1,,,-0.014426923,-1.129087487,,,,,,
58:08.2,,,,,8017.396484,,,,,
58:08.2,,,,,,41.12402344,,,,
58:08.3,,,,,8058.226563,,,,,
58:08.3,,,,,,35.1875,,,,
58:08.9,,,-0.014426775,-1.129087469,,,,,,
58:08.9,,,,,8560.825195,,,,,
58:08.9,,,,,,34.64550781,,,,
58:09.0,,,-0.01442679,-1.129087471,,,,,,
58:09.0,,,,,,,,,,
58:09.0,,,-0.014426809,-1.129087473,,,,,,
58:09.6,,,,,,,,,/IP_10_3_0_8/move_camera,2462
58:10.0,,,,,,,,,,
58:10.7,,,0.001714329,-1.09760245,,,,,,
58:10.7,,,0.001814018,-1.088251084,,,,,,
58:10.8,,,0.001923437,-1.078793137,,,,,,
58:10.8,,,0.002034347,-1.06936311,,,,,,
58:10.8,,,0.002148692,-1.059711488,,,,,,
58:10.8,,,0.002270133,-1.050151524,,,,,,
58:10.8,,,0.002400659,-1.040364271,,,,,,
58:10.8,,,0.00260317,-1.02612816,,,,,,
58:10.9,,,0.002744206,-1.016685013,,,,,,
58:10.9,,,,,9486.552734,,,,,
58:10.9,,,,,,17.16210938,,,,
58:10.9,,,0.002887749,-1.007402383,,,,,,
58:11.2,82.7273,55.54,,,,,96,8.18737152,,
58:11.2,,,,,8992.980469,,,,,
58:11.2,,,,,,16.09375,,,,
58:11.2,,,,,8718.355469,,,,,
58:11.2,,,,,,23.59375,,,,
58:11.3,,,,,,,,,,
58:11.8,,,,,,,,,/IP_10_3_0_8/reverse_robot,2160
58:12.3,,,,,,,,,,
58:12.9,,,,,,,,,,
58:13.2,,,0.016646301,-0.744820493,,,,,,
58:13.2,,,0.018406306,-0.734133402,,,,,,
58:13.3,,,-0.00282785,-0.646862157,,,,,,
58:13.3,,,-0.002086275,-0.634330136,,,,,,
58:13.3,,,-0.000896677,-0.621032994,,,,,,
58:13.3,,,0.00061397,-0.607247047,,,,,,
58:13.3,,,0.002866179,-0.591048846,,,,,,
58:13.3,,,0.0052148,-0.577499572,,,,,,
58:13.3,,,0.008420674,-0.561717046,,,,,,
58:13.4,,,0.014058616,-0.538139564,,,,,,
58:13.5,,,,,8077.042969,,,,,
58:13.5,,,,,,30.84667969,,,,
58:13.5,,,,,6336.427734,,,,,
58:13.5,,,,,,35.31640625,,,,
58:13.9,,,,,,,,,,
58:15.0,,,,,,,,,,
58:15.9,,,0.304047431,-0.144460526,,,,,,
58:15.9,,,0.294145961,-0.14955292,,,,,,
58:15.9,,,0.286064658,-0.153468051,,,,,,
58:15.9,,,0.279888379,-0.156208927,,,,,,
58:15.9,,,,,,,,,,
58:16.1,,,0.244984137,-0.169116037,,,,,,
58:16.1,,,0.232227988,-0.172792148,,,,,,
58:16.2,,,,,7976.162109,,,,,
58:16.2,,,,,,43.40527344,,,,
58:16.2,,,,,7308.898438,,,,,
58:16.2,,,,,,30.9375,,,,
58:16.8,85.6061,55.66,,,,,96,8.18737152,,
58:16.8,,,0.273158002,-0.159038657,,,,,,
58:16.8,,,,,8411.94043,,,,,
58:16.8,,,,,,46.328125,,,,
58:16.9,85.6061,55.66,,,,,100,8.18737152,,
58:16.9,,,0.266392043,-0.161708661,,,,,,
58:16.9,,,0.259606843,-0.164246281,,,,,,
58:16.9,,,,,,,,,,
58:17.0,,,0.249653949,-0.167676639,,,,,,
58:17.9,,,,,,,,,,
58:18.4,,,0.034042282,-0.01395844,,,,,,
58:18.4,,,0.013975693,-0.013173285,,,,,,
58:18.4,,,0.012114536,-0.012965638,,,,,,
58:18.4,,,0.011907972,-0.012944217,,,,,,
58:18.4,,,0.01191302,-0.012944692,,,,,,
58:18.5,,,0.01193454,-0.012946771,,,,,,
58:18.5,,,0.011957547,-0.01294898,,,,,,
58:18.5,,,0.011977885,-0.012950945,,,,,,
58:18.5,,,0.011997453,-0.012952823,,,,,,
58:18.5,,,,,7039.838867,,,,,
58:18.5,,,,,,17.96679688,,,,
58:18.5,,,0.012016109,-0.012954613,,,,,,
58:18.6,,,,,7307.737305,,,,,
58:18.6,,,,,,17.74804688,,,,
58:18.7,,,,,,,,,/IP_10_3_0_8/move_robot,6882
58:18.8,,,,,,,,,/IP_10_3_0_8/rosping_service,6637
58:18.9,,,,,,,,,,
58:20.0,,,,,,,,,,
58:20.6,,,,,5605.628906,,,,,
58:20.6,,,,,,24.91308594,,,,
58:20.6,,,-0.017940666,-0.009839452,,,,,,
58:20.6,,,-0.017936961,-0.009839777,,,,,,
58:20.6,,,-0.017933479,-0.009840083,,,,,,
58:20.6,,,-0.01792351,-0.009840957,,,,,,
58:20.6,,,-0.017920309,-0.009841238,,,,,,
58:20.7,,,-0.017920669,-0.009841207,,,,,,
58:20.7,,,-0.017917918,-0.009841449,,,,,,
58:20.7,,,-0.017915301,-0.009841678,,,,,,
58:20.7,,,-0.017912809,-0.009841897,,,,,,
58:20.7,,,-0.017910435,-0.009842105,,,,,,
58:20.8,85.6061,55.75,,,,,96.4,8.18737152,,
58:20.8,,,,,7246.319336,,,,,
58:20.8,,,,,,35.21289063,,,,
58:20.8,,,,,5930.348633,,,,,
58:20.8,,,,,,17.125,,,,
58:20.9,,,,,,,,,,
58:21.9,,,,,,,,,,
58:22.8,,,-0.017202353,-0.006077199,,,,,,
58:22.9,,,-0.01720213,-0.006077218,,,,,,
58:22.9,,,-0.017201893,-0.006077239,,,,,,
58:23.0,,,-0.017201718,-0.006077255,,,,,,
58:23.0,,,,,,,,,,
58:23.8,,,-0.017200741,-0.006077337,,,,,,
58:23.8,,,,,7796.055664,,,,,
58:23.8,,,,,,32.69824219,,,,
58:23.8,,,-0.017199712,-0.006077424,,,,,,
58:23.8,,,-0.020495019,-0.005976529,,,,,,
58:23.9,,,,,7305.522461,,,,,
58:23.9,,,,,,42.22949219,,,,
58:23.9,,,-0.020494347,-0.005976585,,,,,,
58:23.9,,,-0.020493722,-0.005976638,,,,,,
58:23.9,,,,,,,,,,
58:23.9,,,-0.020493123,-0.005976688,,,,,,
58:24.9,,,,,,,,,,
58:25.1,,,-0.020488739,-0.006791328,,,,,,
58:25.1,,,-0.02048865,-0.006791336,,,,,,
58:25.1,,,-0.02048856,-0.006791344,,,,,,
58:25.1,,,-0.020488436,-0.006791356,,,,,,
58:25.1,,,-0.020488332,-0.006791365,,,,,,
58:25.1,,,-0.020488294,-0.006791369,,,,,,
58:25.1,,,-0.020488231,-0.006791375,,,,,,
58:25.2,,,,,6765.470703,,,,,
58:25.2,,,,,,28.56835938,,,,
58:25.2,85.6061,55.79,,,,,95.6,8.18737152,,
58:25.2,85.6061,55.79,,,,,100,8.18737152,,
58:25.3,,,,,7525.541016,,,,,
58:25.3,,,,,,22.80078125,,,,
58:25.6,,,-0.020489579,-0.006791251,,,,,,
58:25.6,,,-0.020489238,-0.006791282,,,,,,
58:25.8,,,-0.020488647,-0.006791335,,,,,,
58:26.0,,,,,,,,,,
58:26.9,,,,,,,,,,
58:27.4,,,-0.020593681,-0.004762516,,,,,,
58:27.4,,,-0.020593667,-0.004762517,,,,,,
58:27.5,,,-0.020593654,-0.004762518,,,,,,
58:27.5,,,-0.020328717,-0.013623921,,,,,,
58:27.5,,,-0.020328528,-0.013623981,,,,,,
58:27.6,,,-0.020328451,-0.013624005,,,,,,
58:27.6,,,-0.020328416,-0.013624016,,,,,,
58:27.6,,,-0.020328352,-0.013624036,,,,,,
58:27.6,,,,,7070.270508,,,,,
58:27.6,,,,,,16.8828125,,,,
58:27.6,,,-0.020328285,-0.013624057,,,,,,
58:27.6,,,-0.020328222,-0.013624077,,,,,,
58:27.7,,,,,5515.37793,,,,,
58:27.7,,,,,,15.38867188,,,,
58:27.9,,,,,,,,,,
58:29.0,,,,,,,,,,
58:29.9,,,,,7231.264648,,,,,
58:29.9,,,,,,29.69433594,,,,
58:29.9,,,0.010188989,-0.009262493,,,,,,
58:30.0,,,,,,,,,,
58:30.1,,,0.019375202,-0.010077989,,,,,,
58:30.1,,,0.02883602,-0.010925172,,,,,,
58:30.1,,,0.03830731,-0.011791462,,,,,,
58:30.1,,,0.048056894,-0.012684823,,,,,,
58:30.1,,,0.057647562,-0.013561086,,,,,,
58:30.1,,,0.073773332,-0.01503566,,,,,,
58:30.1,,,0.091747897,-0.016667178,,,,,,
58:30.2,,,0.101497248,-0.017547526,,,,,,
58:30.2,,,0.113872261,-0.018662575,,,,,,
58:30.3,,,,,7270.94043,,,,,
58:30.3,,,,,,15.16796875,,,,
58:30.3,85.6061,56.37,,,,,95.6,8.18737152,,
58:30.3,,,,,,38.94433594,,,,
58:30.3,,,,,7023.436523,,,,,
58:30.9,,,,,,,,,/IP_10_3_0_8/reverse_robot,2262
58:31.0,,,,,,,,,,
58:31.9,,,,,,,,,,
58:32.7,,,0.401516419,-0.028402609,,,,,,
58:32.7,,,0.390193433,-0.028157704,,,,,,
58:32.7,,,0.371066061,-0.028104689,,,,,,
58:32.7,,,0.350616389,-0.02839103,,,,,,
58:32.8,,,0.343446318,-0.028599663,,,,,,
58:32.8,,,0.328715669,-0.029125896,,,,,,
58:32.8,,,0.31289953,-0.029923642,,,,,,
58:32.8,,,0.296820867,-0.031010508,,,,,,
58:32.8,,,0.280641667,-0.032359677,,,,,,
58:32.8,,,0.265446499,-0.03391676,,,,,,
58:32.9,,,,,,42.29101563,,,,
58:32.9,,,,,6759.782227,,,,,
58:32.9,,,,,,,,,,
58:33.3,,,,,6796.81543,,,,,
58:33.3,,,,,,34.55761719,,,,
58:33.3,,,,,5966.263672,,,,,
58:33.3,,,,,,27.10058594,,,,
58:33.9,,,,,,,,,,
58:34.8,,,0.057400667,-0.215917585,,,,,,
58:34.8,,,0.05528113,-0.219291676,,,,,,
58:34.8,,,0.053863432,-0.22167736,,,,,,
58:34.8,,,0.052103654,-0.224835529,,,,,,
58:34.9,,,0.051345302,-0.226281046,,,,,,
58:34.9,,,0.051206327,-0.226575636,,,,,,
58:34.9,,,0.051186725,-0.226610604,,,,,,
58:34.9,,,0.051172757,-0.226637629,,,,,,
58:34.9,,,0.051189665,-0.226599381,,,,,,
58:34.9,,,0.051206051,-0.2265626,,,,,,
58:35.0,85.6061,54.79,,,,,96.2,8.18737152,,
58:35.0,,,,,7859.427734,,,,,
58:35.0,,,,,,19.78417969,,,,
58:35.0,85.6061,54.79,,,,,85.7,8.18737152,,
58:35.0,,,,,,,,,,
58:35.1,,,,,9050.535156,,,,,
58:35.1,,,,,,18.77148438,,,,
58:36.0,,,,,,,,,,
58:37.0,,,,,,,,,,
58:37.4,,,0.019135211,-0.319115418,,,,,,
58:37.5,,,0.019135992,-0.319093915,,,,,,
58:37.5,,,0.019136009,-0.319093107,,,,,,
58:37.5,,,0.019136017,-0.319092798,,,,,,
58:37.5,,,0.019136265,-0.319085859,,,,,,
58:37.5,,,0.019136483,-0.319079752,,,,,,
58:37.6,,,0.029545893,-0.314798114,,,,,,
58:37.6,,,0.029546355,-0.314787632,,,,,,
58:37.6,,,0.029546797,-0.314777619,,,,,,
58:37.6,,,0.029547752,-0.314756028,,,,,,
58:37.7,,,,,,35.49121094,,,,
58:37.7,,,,,6911.238281,,,,,
58:37.7,,,,,,,,,/IP_10_3_0_8/move_robot,6778
58:37.8,,,,,,18.44335938,,,,
58:37.8,,,,,6725.349609,,,,,
58:37.9,,,,,,,,,/IP_10_3_0_8/rosping_service,2612
58:38.0,,,,,,,,,,
58:39.0,,,,,,,,,,
58:40.0,,,,,,,,,,
58:40.1,,,0.024329518,-0.315258128,,,,,,
58:40.1,,,,,,34.74511719,,,,
58:40.1,,,,,7416.619141,,,,,
58:40.2,,,0.024329681,-0.315254041,,,,,,
58:40.2,,,0.024329757,-0.315252149,,,,,,
58:40.2,,,0.024329829,-0.315250344,,,,,,
58:40.2,,,0.024329999,-0.315246113,,,,,,
58:40.3,,,0.024330071,-0.31524431,,,,,,
58:40.3,,,0.024330079,-0.315244102,,,,,,
58:40.3,,,0.024330136,-0.315242671,,,,,,
58:40.3,,,0.024330181,-0.315241518,,,,,,
58:40.3,,,0.024330187,-0.315241363,,,,,,
58:40.4,,,,,6649.662109,,,,,
58:40.4,,,,,,51.70605469,,,,
58:40.4,85.6061,55.17,,,,,96.4,8.18737152,,
58:40.4,,,,,7025.829102,,,,,
58:40.4,,,,,,29.17578125,,,,
58:41.0,,,,,,,,,,
58:42.0,,,,,,,,,,
58:42.5,,,0.014688292,-0.612477615,,,,,,
58:42.6,,,0.014243849,-0.623157456,,,,,,
58:42.6,,,0.013803437,-0.633470349,,,,,,
58:42.6,,,0.013185309,-0.647592614,,,,,,
58:42.6,,,0.012584079,-0.66049928,,,,,,
58:42.6,,,0.012383559,-0.664650763,,,,,,
58:42.6,,,0.011975059,-0.672931966,,,,,,
58:42.6,,,0.011572251,-0.680882999,,,,,,
58:42.6,,,,,7476.905273,,,,,
58:42.6,,,,,,16.71289063,,,,
58:42.6,,,0.011190017,-0.688157446,,,,,,
58:42.6,,,0.010813151,-0.695169435,,,,,,
58:42.9,,,,,8046.931641,,,,,
58:42.9,,,,,,20.25292969,,,,
58:42.9,,,,,9225.926758,,,,,
58:42.9,,,,,,19.07324219,,,,
58:42.9,,,,,,,,,,
58:44.0,,,,,,,,,,
58:44.9,,,,,,,,,,
58:45.3,,,0.007675346,-1.032086448,,,,,,
58:45.3,,,0.007429093,-1.035273846,,,,,,
58:45.3,,,0.007309023,-1.036846167,,,,,,
58:45.4,,,0.007190456,-1.038419809,,,,,,
58:45.4,,,0.00706026,-1.040217498,,,,,,
58:45.4,85.6061,55.17,,,,,99,8.18737152,,
58:45.4,,,,,9734.364258,,,,,
58:45.4,,,,,,36.41503906,,,,
58:45.4,85.6061,55.17,,,,,100,8.18737152,,
58:45.4,,,,,9088.610352,,,,,
58:45.4,,,,,,18.81933594,,,,
58:45.6,,,0.006975923,-1.041492995,,,,,,
58:45.7,,,0.006894802,-1.042795918,,,,,,
58:45.7,,,0.006826839,-1.043968242,,,,,,
58:45.7,,,0.005881897,-1.084177683,,,,,,
58:45.8,,,0.00582161,-1.085160697,,,,,,
58:46.0,,,,,,,,,,
58:47.0,,,,,,,,,,
58:47.9,,,-0.003946465,-1.137754125,,,,,,
58:48.0,,,-0.003955905,-1.13748753,,,,,,
58:48.0,,,,,,,,,,
58:48.1,,,-0.003961402,-1.137321485,,,,,,
58:48.1,,,,,9513.371094,,,,,
58:48.1,,,,,,34.19335938,,,,
58:48.1,,,-0.003960706,-1.137343127,,,,,,
58:48.1,,,-0.003962165,-1.137297046,,,,,,
58:48.1,,,-0.003965383,-1.137191572,,,,,,
58:48.1,,,-0.003969871,-1.137028987,,,,,,
58:48.1,,,-0.003972767,-1.136923314,,,,,,
58:48.1,,,-0.003977151,-1.136749857,,,,,,
58:48.1,,,-0.00398447,-1.136453586,,,,,,
58:48.2,,,,,8609.59668,,,,,
58:48.2,,,,,,43.44238281,,,,
58:48.2,,,-0.003987635,-1.136309562,,,,,,
58:48.2,,,,,8769.380859,,,,,
58:48.2,,,,,,29.328125,,,,
58:49.0,,,,,,,,,,
58:50.9,,,,,,,,,,
58:51.2,,,-0.01258893,-1.131284728,,,,,,
58:51.2,,,-0.012588654,-1.131279747,,,,,,
58:51.2,,,-0.01258865,-1.131279645,,,,,,
58:51.2,,,-0.012588637,-1.131279418,,,,,,
58:51.2,,,,,8942.573242,,,,,
58:51.2,,,,,,17.32226563,,,,
58:51.2,,,-0.012588553,-1.131277893,,,,,,
58:51.2,,,-0.012588395,-1.131275034,,,,,,
58:51.2,,,-0.012588428,-1.131275609,,,,,,
58:51.2,,,-0.012588365,-1.131274479,,,,,,
58:51.2,,,,,,,,,/IP_10_3_0_8/trolley_parking_service,13465
58:51.2,,,-0.012588306,-1.131273407,,,,,,
58:51.2,,,-0.01258825,-1.131272385,,,,,,
58:51.4,,,,,,,,,,
58:51.4,85.6061,54.68,,,,,97.8,8.18737152,,
58:51.4,,,,,8667.469727,,,,,
58:51.4,,,,,,16.70898438,,,,
58:51.4,,,,,7481.77832,,,,,
58:51.4,,,,,,21.71875,,,,
58:52.0,,,,,,,,,,
58:52.9,,,,,,,,,,
58:53.5,,,-0.004757391,-1.123995938,,,,,,
58:53.6,,,-0.004757385,-1.123995776,,,,,,
58:53.6,,,-0.004757378,-1.123995614,,,,,,
58:53.6,,,-0.004757375,-1.123995553,,,,,,
58:53.6,,,-0.004757371,-1.12399547,,,,,,
58:53.7,,,-0.00475736,-1.12399521,,,,,,
58:53.7,,,-0.004757348,-1.123994968,,,,,,
58:53.7,,,-0.004757345,-1.123994892,,,,,,
58:53.7,,,-0.004121247,-1.126925156,,,,,,
58:53.7,,,,,5507.696289,,,,,
58:53.7,,,,,,42.00976563,,,,
58:53.7,,,-0.004121241,-1.126925021,,,,,,
58:53.8,,,,,4113.207031,,,,,
58:53.8,,,,,,23.98339844,,,,
58:53.8,85.6061,54.89,,,,,96.8,8.18737152,,
58:53.9,85.6061,54.89,,,,,100,8.18737152,,
58:53.9,,,,,6023.782227,,,,,
58:53.9,,,,,,34.81542969,,,,
58:53.9,,,,,,,,,,
58:54.9,,,,,,,,,,
58:55.7,,,-0.019820943,-1.125757774,,,,,,
58:55.7,,,-0.019820973,-1.125757568,,,,,,
58:55.7,,,-0.019820975,-1.125757557,,,,,,
58:55.8,,,-0.019820984,-1.125757493,,,,,,
58:55.8,,,-0.019820986,-1.125757478,,,,,,
58:55.8,,,0.001910906,-1.120094591,,,,,,
58:55.8,,,0.001910942,-1.120094496,,,,,,
58:55.8,,,0.001910966,-1.120094431,,,,,,
58:55.8,,,0.00191098,-1.120094393,,,,,,
58:55.9,,,0.001910994,-1.120094356,,,,,,
58:55.9,,,,,,,,,,
58:56.7,,,,,6352.194336,,,,,
58:56.7,,,,,,42.52539063,,,,
58:56.7,,,,,6761.459961,,,,,
58:56.7,,,,,,36.00292969,,,,
58:56.9,,,,,,,,,,
58:57.8,,,0.000362896,-1.126804842,,,,,,
58:57.8,,,0.000362899,-1.126804836,,,,,,
58:57.9,,,0.000362904,-1.126804826,,,,,,
58:57.9,,,0.000362906,-1.126804821,,,,,,
58:57.9,,,,,,,,,,
58:58.1,,,,,6049.412109,,,,,
58:58.1,,,,,,16.81933594,,,,
58:58.1,,,,,6276.530273,,,,,
58:58.1,,,,,,18.26855469,,,,
58:58.4,,,0.000362909,-1.126804815,,,,,,
58:58.5,,,0.000362911,-1.12680481,,,,,,
58:58.5,,,0.000362914,-1.126804805,,,,,,
58:58.5,,,0.000362916,-1.1268048,,,,,,
58:58.5,,,0.000362918,-1.126804796,,,,,,
58:58.6,,,0.00036292,-1.126804792,,,,,,
58:58.9,,,,,,,,,,
58:59.9,,,,,,,,,,
59:00.0,,,-0.009673819,-1.132818837,,,,,,
59:00.0,,,-0.009673825,-1.132818839,,,,,,
59:00.1,,,-0.009673832,-1.132818841,,,,,,
59:00.3,85.6061,54.91,,,,,96.5,8.18737152,,
59:00.3,,,,,6869.56543,,,,,
59:00.3,,,,,,30.22167969,,,,
59:00.3,,,-0.004894699,-1.128469676,,,,,,
59:00.3,,,-0.004894694,-1.128469667,,,,,,
59:00.4,,,-0.004894691,-1.128469662,,,,,,
59:00.4,,,-0.009673838,-1.132818843,,,,,,
59:00.4,,,-0.004894683,-1.128469646,,,,,,
59:00.6,,,-0.009673844,-1.132818845,,,,,,
59:00.6,,,,,7080.077148,,,,,
59:00.6,,,,,,17.86132813,,,,
59:00.9,,,-0.009673869,-1.132818854,,,,,,
59:01.0,,,,,,,,,,
59:01.9,,,,,,,,,,
59:02.2,,,-0.017751679,-1.131008229,,,,,,
59:02.2,,,-0.017751683,-1.131008229,,,,,,
59:02.3,,,-0.017751697,-1.131008229,,,,,,
59:02.3,,,-0.0177517,-1.131008229,,,,,,
59:02.3,,,-0.017751713,-1.131008229,,,,,,
59:02.3,,,-0.017751716,-1.131008229,,,,,,
59:02.3,,,-0.017751744,-1.13100823,,,,,,
59:02.3,,,-0.017751756,-1.13100823,,,,,,
59:02.4,,,-0.017751757,-1.13100823,,,,,,
59:02.4,,,-0.017751758,-1.13100823,,,,,,
59:02.4,,,,,,16.83789063,,,,
59:02.4,,,,,6691.424805,,,,,
59:02.5,,,,,6185.298828,,,,,
59:02.5,,,,,,33.796875,,,,
59:02.9,,,,,,,,,,
59:04.0,,,,,,,,,,
59:04.1,,,,,,,,,/IP_10_3_0_8/rosping_service,9707
59:04.2,,,-0.010257891,-1.128528696,,,,,,
59:04.3,,,-0.010257893,-1.128528695,,,,,,
59:04.3,,,-0.0102579,-1.128528693,,,,,,
59:04.3,,,-0.010257903,-1.128528692,,,,,,
59:04.4,,,-0.010257913,-1.128528688,,,,,,
59:04.4,,,-0.010257912,-1.128528689,,,,,,
59:04.4,,,-0.010257913,-1.128528688,,,,,,
59:04.4,,,,,7347.318359,,,,,
59:04.4,,,-0.010257919,-1.128528686,,,,,,
59:04.4,,,,,,42.22753906,,,,
59:04.5,,,-0.01025792,-1.128528686,,,,,,
59:04.5,,,-0.010257932,-1.128528682,,,,,,
59:04.6,,,,,,,,,/IP_10_3_0_8/release_trolley,12818
59:04.8,88.4848,55.81,,,,,95.5,8.18737152,,
59:04.8,,,,,8249.633789,,,,,
59:04.8,,,,,,29.1484375,,,,
59:04.8,88.4848,55.81,,,,,88.9,8.18737152,,
59:05.0,,,,,,,,,,
59:05.9,,,,,,,,,,
59:07.0,,,0.012233134,-0.899979056,,,,,,
59:07.0,,,,,,,,,,
59:07.1,,,0.012945536,-0.890290404,,,,,,
59:07.1,,,,,7912.532227,,,,,
59:07.1,,,,,,23.84472656,,,,
59:07.1,,,0.013661678,-0.880544653,,,,,,
59:07.1,,,0.014380761,-0.870781325,,,,,,
59:07.1,,,0.015107352,-0.861062229,,,,,,
59:07.2,,,0.016246504,-0.845871672,,,,,,
59:07.2,,,0.017373623,-0.831233805,,,,,,
59:07.3,,,0.019269249,-0.806918702,,,,,,
59:07.3,,,0.020440532,-0.792084481,,,,,,
59:07.3,,,0.020834649,-0.787125321,,,,,,
59:07.5,,,,,7289.164063,,,,,
59:07.5,,,,,,22.76074219,,,,
59:07.5,,,,,7615.829102,,,,,
59:07.5,,,,,,16.69921875,,,,
59:07.9,,,,,,,,,/IP_10_3_0_8/reverse_robot,3419
59:08.3,,,,,,,,,,
59:09.0,,,,,,,,,,
59:09.9,,,0.036222273,-0.298951765,,,,,,
59:09.9,,,0.033112651,-0.286907458,,,,,,
59:09.9,,,0.029553792,-0.274629976,,,,,,
59:09.9,,,0.025734458,-0.263140183,,,,,,
59:09.9,,,0.02186619,-0.252373363,,,,,,
59:10.0,,,0.015574897,-0.237204888,,,,,,
59:10.0,,,,,,,,,,
59:10.1,88.4848,55.64,,,,,96.3,8.18737152,,
59:10.1,,,,,6197.624023,,,,,
59:10.1,,,,,,32.72558594,,,,
59:10.1,,,,,7423.516602,,,,,
59:10.1,,,,,,50.11816406,,,,
59:10.9,,,0.010483742,-0.225961791,,,,,,
59:10.9,,,,,7975.792969,,,,,
59:10.9,,,,,,28.63476563,,,,
59:10.9,,,,,,,,,,
59:10.9,,,0.007129566,-0.219364064,,,,,,
59:11.0,,,0.002579933,-0.210982184,,,,,,
59:11.0,,,-0.003068959,-0.201140337,,,,,,
59:12.0,,,,,,,,,,
59:12.9,,,0.283924624,0.210353222,,,,,,
59:12.9,,,0.29539503,0.217738701,,,,,,
59:12.9,,,0.318663295,0.232726923,,,,,,
59:12.9,,,0.342541719,0.248096936,,,,,,
59:12.9,,,0.366166033,0.263363255,,,,,,
59:12.9,,,0.389567746,0.278494103,,,,,,
59:12.9,,,,,,,,,,
59:13.1,,,,,7387.168945,,,,,
59:13.1,,,,,,32.10742188,,,,
59:13.2,,,,,6836.455078,,,,,
59:13.2,,,,,,20.80273438,,,,
59:13.7,,,0.383160227,0.356006002,,,,,,
59:13.7,,,,,8196.512695,,,,,
59:13.7,,,,,,46.46777344,,,,
59:13.7,,,0.415955749,0.382464618,,,,,,
59:13.7,,,0.448206666,0.408553933,,,,,,
59:13.8,,,0.45887174,0.417209509,,,,,,
59:14.0,,,,,,,,,,
59:15.0,,,,,,,,,,
59:15.4,,,1.053741734,1.169138824,,,,,,
59:15.4,,,1.056436871,1.160636488,,,,,,
59:15.4,,,1.059616629,1.151627677,,,,,,
59:15.4,,,1.063445139,1.141849798,,,,,,
59:15.4,,,1.067838442,1.131676211,,,,,,
59:15.5,,,1.074892487,1.116493719,,,,,,
59:15.5,,,1.084062611,1.098695375,,,,,,
59:15.5,,,1.088357989,1.090538912,,,,,,
59:15.5,,,1.092844609,1.081989004,,,,,,
59:15.5,,,1.095885764,1.076274283,,,,,,
59:15.6,85.6061,55.64,,,,,97.2,8.18737152,,
59:15.6,,,,,8776.788086,,,,,
59:15.6,,,,,,19.55371094,,,,
59:15.6,85.6061,55.64,,,,,100,8.18737152,,
59:15.7,,,,,9559.828125,,,,,
59:15.7,,,,,,17.9765625,,,,
59:16.0,,,,,,,,,,
59:17.3,,,,,,,,,,
59:17.9,,,,,,,,,/IP_10_3_0_8/move_robot,9999
59:17.9,,,,,,,,,,
59:18.1,,,1.151439064,1.079269105,,,,,,
59:18.1,,,,,6679.198242,,,,,
59:18.1,,,,,,36.02734375,,,,
59:18.1,,,1.151453136,1.079266958,,,,,,
59:18.2,,,1.151465092,1.079265142,,,,,,
59:18.2,,,1.151499538,1.079259749,,,,,,
59:18.2,,,1.151509893,1.079258227,,,,,,
59:18.2,,,1.151510232,1.07925822,,,,,,
59:18.3,,,1.151520288,1.07925669,,,,,,
59:18.3,,,1.151530479,1.079255136,,,,,,
59:18.3,,,1.151539512,1.079253761,,,,,,
59:18.3,,,1.151548273,1.079252427,,,,,,
59:18.4,,,,,7218.824219,,,,,
59:18.4,,,,,,17.015625,,,,
59:18.4,,,,,5460.910156,,,,,
59:18.4,,,,,,42.37890625,,,,
59:19.0,,,,,,,,,,
59:20.0,,,,,,,,,,
59:20.9,,,1.13493587,1.078989034,,,,,,
59:21.0,,,1.134938873,1.078988866,,,,,,
59:21.0,,,1.13494226,1.078988676,,,,,,
59:21.0,,,1.134949497,1.078988268,,,,,,
59:21.0,,,1.134952095,1.078988123,,,,,,
59:21.0,,,1.134953013,1.078988073,,,,,,
59:21.0,,,1.134955679,1.078987924,,,,,,
59:21.0,,,1.134958498,1.078987766,,,,,,
59:21.0,,,1.134960408,1.078987659,,,,,,
59:21.0,,,1.134962583,1.078987538,,,,,,
59:21.1,85.6061,55.45,,,,,96.2,8.18737152,,
59:21.1,,,,,5951.289063,,,,,
59:21.1,,,,,,28.29492188,,,,
59:21.1,,,,,5968.749023,,,,,
59:21.1,,,,,,16.12109375,,,,
59:21.2,,,,,,,,,,
59:21.8,,,,,6434.87793,,,,,
59:21.9,,,,,,,,,,
59:22.0,,,,,,46.28613281,,,,
59:22.9,,,1.130248072,1.089511416,,,,,,
59:22.9,,,1.130248312,1.089511408,,,,,,
59:22.9,,,1.130248652,1.089511396,,,,,,
59:22.9,,,,,,,,,,
59:23.2,,,,,5449.020508,,,,,
59:23.2,,,,,,17.55761719,,,,
59:23.3,,,1.13024935,1.089511371,,,,,,
59:23.3,,,,,4769.945313,,,,,
59:23.3,,,,,,30.69433594,,,,
59:23.3,,,1.13024954,1.089511364,,,,,,
59:23.3,,,1.13024972,1.089511358,,,,,,
59:23.4,,,1.13025034,1.089511336,,,,,,
59:23.4,,,1.130250506,1.08951133,,,,,,
59:23.4,,,1.130250651,1.089511325,,,,,,
59:23.5,,,1.130250789,1.089511321,,,,,,
59:23.9,,,,,,,,,,
59:24.9,,,,,,,,,,
59:25.3,,,1.135619981,1.086352551,,,,,,
59:25.3,,,1.135620152,1.086352541,,,,,,
59:25.3,,,1.122859493,1.077334623,,,,,,
59:25.3,,,1.122859586,1.07733461,,,,,,
59:25.3,,,1.122859674,1.077334597,,,,,,
59:25.3,,,1.122860079,1.077334537,,,,,,
59:25.3,,,1.12286015,1.077334527,,,,,,
59:25.3,,,1.122860217,1.077334517,,,,,,
59:25.4,,,1.122860367,1.077334495,,,,,,
59:25.4,,,1.122860511,1.077334474,,,,,,
59:25.4,85.6061,55.3,,,,,95.8,8.18737152,,
59:25.4,,,,,6284.163086,,,,,
59:25.4,,,,,,28.73242188,,,,
59:25.4,85.6061,55.3,,,,,100,8.18737152,,
59:25.7,,,,,6163.240234,,,,,
59:25.7,,,,,,15.125,,,,
59:25.9,,,,,,,,,,
59:26.9,,,,,,,,,,
59:27.6,,,1.135008836,1.081627546,,,,,,
59:27.6,,,1.135008879,1.081627546,,,,,,
59:27.6,,,1.135008882,1.081627546,,,,,,
59:27.6,,,1.135008887,1.081627546,,,,,,
59:27.7,,,1.135008888,1.081627546,,,,,,
59:27.7,,,1.131016592,1.088381194,,,,,,
59:27.7,,,,,,34.60644531,,,,
59:27.7,,,,,6423.706055,,,,,
59:27.7,,,1.131016705,1.088381237,,,,,,
59:27.8,,,1.131016735,1.088381249,,,,,,
59:27.8,,,1.131016743,1.088381252,,,,,,
59:27.8,,,1.13101676,1.088381259,,,,,,
59:27.9,,,,,,,,,,
59:28.1,,,,,5780.182617,,,,,
59:28.1,,,,,,60.13476563,,,,
59:28.1,,,,,6030.977539,,,,,
59:28.1,,,,,,16.890625,,,,
59:28.9,,,,,,,,,,
59:29.9,,,,,,,,,,
59:30.2,,,1.12965722,1.086722164,,,,,,
59:30.2,,,1.129657226,1.086722165,,,,,,
59:30.2,,,1.129657228,1.086722165,,,,,,
59:30.2,,,1.129657229,1.086722165,,,,,,
59:30.2,,,1.129657234,1.086722166,,,,,,
59:30.2,,,1.129657237,1.086722167,,,,,,
59:30.2,,,1.129657241,1.086722167,,,,,,
59:30.2,,,1.129657245,1.086722168,,,,,,
59:30.2,,,1.129657249,1.086722168,,,,,,
59:30.3,,,1.129657253,1.086722169,,,,,,
59:30.4,,,,,6747.47168,,,,,
59:30.4,,,,,,16.26464844,,,,
59:30.4,85.6061,55.3,,,,,96.8,8.18737152,,
59:30.5,,,,,5799.75,,,,,
59:30.5,,,,,,17.00390625,,,,
59:31.0,,,,,,,,,,
59:32.1,,,,,,,,,,
59:32.8,,,1.130018605,1.083575215,,,,,,
59:32.8,,,1.130018605,1.083575214,,,,,,
59:32.8,,,1.130018604,1.083575208,,,,,,
59:32.9,,,1.130018603,1.083575202,,,,,,
59:32.9,,,1.130018602,1.083575197,,,,,,
59:32.9,,,1.130018601,1.083575191,,,,,,
59:32.9,,,1.130018598,1.083575179,,,,,,
59:32.9,,,1.130018597,1.083575174,,,,,,
59:33.0,,,1.130018597,1.083575173,,,,,,
59:33.0,,,,,6319.369141,,,,,
59:33.0,,,,,,17.31738281,,,,
59:33.0,,,,,,,,,,
59:33.1,,,1.130018596,1.083575169,,,,,,
59:33.1,,,,,6169.682617,,,,,
59:33.1,,,,,,29.51757813,,,,
59:33.1,,,,,5780.806641,,,,,
59:33.1,,,,,,59.43359375,,,,
59:34.0,,,,,,,,,,
59:35.7,,,,,,,,,,
59:35.9,,,,,,,,,,
59:36.3,,,,,,,,,/IP_10_3_0_8/move_camera,2361
59:36.4,,,1.132578588,1.086930294,,,,,,
59:36.5,,,1.132578588,1.086930294,,,,,,
59:36.5,,,1.131994433,1.086132078,,,,,,
59:36.5,,,1.131994436,1.086132081,,,,,,
59:36.5,,,1.131994438,1.086132082,,,,,,
59:36.5,,,1.13199444,1.086132085,,,,,,
59:36.5,,,1.131994443,1.086132088,,,,,,
59:36.5,,,1.131994445,1.086132089,,,,,,
59:36.5,,,1.131994446,1.086132091,,,,,,
59:36.5,,,1.131994447,1.086132091,,,,,,
59:36.7,85.6061,55,,,,,97.1,8.18737152,,
59:36.7,,,,,5891.256836,,,,,
59:36.7,,,,,,37.04199219,,,,
59:36.7,85.6061,55,,,,,100,8.18737152,,
59:36.8,,,,,6062.303711,,,,,
59:36.8,,,,,,59.92578125,,,,
59:36.8,,,,,4981.417969,,,,,
59:36.8,,,,,,17.27148438,,,,
59:37.0,,,,,,,,,,
59:38.0,,,,,,,,,,
59:39.0,,,,,,,,,,
59:39.1,,,0.869038416,0.889312295,,,,,,
59:39.1,,,,,6551.789063,,,,,
59:39.1,,,,,,26.49121094,,,,
59:39.1,,,0.850680293,0.87379352,,,,,,
59:39.1,,,0.831689939,0.857701783,,,,,,
59:39.2,,,0.812379077,0.841296552,,,,,,
59:39.2,,,0.781823702,0.815264354,,,,,,
59:39.3,,,0.742670875,0.781511906,,,,,,
59:39.3,,,0.721828481,0.763410342,,,,,,
59:39.4,,,0.702232407,0.746287112,,,,,,
59:39.4,,,0.677120871,0.724332426,,,,,,
59:39.4,,,0.661441844,0.710577158,,,,,,
59:39.5,,,,,6426.674805,,,,,
59:39.5,,,,,,21.4609375,,,,
59:39.5,,,,,7081.768555,,,,,
59:39.5,,,,,,30.46777344,,,,
59:39.9,,,,,,,,,,
59:40.9,,,,,,,,,,
59:41.1,,,0.221074296,-0.009399233,,,,,,
59:41.1,,,0.211534706,-0.02033136,,,,,,
59:41.2,,,0.357090609,0.101414696,,,,,,
59:41.2,,,0.34890409,0.090496373,,,,,,
59:41.2,,,0.341524315,0.080573735,,,,,,
59:41.3,,,0.331210017,0.066511237,,,,,,
59:41.3,,,0.322502208,0.054072466,,,,,,
59:41.3,,,0.319757356,0.049964681,,,,,,
59:41.3,85.6061,54.92,,,,,96.2,8.18737152,,
59:41.3,,,0.314949608,0.042639242,,,,,,
59:41.3,,,,,6087.435547,,,,,
59:41.3,,,,,,33.16210938,,,,
59:41.3,,,0.310783645,0.036070542,,,,,,
59:41.5,,,,,7300.293945,,,,,
59:41.5,,,,,,21.72167969,,,,
59:42.0,,,,,,,,,,
59:43.0,,,,,,,,,,
59:43.7,,,,,,,,,/IP_10_3_0_8/move_robot,7334
59:43.9,,,,,,,,,/IP_10_3_0_8/rosping_service,6279
59:44.0,,,,,,,,,,
59:44.2,,,0.014449959,-0.287668955,,,,,,
59:44.2,,,,,7695.69043,,,,,
59:44.2,,,,,,35.41894531,,,,
59:44.2,,,0.014450544,-0.287659805,,,,,,
59:44.2,,,0.014451102,-0.287651075,,,,,,
59:44.2,,,0.014451623,-0.287642905,,,,,,
59:44.2,,,0.014452173,-0.287634404,,,,,,
59:44.2,,,0.014452642,-0.287627048,,,,,,
59:44.2,,,0.014453093,-0.287619984,,,,,,
59:44.2,,,0.014458819,-0.287546462,,,,,,
59:44.2,,,0.016695731,-0.275386828,,,,,,
59:44.2,,,0.016697686,-0.275363419,,,,,,
59:44.2,,,,,5712.15918,,,,,
59:44.2,,,,,,54.35839844,,,,
59:44.3,85.6061,54.81,,,,,97.8,8.18737152,,
59:44.3,,,,,5688.574219,,,,,
59:44.3,,,,,,17.91015625,,,,
59:44.3,85.6061,54.81,,,,,100,8.18737152,,
59:45.0,,,,,,,,,,
59:46.0,,,,,,,,,,
59:46.7,,,0.015251488,-0.284052816,,,,,,
59:46.8,,,0.015251935,-0.284047437,,,,,,
59:46.8,,,0.015252106,-0.284045379,,,,,,
59:46.8,,,0.015253153,-0.284032808,,,,,,
59:46.8,,,0.015253546,-0.284028079,,,,,,
59:46.9,,,0.015253616,-0.284027231,,,,,,
59:46.9,,,,,,,,,/IP_10_3_0_8/move_camera,2413
59:46.9,,,0.015254529,-0.284016263,,,,,,
59:46.9,,,0.015254622,-0.284015144,,,,,,
59:47.0,,,0.015254912,-0.284011652,,,,,,
59:47.0,,,,,,,,,,
59:47.1,,,0.015255226,-0.284007884,,,,,,
59:47.2,,,,,5040.081055,,,,,
59:47.2,,,,,,27.67382813,,,,
59:47.3,,,,,5405.850586,,,,,
59:47.3,,,,,,16.16992188,,,,
59:47.3,,,,,5458.605469,,,,,
59:47.3,,,,,,24.98046875,,,,
59:47.8,,,,,,,,,/IP_10_3_0_8/object_detection,1713
59:48.0,,,,,,,,,,
59:49.3,,,,,,,,,,
59:50.0,,,,,,,,,,
59:50.1,,,0.011901734,-0.278050635,,,,,,
59:50.1,,,0.011901772,-0.278050095,,,,,,
59:50.1,,,0.011901871,-0.278048721,,,,,,
59:50.2,,,0.011901906,-0.278048232,,,,,,
59:50.2,,,0.022333728,-0.277446732,,,,,,
59:50.2,,,0.022333814,-0.27744595,,,,,,
59:50.2,,,0.022333851,-0.277445614,,,,,,
59:50.2,,,0.022333886,-0.277445291,,,,,,
59:50.2,,,0.02233392,-0.277444985,,,,,,
59:50.2,,,0.022333952,-0.277444694,,,,,,
59:50.3,,,,,,,,,/IP_10_3_0_8/move_camera,2462
59:50.4,,,,,4947.936523,,,,,
59:50.4,,,,,,27.51074219,,,,
59:50.5,85.6061,54.68,,,,,97.8,8.18737152,,
59:50.5,,,,,4809.357422,,,,,
59:50.5,,,,,,24.26367188,,,,
59:50.5,,,,,4436.441406,,,,,
59:50.5,,,,,,40.00097656,,,,
59:51.0,,,,,,,,,,
59:52.0,,,,,,,,,,
59:53.2,,,0.014455829,-0.283575632,,,,,,
59:53.2,,,,,5143.891602,,,,,
59:53.2,,,,,,61.63476563,,,,
59:53.2,,,0.01445583,-0.283575603,,,,,,
59:53.2,,,0.014455831,-0.283575575,,,,,,
59:53.2,,,0.01445584,-0.283575369,,,,,,
59:53.2,,,0.014455841,-0.283575348,,,,,,
59:53.2,,,0.014455842,-0.283575329,,,,,,
59:53.2,,,0.014455843,-0.283575311,,,,,,
59:53.2,,,0.014421793,-0.283958998,,,,,,
59:53.2,,,0.014278513,-0.285597635,,,,,,
59:53.2,,,0.014110585,-0.287516305,,,,,,
59:53.3,,,,,4986.045898,,,,,
59:53.3,,,,,,17.57617188,,,,
59:53.3,,,,,4566.737305,,,,,
59:53.3,,,,,,15.20703125,,,,
59:53.4,,,,,,,,,,
59:54.0,,,,,,,,,,
59:55.0,,,,,,,,,,
59:55.6,,,0.015864813,-0.456319386,,,,,,
59:55.6,,,0.01567933,-0.45974852,,,,,,
59:55.7,,,0.015614433,-0.460896367,,,,,,
59:55.7,,,0.015492701,-0.46304245,,,,,,
59:55.7,,,0.015372708,-0.46512667,,,,,,
59:55.7,,,0.015237052,-0.467298586,,,,,,
59:55.7,,,0.01510093,-0.469400563,,,,,,
59:55.7,,,0.014865693,-0.472767795,,,,,,
59:55.8,,,0.014718389,-0.47477933,,,,,,
59:55.8,,,0.013104191,-0.497621856,,,,,,
59:55.8,85.6061,54.51,,,,,97.7,8.18737152,,
59:55.8,85.6061,54.51,,,,,100,8.18737152,,
59:55.8,,,,,3752.344727,,,,,
59:55.8,,,,,,20.79785156,,,,
59:55.9,,,,,4449.291992,,,,,
59:55.9,,,,,,16.99804688,,,,
59:55.9,,,,,4512.176758,,,,,
59:55.9,,,,,,30.34667969,,,,
59:55.9,,,,,,,,,,
59:56.9,,,,,,,,,,
59:57.9,,,,,,,,,,
59:58.1,,,0.021956424,-0.593175854,,,,,,
59:58.2,,,0.021957465,-0.590325753,,,,,,
59:58.2,,,0.021960788,-0.590742182,,,,,,
59:58.3,,,,,7500.860352,,,,,
59:58.3,,,,,,17.4296875,,,,
59:58.3,,,,,6365.383789,,,,,
59:58.3,,,,,,34.73339844,,,,
59:58.5,,,0.021963953,-0.591228961,,,,,,
59:58.5,,,0.021964904,-0.591465778,,,,,,
59:58.5,,,0.021964868,-0.591638448,,,,,,
59:58.9,,,0.021964321,-0.592115144,,,,,,
59:58.9,,,0.021962295,-0.592519157,,,,,,
59:58.9,,,0.021961613,-0.592611734,,,,,,
59:59.0,,,0.021959491,-0.592873671,,,,,,
59:59.0,,,,,,,,,,
00:00.0,,,,,,,,,,
00:01.2,,,0.019557809,-0.628629094,,,,,,
00:01.2,,,0.019532024,-0.629144789,,,,,,
00:01.2,,,0.01948663,-0.629997472,,,,,,
00:01.2,,,0.019448691,-0.630621327,,,,,,
00:01.2,,,0.019380005,-0.631694969,,,,,,
00:01.2,,,0.01936063,-0.632007475,,,,,,
00:01.2,,,0.019330563,-0.632492756,,,,,,
00:01.2,,,0.019307002,-0.632888083,,,,,,
00:01.2,,,0.01928478,-0.633281822,,,,,,
00:01.2,,,0.019262983,-0.633695203,,,,,,
00:01.2,,,,,5296.295898,,,,,
00:01.2,,,,,,55.60546875,,,,
00:01.3,85.6061,54.94,,,,,97.9,8.18737152,,
00:01.3,,,,,4229.163086,,,,,
00:01.3,,,,,,16.48339844,,,,
00:01.3,,,,,4292.702148,,,,,
00:01.3,,,,,,23.24609375,,,,
00:01.4,,,,,,,,,,
00:01.9,,,,,,,,,,
00:03.0,,,,,,,,,,
00:03.4,,,0.022239432,-0.630346239,,,,,,
00:03.5,,,0.022239558,-0.6303441,,,,,,
00:03.5,,,0.022239604,-0.630343297,,,,,,
00:03.6,,,0.022239648,-0.63034252,,,,,,
00:03.6,,,0.0222399,-0.630338316,,,,,,
00:03.6,,,0.022239887,-0.63033845,,,,,,
00:03.6,,,0.022240001,-0.630336501,,,,,,
00:03.6,,,0.022240018,-0.630336198,,,,,,
00:03.7,,,0.022240044,-0.630335732,,,,,,
00:03.7,,,0.022240133,-0.630334233,,,,,,
00:03.7,,,,,4371.338867,,,,,
00:03.7,,,,,,18.56054688,,,,
00:03.8,,,,,5659.737305,,,,,
00:03.8,,,,,,15.76367188,,,,
00:03.9,,,,,,,,,,
00:04.9,,,,,,,,,,
00:05.8,,,0.021982845,-0.756221049,,,,,,
00:05.8,,,0.021583415,-0.766408744,,,,,,
00:05.8,,,0.021473832,-0.768965246,,,,,,
00:05.8,85.6061,54.98,,,,,97.9,8.18737152,,
00:05.8,85.6061,54.98,,,,,100,8.18737152,,
00:05.9,,,0.021128343,-0.776661071,,,,,,
00:05.9,,,,,5856.469727,,,,,
00:05.9,,,,,,30.94433594,,,,
00:05.9,,,0.02083942,-0.782779507,,,,,,
00:05.9,,,0.020640129,-0.786632732,,,,,,
00:05.9,,,0.020383901,-0.791415981,,,,,,
00:05.9,,,0.020113663,-0.796119049,,,,,,
00:05.9,,,0.019848116,-0.800437429,,,,,,
00:05.9,,,0.019470286,-0.806303044,,,,,,
00:05.9,,,,,,,,,,
00:06.6,,,,,5669.150391,,,,,
00:06.6,,,,,,16.52636719,,,,
00:06.9,,,,,,35.84570313,,,,
00:07.0,,,,,6912.757813,,,,,
00:07.0,,,,,,,,,,
00:08.0,,,,,,,,,,
00:08.5,,,0.008241668,-1.052592084,,,,,,
00:08.5,,,0.008083074,-1.053674275,,,,,,
00:08.6,,,0.007801342,-1.055659455,,,,,,
00:08.6,,,0.00756429,-1.057376304,,,,,,
00:08.6,,,0.007469295,-1.058079048,,,,,,
00:08.6,,,0.004600444,-1.050864567,,,,,,
00:08.7,,,0.004368722,-1.052072989,,,,,,
00:08.7,,,0.00415457,-1.053200031,,,,,,
00:08.7,,,0.003911073,-1.054488977,,,,,,
00:08.7,,,0.003714533,-1.055538333,,,,,,
00:08.7,,,,,7550.228516,,,,,
00:08.7,,,,,,55.11621094,,,,
00:08.8,,,,,6619.267578,,,,,
00:08.8,,,,,,16.39453125,,,,
00:09.2,,,,,,,,,,
00:19.2,85.6061,54.44,,,,,97.7,8.18737152,,
00:19.2,,,0.001816679,-1.130322748,,,,,,
00:19.2,,,,,,,,,,
00:19.3,85.6061,54.49,,,,,97.6,8.18737152,,
00:19.3,,,0.001816672,-1.130322842,,,,,,
00:19.3,,,,,,,,,,
00:19.4,85.6061,54.44,,,,,100,8.18737152,,
00:19.4,,,0.00181673,-1.130322149,,,,,,
00:19.4,,,,,,,,,,
00:19.6,,,0.001816736,-1.130322077,,,,,,
00:19.6,,,,,,,,,,
00:19.7,,,0.001816742,-1.130322008,,,,,,
00:19.7,,,,,,,,,,
00:19.9,,,0.001816759,-1.130321806,,,,,,
00:19.9,,,,,,,,,,
00:20.1,,,0.001816764,-1.130321747,,,,,,
00:20.1,,,,,,,,,,
00:20.2,,,0.001816768,-1.130321691,,,,,,
00:20.2,,,,,,,,,,
00:20.3,,,0.001816773,-1.130321638,,,,,,
00:20.3,,,,,,,,,,
00:20.5,,,0.001816779,-1.130321563,,,,,,
00:20.5,,,,,,,,,,
00:20.7,,,,,,,,,,
00:20.8,,,0.008336022,-1.130811439,,,,,,
00:20.8,,,,,,,,,/IP_10_3_0_8/trolley_docking_service,23862
00:20.8,,,,,6889.667969,,,,,
00:20.8,,,,,,17.44238281,,,,
00:20.8,,,0.00833604,-1.130811412,,,,,,
00:20.8,,,,,,,,,/IP_10_3_0_8/rosping_service,13868
00:20.8,,,,,5816.55957,,,,,
00:20.8,,,,,,20.65429688,,,,
00:20.8,,,0.008336057,-1.130811387,,,,,,
00:20.8,,,,,8568.950195,,,,,
00:20.8,,,,,,17.91992188,,,,
00:20.8,,,0.008336075,-1.130811362,,,,,,
00:20.8,,,,,8279.667969,,,,,
00:20.8,,,,,,29.38183594,,,,
00:20.8,,,0.008336117,-1.1308113,,,,,,
00:20.8,,,,,6798.475586,,,,,
00:20.8,,,,,,16.79296875,,,,
00:20.8,,,-0.006842411,-1.124432507,,,,,,
00:20.8,,,,,6053.155273,,,,,
00:20.8,,,,,,41.07421875,,,,
00:20.8,,,-0.006842422,-1.124432479,,,,,,
00:20.8,,,,,7581.74707,,,,,
00:20.8,,,,,,64.63183594,,,,
00:20.8,,,,,5905.083008,,,,,
00:20.8,,,,,,15.87011719,,,,
00:20.8,,,,,4393.49707,,,,,
00:20.8,,,,,,25.96386719,,,,
00:20.8,,,,,4504.264648,,,,,
00:20.8,,,,,,15.8359375,,,,
00:20.8,,,-0.006842445,-1.124432422,,,,,,
00:20.8,,,-0.006842466,-1.124432369,,,,,,
00:20.8,,,-0.006842488,-1.124432315,,,,,,
00:21.0,,,,,,,,,,
00:21.1,85.6061,54.72,,,,,96.6,8.18737152,,
00:21.1,,,,,4785.820313,,,,,
00:21.1,,,,,,14.29980469,,,,
00:21.1,,,,,3988.962891,,,,,
00:21.1,,,,,,37.44726563,,,,
00:21.1,,,,,3610.358398,,,,,
00:21.1,,,,,,16.10546875,,,,
00:21.9,,,,,,,,,,
00:22.6,,,0.005590843,-1.122312414,,,,,,
00:22.6,,,0.005590856,-1.122312398,,,,,,
00:22.7,,,0.005590869,-1.122312382,,,,,,
00:22.7,,,0.005590881,-1.122312367,,,,,,
00:22.7,,,0.005590894,-1.122312352,,,,,,
00:22.7,,,0.005590906,-1.122312338,,,,,,
00:22.7,,,0.005590907,-1.122312336,,,,,,
00:22.7,,,0.005590917,-1.122312324,,,,,,
00:22.7,,,0.005590929,-1.12231231,,,,,,
00:22.7,,,0.005590936,-1.122312301,,,,,,
00:22.9,,,,,3701.904297,,,,,
00:22.9,,,,,,34.77246094,,,,
00:22.9,,,,,,,,,,
00:23.0,,,,,4593.787109,,,,,
00:23.0,,,,,,58.40429688,,,,
00:23.9,,,,,,,,,,
00:24.7,,,-0.004410012,-1.125253433,,,,,,
00:24.7,,,-0.012542087,-1.119396176,,,,,,
00:24.7,,,-0.012542169,-1.119396124,,,,,,
00:24.8,,,-0.012542187,-1.119396113,,,,,,
00:24.8,,,-0.012542199,-1.119396106,,,,,,
00:24.9,,,-0.012542245,-1.119396077,,,,,,
00:24.9,,,-0.012542245,-1.119396077,,,,,,
00:24.9,,,,,,,,,,
00:24.9,,,-0.012542299,-1.119396043,,,,,,
00:24.9,,,-0.012542311,-1.119396035,,,,,,
00:24.9,,,-0.012542314,-1.119396033,,,,,,
00:25.0,85.6061,54.36,,,,,95.6,8.18737152,,
00:25.3,,,,,4060.683594,,,,,
00:25.3,,,,,,17.31054688,,,,
00:25.4,,,,,3762.162109,,,,,
00:25.4,,,,,,20.92871094,,,,
00:25.6,85.6061,54.36,,,,,100,8.18737152,,
00:25.7,,,,,,,,,/IP_10_3_0_8/grab_trolley,11561
00:25.8,,,,,,,,,,
00:26.9,,,,,,,,,,
00:27.1,,,-0.001835176,-1.118911642,,,,,,
00:27.1,,,-0.00183518,-1.118911635,,,,,,
00:27.2,,,-0.001835181,-1.118911634,,,,,,
00:27.2,,,-0.001835185,-1.118911628,,,,,,
00:27.2,,,-0.001835189,-1.118911623,,,,,,
00:27.3,,,-0.001835192,-1.118911618,,,,,,
00:27.3,,,-0.001835193,-1.118911617,,,,,,
00:27.3,,,,,,20.96679688,,,,
00:27.3,,,,,2259.663086,,,,,
00:27.4,,,,,1360.666016,,,,,
00:27.4,,,,,,23.8984375,,,,
00:27.6,,,-0.00183517,-1.11891165,,,,,,
00:27.6,,,-0.001835167,-1.118911655,,,,,,
00:27.6,,,-0.001835171,-1.118911648,,,,,,
00:27.7,,,,,,,,,/IP_10_3_0_8/move_camera,2060
00:27.8,,,,,,,,,,
00:28.5,,,-0.008094409,-1.114041096,,,,,,
00:28.5,,,-0.007897864,-1.110583402,,,,,,
00:28.6,,,-0.007646156,-1.106188821,,,,,,
00:28.6,,,-0.007342922,-1.100838305,,,,,,
00:28.6,,,-0.00676837,-1.090843365,,,,,,
00:28.6,,,-0.00607209,-1.078789222,,,,,,
00:28.6,,,-0.00581249,-1.074346734,,,,,,
00:28.7,,,-0.005274408,-1.06517009,,,,,,
00:28.7,,,0.006720477,-1.100094901,,,,,,
00:28.7,,,0.007230213,-1.090632449,,,,,,
00:28.8,,,,,1631.27832,,,,,
00:28.8,,,,,,30.32226563,,,,
00:28.8,,,,,,,,,,
00:29.8,,,,,,,,,/IP_10_3_0_8/reverse_robot,2059
00:29.8,,,0.020528036,-0.878194075,,,,,,
00:29.8,,,0.021556289,-0.862648037,,,,,,
00:29.8,,,,,1929.073242,,,,,
00:29.8,,,,,,25.09472656,,,,
00:29.8,,,,,,,,,,
00:29.9,,,0.022786186,-0.844105002,,,,,,
00:29.9,,,0.023444928,-0.834180141,,,,,,
00:29.9,,,0.024237763,-0.822246648,,,,,,
00:29.9,,,0.024725979,-0.814921865,,,,,,
00:30.0,,,0.025381872,-0.805156856,,,,,,
00:30.0,,,0.019225391,-0.854327956,,,,,,
00:30.0,,,0.020138542,-0.839201084,,,,,,
00:30.0,,,0.020442919,-0.8342307,,,,,,
00:30.2,,,,,1675.441406,,,,,
00:30.2,,,,,,35.4765625,,,,
00:30.7,85.6061,54.44,,,,,97.3,8.18737152,,
00:30.9,,,,,,,,,,
00:31.3,,,0.021481487,-0.614950667,,,,,,
00:31.3,,,0.024717615,-0.598268912,,,,,,
00:31.3,,,0.028241003,-0.581807247,,,,,,
00:31.3,,,0.034107325,-0.55740835,,,,,,
00:31.4,,,0.039778387,-0.537758018,,,,,,
00:31.4,,,0.043867456,-0.525037813,,,,,,
00:31.4,,,0.049188523,-0.509134838,,,,,,
00:31.4,,,0.054963556,-0.492914411,,,,,,
00:31.4,,,0.061088236,-0.476560914,,,,,,
00:31.4,,,0.069833119,-0.454110089,,,,,,
00:31.5,,,,,1714.766602,,,,,
00:31.5,,,,,,63.68066406,,,,
00:31.9,,,,,,,,,,
00:32.9,,,,,,,,,,
00:33.2,,,0.208317891,-0.235729824,,,,,,
00:33.2,,,0.206363656,-0.237027159,,,,,,
00:33.2,,,0.203830717,-0.238605577,,,,,,
00:33.2,,,,,1523.301758,,,,,
00:33.2,,,,,,29.6171875,,,,
00:33.2,,,0.200774801,-0.240444388,,,,,,
00:33.3,,,0.196659096,-0.242713289,,,,,,
00:33.3,,,0.190059425,-0.246159353,,,,,,
00:33.3,,,0.184725296,-0.24860485,,,,,,
00:33.3,,,0.179942853,-0.250715685,,,,,,
00:33.4,,,,,1278.669922,,,,,
00:33.4,,,,,,17.15429688,,,,
00:33.7,,,0.210683034,-0.234050139,,,,,,
00:33.9,,,,,,,,,,
00:33.9,,,0.209882883,-0.23465219,,,,,,
00:34.8,,,,,,,,,,
00:35.0,,,,,,,,,/IP_10_3_0_8/move_robot,5173
00:35.3,,,,,,,,,/IP_10_3_0_8/rosping_service,4270
00:35.9,,,,,,,,,,
00:45.9,85.6061,54.32,,,,,97.8,8.18737152,,
00:45.9,,,0.007572475,-0.023198186,,,,,,
00:45.9,,,,,,,,,,
00:45.9,85.6061,54.32,,,,,100,8.18737152,,
00:45.9,,,0.007573667,-0.02319829,,,,,,
00:45.9,,,,,,,,,,
00:45.9,85.6061,56.35,,,,,95.1,8.18737152,,
00:45.9,,,0.008090229,-0.023240986,,,,,,
00:45.9,,,,,,,,,,
00:46.0,85.6061,54.38,,,,,96.1,8.18737152,,
00:46.0,,,0.011459343,-0.023520173,,,,,,
00:46.0,,,,,,,,,,
00:46.0,85.6061,54.38,,,,,75,8.18737152,,
00:46.0,,,0.013988768,-0.023728513,,,,,,
00:46.0,,,,,,,,,,
00:46.1,,,0.018255104,-0.020152833,,,,,,
00:46.1,,,,,,,,,,
00:46.2,,,0.025073641,-0.02072264,,,,,,
00:46.2,,,,,,,,,,
00:46.2,,,0.036991209,-0.02171745,,,,,,
00:46.2,,,,,720.2460938,,,,,
00:46.2,,,,,,14.83300781,,,,
00:46.2,,,,,996.5126953,,,,,
00:46.2,,,,,,31.68847656,,,,
00:46.2,,,,,844.5351563,,,,,
00:46.2,,,,,,53.61230469,,,,
00:46.2,,,,,869.2021484,,,,,
00:46.2,,,,,,15.60742188,,,,
00:46.2,,,,,935.7734375,,,,,
00:46.2,,,,,,22.69238281,,,,
00:46.2,,,,,1083.96582,,,,,
00:46.2,,,,,,17.24707031,,,,
00:46.2,,,,,735.3261719,,,,,
00:46.2,,,,,,15.47949219,,,,
00:46.2,,,,,989.4375,,,,,
00:46.2,,,,,,26.53710938,,,,
00:46.2,,,,,1062.334961,,,,,
00:46.2,,,,,,17.89160156,,,,
00:46.2,,,,,987.3525391,,,,,
00:46.2,,,,,,38.99804688,,,,
00:46.2,,,0.004014102,-0.018975812,,,,,,
00:46.2,,,,,,,,,,
00:46.5,,,0.007801103,-0.019287834,,,,,,
00:46.5,,,,,,,,,,
00:46.8,,,0.012703795,-0.019694521,,,,,,
00:46.8,,,,,,,,,,
00:46.9,,,,,,,,,,
00:46.9,,,0.237728443,-0.039285104,,,,,,
00:46.9,,,0.252405319,-0.040695767,,,,,,
00:47.0,,,0.26660701,-0.04207427,,,,,,
00:47.0,,,0.271435263,-0.042542293,,,,,,
00:47.1,,,,,,,,,/IP_10_3_0_8/reverse_robot,2110
00:47.1,,,0.28121253,-0.043490449,,,,,,
00:47.1,,,,,,53.87011719,,,,
00:47.1,,,,,791.2216797,,,,,
00:47.3,,,0.291014633,-0.044440613,,,,,,
00:47.4,,,0.301173535,-0.045427665,,,,,,
00:47.4,,,0.310790637,-0.046365424,,,,,,
00:47.4,,,0.325559133,-0.047801783,,,,,,
00:47.5,,,0.240319769,-0.041209448,,,,,,
00:47.8,,,,,,,,,,
00:48.3,,,0.386354521,-0.054443629,,,,,,
00:48.3,,,0.383759423,-0.0543465,,,,,,
00:48.3,,,0.467683899,-0.053156475,,,,,,
00:48.4,,,0.464319279,-0.052917843,,,,,,
00:48.4,,,0.460452158,-0.05268316,,,,,,
00:48.4,,,0.455735471,-0.052472845,,,,,,
00:48.4,,,0.450675996,-0.052304877,,,,,,
00:48.4,,,0.444823219,-0.05217975,,,,,,
00:48.4,,,0.438170005,-0.052122314,,,,,,
00:48.4,,,0.427410972,-0.052174099,,,,,,
00:48.5,,,,,955.8300781,,,,,
00:48.5,,,,,,23.66894531,,,,
00:48.9,,,,,,,,,,
00:49.6,,,0.12821584,-0.092751464,,,,,,
00:49.6,,,0.111476628,-0.097972909,,,,,,
00:49.6,,,0.395455417,-0.068403815,,,,,,
00:49.6,,,0.38550071,-0.070069057,,,,,,
00:49.7,,,0.375987222,-0.071946736,,,,,,
00:49.7,,,0.3667912,-0.074051547,,,,,,
00:49.7,,,0.356588139,-0.07670931,,,,,,
00:49.7,,,,,983.6816406,,,,,
00:49.7,,,,,,19.70019531,,,,
00:49.7,,,0.346161726,-0.0797624,,,,,,
00:49.7,,,0.329792275,-0.085100395,,,,,,
00:49.8,,,0.315334987,-0.090605183,,,,,,
00:49.8,85.6061,54.62,,,,,97.1,8.18737152,,
00:49.9,,,,,,,,,,
00:50.8,,,0.078439129,-0.202350156,,,,,,
00:50.8,,,,,851.0791016,,,,,
00:50.8,,,,,,19.97363281,,,,
00:50.8,,,0.074413378,-0.206482673,,,,,,
00:50.8,,,0.070105816,-0.211221775,,,,,,
00:50.8,,,0.065794389,-0.216260387,,,,,,
00:50.9,,,0.061277316,-0.221817055,,,,,,
00:50.9,,,,,,,,,,
00:50.9,,,0.054936585,-0.229928083,,,,,,
00:50.9,,,0.050434451,-0.235971343,,,,,,
00:50.9,,,0.042267492,-0.247086396,,,,,,
00:50.9,,,0.038504702,-0.252280362,,,,,,
00:50.9,,,0.034725881,-0.257507076,,,,,,
00:51.0,,,,,1044.724609,,,,,
00:51.0,,,,,,19.27246094,,,,
00:51.8,,,,,,,,,,
00:52.9,,,,,,,,,,
00:53.3,,,0.012526288,-0.363053521,,,,,,
00:53.3,,,0.012526014,-0.363065454,,,,,,
00:53.4,,,0.012525959,-0.363064802,,,,,,
00:53.4,,,0.012526194,-0.36305569,,,,,,
00:53.4,,,0.012526434,-0.363046686,,,,,,
00:53.4,,,0.012526646,-0.36303808,,,,,,
00:53.4,,,0.012526852,-0.363029962,,,,,,
00:53.4,,,0.012527046,-0.363022063,,,,,,
00:53.4,,,0.012527764,-0.362999833,,,,,,
00:53.4,,,0.012527551,-0.36300122,,,,,,
00:53.4,,,,,1216.578125,,,,,
00:53.4,,,,,,35.95800781,,,,
00:53.6,,,,,1150.518555,,,,,
00:53.6,,,,,,16.90527344,,,,
00:53.9,,,,,,,,,,
00:54.6,,,0.013476783,-0.368104315,,,,,,
00:54.6,,,0.013477035,-0.368090342,,,,,,
00:54.6,,,0.013477229,-0.368079983,,,,,,
00:54.7,85.6061,54.47,,,,,96.5,8.18737152,,
00:54.7,,,0.013477131,-0.368084621,,,,,,
00:54.7,85.6061,54.47,,,,,100,8.18737152,,
00:54.7,,,0.013477201,-0.368080577,,,,,,
00:54.7,,,0.013477268,-0.368076732,,,,,,
00:54.7,,,,,1284.142578,,,,,
00:54.7,,,,,,35.94824219,,,,
00:54.7,,,0.013477331,-0.368073107,,,,,,
00:54.7,,,0.013477581,-0.368059761,,,,,,
00:54.7,,,0.013477482,-0.368064577,,,,,,
00:54.7,,,0.013477652,-0.368055138,,,,,,
00:54.9,,,,,,,,,,
00:55.8,,,,,,,,,,
00:55.9,,,,,,,,,/IP_10_3_0_8/move_robot,8741
00:55.9,,,,,,,,,/IP_10_3_0_8/rosping_service,4325
00:56.0,,,,,1315.066406,,,,,
00:56.0,,,,,,54.89941406,,,,
00:56.0,,,0.01381231,-0.36281702,,,,,,
00:56.0,,,0.013765083,-0.35993681,,,,,,
00:56.0,,,0.01371022,-0.357519454,,,,,,
00:56.0,,,0.013645227,-0.355498345,,,,,,
00:56.0,,,0.013594255,-0.353914174,,,,,,
00:56.0,,,0.013528748,-0.351932375,,,,,,
00:56.0,,,0.013513157,-0.351622225,,,,,,
00:56.0,,,0.014485227,-0.365678927,,,,,,
00:56.0,,,0.014485212,-0.365681341,,,,,,
00:56.1,,,,,1213.272461,,,,,
00:56.1,,,,,,17.15039063,,,,
00:56.2,,,0.014485202,-0.365683424,,,,,,
00:56.8,,,,,,,,,,
00:57.1,,,0.014484292,-0.365788164,,,,,,
00:57.1,,,0.014484288,-0.365788998,,,,,,
00:57.2,,,0.014484283,-0.365789838,,,,,,
00:57.2,,,0.01448428,-0.365790587,,,,,,
00:57.2,,,0.014484276,-0.365791299,,,,,,
00:57.2,,,0.014484276,-0.365791344,,,,,,
00:57.2,,,0.014484266,-0.365793208,,,,,,
00:57.2,,,0.014484266,-0.365793234,,,,,,
00:57.2,,,0.014484266,-0.365793245,,,,,,
00:57.2,,,0.014484267,-0.365793255,,,,,,
00:57.2,,,,,1190.599609,,,,,
00:57.2,,,,,,29.64648438,,,,
00:57.9,,,,,,,,,,
00:58.6,,,0.013048526,-0.35558364,,,,,,
00:58.6,,,0.013048759,-0.355590156,,,,,,
00:58.6,,,0.01306191,-0.355956568,,,,,,
00:58.6,,,0.013147645,-0.358302894,,,,,,
00:58.7,,,0.013224403,-0.360423048,,,,,,
00:58.7,,,0.013356963,-0.364189638,,,,,,
00:58.7,,,0.011929148,-0.351592273,,,,,,
00:58.7,,,0.012051023,-0.355940251,,,,,,
00:58.7,,,0.012196649,-0.361309193,,,,,,
00:58.7,,,0.012440822,-0.37081837,,,,,,
00:58.7,,,,,,19.97753906,,,,
00:58.7,,,,,1532.212891,,,,,
00:58.9,,,,,,,,,,
00:59.8,,,,,,,,,,
00:59.9,,,,,1726.833984,,,,,
00:59.9,,,,,,19.27636719,,,,
00:59.9,,,0.014594677,-0.656924561,,,,,,
01:00.0,,,0.01446381,-0.666254592,,,,,,
01:00.0,,,0.014116791,-0.684005979,,,,,,
01:00.0,,,0.013642397,-0.701239973,,,,,,
01:00.0,,,0.008855939,-0.565292525,,,,,,
01:00.0,,,0.008728096,-0.576321504,,,,,,
01:00.1,,,0.008219441,-0.608377281,,,,,,
01:00.1,,,0.008568132,-0.587242461,,,,,,
01:00.2,,,,,,31.18652344,,,,
01:00.2,,,,,2291.524414,,,,,
01:00.2,,,0.008037318,-0.618842716,,,,,,
01:00.6,85.6061,54.34,,,,,97.3,8.18737152,,
01:00.9,,,,,,,,,,
01:00.9,,,0.008402403,-0.597715825,,,,,,
01:01.2,,,0.003802108,-0.809819307,,,,,,
01:01.2,,,0.003651222,-0.815333528,,,,,,
01:01.3,,,0.003512657,-0.820605865,,,,,,
01:01.3,,,0.01247247,-0.921977346,,,,,,
01:01.3,,,0.012178355,-0.927432353,,,,,,
01:01.3,,,0.011812282,-0.934354551,,,,,,
01:01.4,,,0.011573675,-0.938944442,,,,,,
01:01.4,,,0.011334585,-0.943627588,,,,,,
01:01.4,,,0.011102077,-0.948272808,,,,,,
01:01.5,,,0.010866215,-0.953034642,,,,,,
01:01.5,,,,,2039.489258,,,,,
01:01.5,,,,,,17.84960938,,,,
01:01.8,,,,,,,,,,
01:02.6,,,0.014509761,-1.061384924,,,,,,
01:02.6,,,0.014398385,-1.064653653,,,,,,
01:02.7,,,0.014312539,-1.067103618,,,,,,
01:02.7,,,0.014229938,-1.069389963,,,,,,
01:02.7,,,0.014153349,-1.071498038,,,,,,
01:02.7,,,0.014076543,-1.073591094,,,,,,
01:02.7,,,0.013973682,-1.076325216,,,,,,
01:02.7,,,0.013937318,-1.077237923,,,,,,
01:02.7,,,0.013867227,-1.079036935,,,,,,
01:02.7,,,,,,43.51660156,,,,
01:02.7,,,,,1965.770508,,,,,
01:02.8,,,0.013803969,-1.080740988,,,,,,
01:02.9,,,,,,,,,,
01:03.8,,,,,,,,,,
01:04.0,,,,,2246.273438,,,,,
01:04.0,,,,,,55.11035156,,,,
01:04.0,,,0.004018447,-1.121862074,,,,,,
01:04.2,85.6061,54.21,,,,,98.3,8.18737152,,
01:04.2,85.6061,54.21,,,,,100,8.18737152,,
01:04.2,,,,,2590.746094,,,,,
01:04.2,,,,,,17.12109375,,,,
01:04.2,,,0.00398417,-1.123625106,,,,,,
01:04.4,,,0.004007362,-1.122403551,,,,,,
01:04.5,,,0.003970753,-1.124399533,,,,,,
01:04.6,,,0.003961697,-1.12507858,,,,,,
01:04.6,,,0.003956989,-1.125826279,,,,,,
01:04.7,,,0.003955627,-1.126459283,,,,,,
01:04.7,,,0.003955562,-1.127141657,,,,,,
01:04.7,,,0.003956262,-1.127706202,,,,,,
01:04.7,,,0.003963094,-1.128545243,,,,,,
01:04.8,,,,,,,,,,
01:05.2,,,0.003971981,-1.13087971,,,,,,
01:05.2,,,0.003969096,-1.130813212,,,,,,
01:05.3,,,0.00396409,-1.130661722,,,,,,
01:05.3,,,0.003961583,-1.13059077,,,,,,
01:05.3,,,-0.005472443,-1.138105998,,,,,,
01:05.3,,,-0.005482743,-1.137924502,,,,,,
01:05.3,,,-0.005491866,-1.137753164,,,,,,
01:05.3,,,-0.005503169,-1.137533624,,,,,,
01:05.3,,,-0.005519312,-1.137216012,,,,,,
01:05.3,,,-0.005522535,-1.137151963,,,,,,
01:05.4,,,,,2034.800781,,,,,
01:05.4,,,,,,20.61816406,,,,
01:05.9,,,,,,,,,,
01:06.5,,,-0.005652607,-1.133499703,,,,,,
01:06.5,,,-0.00565807,-1.133231059,,,,,,
01:06.6,,,-0.005662209,-1.132980111,,,,,,
01:06.6,,,-0.005666466,-1.132710867,,,,,,
01:06.6,,,-0.0015995,-1.128387903,,,,,,
01:06.6,,,-0.001600524,-1.12834204,,,,,,
01:06.6,,,-0.001602336,-1.128253019,,,,,,
01:06.6,,,-0.001602361,-1.128251882,,,,,,
01:06.7,,,-0.001603557,-1.128148211,,,,,,
01:06.7,,,,,2787.445313,,,,,
01:06.7,,,,,,19.20800781,,,,
01:06.7,,,-0.001605815,-1.127854501,,,,,,
01:06.9,,,,,,,,,,
01:07.8,,,-0.001596698,-1.127510512,,,,,,
01:07.9,,,,,,,,,,
01:07.9,,,-0.011104288,-1.128649108,,,,,,
01:07.9,,,,,3133.995117,,,,,
01:07.9,,,,,,19.35253906,,,,
01:07.9,,,-0.011104161,-1.12864665,,,,,,
01:07.9,,,-0.011104038,-1.12864425,,,,,,
01:07.9,,,-0.011103921,-1.128641981,,,,,,
01:07.9,,,-0.011103652,-1.128636794,,,,,,
01:07.9,,,-0.011103552,-1.128634838,,,,,,
01:07.9,,,-0.011103516,-1.12863412,,,,,,
01:07.9,,,-0.011103424,-1.128632319,,,,,,
01:07.9,,,-0.011103336,-1.128630609,,,,,,
01:08.5,,,,,,,,,/IP_10_3_0_8/trolley_parking_service,12661
01:08.7,,,,,1889.444336,,,,,
01:08.7,,,,,,30.05078125,,,,
01:08.9,,,,,,,,,,
01:08.9,,,0.003638225,-1.12905373,,,,,,
01:09.0,,,0.003638339,-1.12905254,,,,,,
01:09.0,,,0.003638455,-1.129051324,,,,,,
01:09.1,,,0.003638852,-1.12904719,,,,,,
01:09.1,,,0.003638944,-1.129046225,,,,,,
01:09.2,,,0.003639033,-1.129045303,,,,,,
01:09.2,,,0.00363911,-1.129044496,,,,,,
01:09.3,,,0.003639194,-1.129043615,,,,,,
01:09.3,,,,,2412.186523,,,,,
01:09.3,,,,,,25.7109375,,,,
01:09.4,,,0.003638712,-1.129048644,,,,,,
01:09.8,,,0.003638831,-1.129047404,,,,,,
01:09.9,,,,,,,,,,
01:10.1,,,0.003646097,-1.128946191,,,,,,
01:10.2,,,0.003646097,-1.1289462,,,,,,
01:10.2,,,0.003646119,-1.12894597,,,,,,
01:10.2,,,0.003646115,-1.128946008,,,,,,
01:10.2,,,0.003646111,-1.12894605,,,,,,
01:10.2,,,0.003646134,-1.128945811,,,,,,
01:10.3,,,-0.008621218,-1.124025167,,,,,,
01:10.3,,,-0.008621203,-1.124024661,,,,,,
01:10.3,,,-0.008621189,-1.124024179,,,,,,
01:10.3,,,-0.008621183,-1.124023976,,,,,,
01:10.3,85.6061,54.57,,,,,98.3,8.18737152,,
01:10.4,,,,,3219.71875,,,,,
01:10.4,,,,,,37.7734375,,,,
01:10.8,,,,,,,,,,
01:11.3,,,-0.008621082,-1.124020437,,,,,,
01:11.3,,,-0.008621081,-1.124020384,,,,,,
01:11.3,,,-0.00862108,-1.124020335,,,,,,
01:11.3,,,-0.008621078,-1.12402026,,,,,,
01:11.4,,,-0.008621076,-1.124020196,,,,,,
01:11.4,,,-0.008621076,-1.124020175,,,,,,
01:11.4,,,-0.008621075,-1.124020141,,,,,,
01:11.4,,,-0.008621074,-1.124020103,,,,,,
01:11.4,,,-0.008621069,-1.124019928,,,,,,
01:11.4,,,-0.008621064,-1.124019782,,,,,,
01:11.4,,,,,3793.143555,,,,,
01:11.4,,,,,,57.33691406,,,,
01:11.8,,,,,,,,,,
01:12.4,,,0.01384367,-1.131647814,,,,,,
01:12.4,,,0.013843751,-1.131647504,,,,,,
01:12.4,,,0.013843766,-1.131647446,,,,,,
01:12.5,,,0.013843799,-1.131647317,,,,,,
01:12.5,,,0.013843822,-1.131647227,,,,,,
01:12.5,,,0.013843866,-1.13164706,,,,,,
01:12.5,,,0.013843866,-1.131647057,,,,,,
01:12.6,,,0.013843886,-1.131646981,,,,,,
01:12.6,,,,,4201.890625,,,,,
01:12.6,,,,,,19.67285156,,,,
01:12.6,,,0.01384389,-1.131646966,,,,,,
01:12.6,,,0.013843895,-1.131646944,,,,,,
01:12.8,,,,,,,,,,
01:13.7,,,-0.002783737,-1.132125001,,,,,,
01:13.7,,,-0.002783746,-1.132124958,,,,,,
01:13.7,,,-0.002783754,-1.132124922,,,,,,
01:13.8,,,-0.002783755,-1.132124916,,,,,,
01:13.8,,,-0.002783762,-1.132124883,,,,,,
01:13.8,,,,,4419.760742,,,,,
01:13.8,,,,,,26.9140625,,,,
01:13.8,,,-0.002783769,-1.132124851,,,,,,
01:13.8,,,,,,,,,,
01:13.9,,,-0.002783775,-1.132124819,,,,,,
01:13.9,,,-0.002783781,-1.132124792,,,,,,
01:13.9,,,-0.021067945,-1.119283031,,,,,,
01:13.9,,,-0.02106809,-1.119282835,,,,,,
01:14.1,85.6061,54.55,,,,,85.7,8.18737152,,
01:14.1,,,,,4733.751953,,,,,
01:14.1,,,,,,19.88476563,,,,
01:14.9,,,,,,,,,,
01:14.9,85.6061,54.55,,,,,97.2,8.18737152,,
01:15.1,,,-0.002575949,-1.121220168,,,,,,
01:15.1,,,-0.002575935,-1.121220132,,,,,,
01:15.2,,,-0.002575926,-1.12122011,,,,,,
01:15.2,,,-0.00257592,-1.121220096,,,,,,
01:15.2,,,-0.002575914,-1.121220081,,,,,,
01:15.2,,,-0.002575902,-1.121220051,,,,,,
01:15.2,,,-0.002575891,-1.121220023,,,,,,
01:15.4,,,,,5187.083008,,,,,
01:15.4,,,,,,20.24023438,,,,
01:15.8,,,,,,,,,,
01:15.9,,,-0.021068722,-1.119281973,,,,,,
01:15.9,,,-0.021068725,-1.119281969,,,,,,
01:15.9,,,-0.002575957,-1.121220186,,,,,,
01:16.4,,,-0.002575796,-1.121219789,,,,,,
01:16.4,,,-0.002575796,-1.121219787,,,,,,
01:16.4,,,-0.002575795,-1.121219785,,,,,,
01:16.4,,,-0.002575794,-1.121219783,,,,,,
01:16.5,,,-0.002575793,-1.121219781,,,,,,
01:16.5,,,-0.002575792,-1.121219779,,,,,,
01:16.5,,,-0.014440832,-1.125168716,,,,,,
01:16.5,,,-0.014440837,-1.125168714,,,,,,
01:16.5,,,-0.014440851,-1.125168707,,,,,,
01:16.5,,,-0.014440868,-1.1251687,,,,,,
01:16.6,,,,,5298.577148,,,,,
01:16.6,,,,,,31.72070313,,,,
01:16.9,,,,,,,,,,
01:17.8,,,0.009266196,-1.117767657,,,,,,
01:17.8,,,0.009266259,-1.117767627,,,,,,
01:17.8,,,0.009266268,-1.117767622,,,,,,
01:17.9,,,0.009266299,-1.117767608,,,,,,
01:17.9,,,0.009266372,-1.117767573,,,,,,
01:17.9,,,,,,,,,,
01:17.9,,,0.009266403,-1.117767558,,,,,,
01:17.9,,,,,5263.467773,,,,,
01:17.9,,,,,,19.04785156,,,,
01:17.9,,,0.009266406,-1.117767556,,,,,,
01:17.9,,,0.009266433,-1.117767544,,,,,,
01:17.9,,,0.009266456,-1.117767533,,,,,,
01:17.9,,,0.009266478,-1.117767522,,,,,,
01:18.2,,,,,5082.719727,,,,,
01:18.2,,,,,,37.35449219,,,,
01:18.9,,,,,,,,,,
01:19.6,,,-0.00366763,-1.121428564,,,,,,
01:19.6,,,-0.003667632,-1.121428565,,,,,,
01:19.7,,,-0.003667641,-1.121428565,,,,,,
01:19.7,,,-0.00366765,-1.121428566,,,,,,
01:19.7,,,-0.003667658,-1.121428567,,,,,,
01:19.7,,,-0.003667665,-1.121428568,,,,,,
01:19.7,,,-0.003667685,-1.12142857,,,,,,
01:19.7,,,-0.003667702,-1.121428571,,,,,,
01:19.7,,,-0.003667695,-1.12142857,,,,,,
01:19.7,,,-0.003667701,-1.121428571,,,,,,
01:19.9,,,,,,,,,,
01:19.9,85.6061,54.16,,,,,96.8,8.18737152,,
01:19.9,,,,,7443.769531,,,,,
01:19.9,,,,,,54.37695313,,,,
01:20.9,,,,,,,,,,
01:21.3,,,,,,,,,/IP_10_3_0_8/release_trolley,12465
01:21.6,,,,,,,,,/IP_10_3_0_8/rosping_service,8691
01:21.7,,,-0.002825306,-1.121441434,,,,,,
01:21.7,,,-0.002825306,-1.121441434,,,,,,
01:21.7,,,,,8517.967773,,,,,
01:21.7,,,,,,19.92285156,,,,
01:21.7,,,-0.002825306,-1.121441434,,,,,,
01:21.7,,,-0.002825306,-1.121441435,,,,,,
01:21.8,,,-0.002825306,-1.121441436,,,,,,
01:21.8,,,-0.002825306,-1.121441436,,,,,,
01:21.8,,,-0.002825307,-1.121441436,,,,,,
01:21.8,,,-0.002825307,-1.121441436,,,,,,
01:21.8,,,-0.002825307,-1.121441436,,,,,,
01:21.9,,,-0.002825307,-1.121441437,,,,,,
01:21.9,,,,,,,,,,
01:22.3,,,,,9171.271484,,,,,
01:22.3,,,,,,17.86425781,,,,
01:23.0,,,,,,,,,,
01:24.3,,,,,,,,,,
01:24.7,,,0.028139128,-0.71560133,,,,,,
01:24.7,,,,,7834.564453,,,,,
01:24.7,,,,,,27.51074219,,,,
01:24.7,,,0.029317946,-0.700760132,,,,,,
01:24.7,,,0.030517654,-0.685750921,,,,,,
01:24.8,,,0.030950983,-0.680344004,,,,,,
01:24.9,,,,,,,,,/IP_10_3_0_8/reverse_robot,3417
01:25.1,,,,,8291.561523,,,,,
01:25.1,,,0.031748984,-0.670428258,,,,,,
01:25.1,,,0.032574686,-0.660239711,,,,,,
01:25.1,,,0.033389966,-0.650247583,,,,,,
01:25.1,,,0.034201525,-0.640251378,,,,,,
01:25.1,,,0.035031402,-0.63011756,,,,,,
01:25.1,85.6061,54.16,,,,,85.7,8.18737152,,
01:25.1,,,0.036246821,-0.615264293,,,,,,
01:25.2,,,,,,,,,,
01:25.4,,,,,8188.560547,,,,,
01:25.4,,,,,,16.70214844,,,,
01:25.9,,,,,,,,,,
01:26.0,85.6061,54.16,,,,,96.1,8.18737152,,
01:26.0,,,,,,29.17675781,,,,
01:26.8,,,-0.007009723,-0.209546816,,,,,,
01:26.8,,,-0.013554391,-0.198235399,,,,,,
01:26.8,,,-0.019953583,-0.18804319,,,,,,
01:26.8,,,,,,26.21582031,,,,
01:26.8,,,,,6352.535156,,,,,
01:26.8,,,-0.02632225,-0.178537404,,,,,,
01:26.8,,,-0.032900736,-0.169422828,,,,,,
01:26.8,,,-0.039684519,-0.160685229,,,,,,
01:26.8,,,-0.049913656,-0.148483351,,,,,,
01:26.8,,,-0.059480913,-0.138464635,,,,,,
01:26.9,,,-0.062642068,-0.135380773,,,,,,
01:26.9,,,-0.068997577,-0.12951315,,,,,,
01:26.9,,,,,,,,,,
01:27.1,,,,,4993.172852,,,,,
01:27.1,,,,,,52.78808594,,,,
01:27.9,,,,,6144.723633,,,,,
01:27.9,,,,,,65.20996094,,,,
01:27.9,,,,,,,,,,
01:28.9,,,-0.046215594,-0.068555281,,,,,,
01:28.9,,,-0.00851907,-0.053782076,,,,,,
01:28.9,,,0.01201434,-0.045498432,,,,,,
01:28.9,,,0.030856457,-0.037709043,,,,,,
01:28.9,,,,,,,,,,
01:28.9,,,0.051217567,-0.029024045,,,,,,
01:29.0,,,0.072007116,-0.019976414,,,,,,
01:29.0,,,0.104459898,-0.005645176,,,,,,
01:29.0,,,0.138479376,0.009635176,,,,,,
01:29.0,,,0.149783621,0.014756906,,,,,,
01:29.2,,,,,7892.157227,,,,,
01:29.2,,,,,,22.77539063,,,,
01:29.9,,,,,,,,,,
01:29.9,,,0.172949359,0.025285963,,,,,,
01:29.9,,,,,8783.358398,,,,,
01:29.9,,,,,,22.82324219,,,,
01:31.0,,,,,,,,,,
01:31.1,,,0.818171785,0.838273582,,,,,,
01:31.1,,,0.82361384,0.851581482,,,,,,
01:31.1,,,0.83006593,0.86985053,,,,,,
01:31.1,,,0.833539185,0.881513549,,,,,,
01:31.1,85.6061,54.04,,,,,96.7,8.18737152,,
01:31.2,,,,,7334.358398,,,,,
01:31.2,,,,,,20.72558594,,,,
01:31.2,,,,,6886.977539,,,,,
01:31.2,,,,,,19.29199219,,,,
01:31.6,,,0.766083932,0.750515227,,,,,,
01:31.6,,,0.78236696,0.773487901,,,,,,
01:31.7,,,0.787219664,0.780941772,,,,,,
01:31.7,,,0.796280099,0.79579797,,,,,,
01:31.7,,,0.804542215,0.810299289,,,,,,
01:31.9,,,0.811848357,0.824767316,,,,,,
01:32.0,,,,,,,,,,
01:33.3,,,,,,,,,,
01:33.6,,,1.078635247,1.144140937,,,,,,
01:33.6,,,1.075553925,1.145305942,,,,,,
01:33.6,,,1.071782419,1.146618979,,,,,,
01:33.7,,,1.066533198,1.148316249,,,,,,
01:33.7,,,1.063664519,1.149117923,,,,,,
01:33.7,,,1.061931135,1.149569349,,,,,,
01:33.7,,,1.060634598,1.149867829,,,,,,
01:33.7,,,1.060323403,1.149932303,,,,,,
01:33.7,,,1.060341347,1.149930496,,,,,,
01:33.7,,,1.162417936,1.093248586,,,,,,
01:33.8,,,,,7466.097656,,,,,
01:33.8,,,,,,30.71679688,,,,
01:33.9,,,,,5564.077148,,,,,
01:33.9,,,,,,18.83203125,,,,
01:34.0,,,,,,,,,,
01:34.1,,,,,,,,,/IP_10_3_0_8/move_robot,9151
01:35.1,,,,,,,,,,
01:36.0,,,,,,,,,,
01:36.7,,,1.136779661,1.094244196,,,,,,
01:36.7,85.6061,54.4,,,,,96.3,8.18737152,,
01:36.7,,,1.136783611,1.09424407,,,,,,
01:36.7,85.6061,54.4,,,,,90.9,8.18737152,,
01:36.7,,,1.136789922,1.094243842,,,,,,
01:36.7,,,1.136790123,1.09424385,,,,,,
01:36.7,,,,,,38.68066406,,,,
01:36.7,,,,,3696.179688,,,,,
01:36.7,,,1.136791649,1.094243801,,,,,,
01:36.7,,,1.136793099,1.094243754,,,,,,
01:36.8,,,1.136795142,1.094243687,,,,,,
01:36.8,,,1.136799255,1.094243543,,,,,,
01:36.8,,,1.136799825,1.094243524,,,,,,
01:36.8,,,1.136800928,1.094243488,,,,,,
01:36.9,,,,,,56.54589844,,,,
01:36.9,,,,,3870.202148,,,,,
01:36.9,,,,,3704.818359,,,,,
01:36.9,,,,,,15.33300781,,,,
01:37.2,,,,,,,,,,
01:38.3,,,,,,,,,,
01:39.2,,,,,,,,,,
01:39.6,,,1.137704083,1.095095298,,,,,,
01:39.6,,,1.137704593,1.095095281,,,,,,
01:39.7,,,1.137704692,1.095095278,,,,,,
01:39.7,,,,,3777.425781,,,,,
01:39.7,,,,,,16.12207031,,,,
01:39.7,,,1.137705171,1.095095262,,,,,,
01:39.7,,,1.137706354,1.095095222,,,,,,
01:39.7,,,1.137706763,1.095095209,,,,,,
01:39.7,,,1.137706807,1.095095208,,,,,,
01:39.7,,,1.137707149,1.095095196,,,,,,
01:39.7,,,1.13770751,1.095095183,,,,,,
01:39.7,,,1.137707837,1.095095172,,,,,,
01:39.8,,,,,3825.464844,,,,,
01:39.8,,,,,,24.46386719,,,,
01:39.9,85.6061,54.36,,,,,96.6,8.18737152,,
01:39.9,,,,,3742.374023,,,,,
01:39.9,,,,,,30.11035156,,,,
01:40.0,,,,,,,,,,
01:40.9,,,,,,,,,,
01:41.5,,,1.137684378,1.090491788,,,,,,
01:41.5,,,1.137684417,1.090491785,,,,,,
01:41.5,,,1.13768463,1.090491768,,,,,,
01:41.5,,,,,3525.256836,,,,,
01:41.5,,,,,,67.75097656,,,,
01:41.5,,,1.137684792,1.090491754,,,,,,
01:41.5,,,1.137684849,1.09049175,,,,,,
01:41.5,,,1.137685007,1.090491737,,,,,,
01:41.6,,,1.137685156,1.090491724,,,,,,
01:41.6,,,1.137685197,1.090491721,,,,,,
01:41.6,,,1.137685334,1.09049171,,,,,,
01:41.6,,,1.137685384,1.090491706,,,,,,
01:41.7,,,,,3492.554688,,,,,
01:41.7,,,,,,19.22460938,,,,
01:41.9,,,,,,,,,,
01:42.9,,,,,,,,,,
01:43.2,,,1.140876775,1.092274934,,,,,,
01:43.2,,,1.140876861,1.092274934,,,,,,
01:43.2,,,1.140876943,1.092274934,,,,,,
01:43.2,,,1.140877177,1.092274934,,,,,,
01:43.2,,,1.140877233,1.092274934,,,,,,
01:43.3,,,1.140877299,1.092274934,,,,,,
01:43.3,,,1.140877438,1.092274934,,,,,,
01:43.3,,,,,3539.768555,,,,,
01:43.3,,,,,,35.18652344,,,,
01:43.3,,,1.140877437,1.092274934,,,,,,
01:43.3,,,1.140877569,1.092274934,,,,,,
01:43.3,,,1.140877627,1.092274934,,,,,,
01:43.6,,,,,3653.838867,,,,,
01:43.6,,,,,,52.5625,,,,
01:43.9,,,,,,,,,,
01:44.9,,,,,,,,,,
01:45.1,,,1.135937554,1.093102395,,,,,,
01:45.2,,,1.135937564,1.093102396,,,,,,
01:45.2,,,,,,,,,/IP_10_3_0_8/move_camera,2260
01:45.2,,,1.135937575,1.093102397,,,,,,
01:45.2,,,1.135937583,1.093102399,,,,,,
01:45.2,85.6061,54.46,,,,,95.7,8.18737152,,
01:45.3,85.6061,54.46,,,,,100,8.18737152,,
01:45.3,,,1.135937594,1.0931024,,,,,,
01:45.3,,,1.135210904,1.09524534,,,,,,
01:45.3,,,,,,28.96972656,,,,
01:45.3,,,,,3533.921875,,,,,
01:45.4,,,,,,16.19921875,,,,
01:45.4,,,,,3757.517578,,,,,
01:45.6,,,1.135937513,1.093102389,,,,,,
01:45.8,,,1.135937528,1.093102391,,,,,,
01:45.9,,,,,,,,,,
01:45.9,,,1.13593753,1.093102391,,,,,,
01:46.0,,,1.135937542,1.093102393,,,,,,
01:46.5,,,1.137268812,1.0951898,,,,,,
01:46.6,,,1.136750029,1.095142238,,,,,,
01:46.6,,,1.135995243,1.095079883,,,,,,
01:46.6,,,1.141951638,1.093359382,,,,,,
01:46.6,,,1.140009696,1.093325923,,,,,,
01:46.6,,,1.137068294,1.093181496,,,,,,
01:46.6,,,1.13348529,1.092895706,,,,,,
01:46.6,,,1.12775904,1.092273482,,,,,,
01:46.7,,,1.118122678,1.090601423,,,,,,
01:46.7,,,1.112215253,1.0892726,,,,,,
01:46.7,,,,,3860.598633,,,,,
01:46.7,,,,,,25.68457031,,,,
01:46.9,,,,,,,,,,
01:47.9,,,,,,,,,,
01:47.9,,,0.951105637,0.89265974,,,,,,
01:48.0,,,0.942643437,0.883491151,,,,,,
01:48.0,,,0.925975924,0.865372089,,,,,,
01:48.0,,,,,5392.041992,,,,,
01:48.0,,,,,,25.41015625,,,,
01:48.0,,,0.908990051,0.846847798,,,,,,
01:48.1,,,0.793178841,0.719545813,,,,,,
01:48.3,,,,,5574.326172,,,,,
01:48.3,,,,,,35.29980469,,,,
01:48.3,,,0.891510142,0.827788005,,,,,,
01:48.3,,,0.873853031,0.808494072,,,,,,
01:48.3,,,0.847382289,0.77946008,,,,,,
01:48.7,,,0.829606795,0.759884676,,,,,,
01:48.8,,,0.811310514,0.739653226,,,,,,
01:48.9,,,,,,,,,,
01:49.4,,,0.321810655,0.172138439,,,,,,
01:49.4,,,0.30595487,0.153532374,,,,,,
01:49.4,,,0.289842512,0.134843436,,,,,,
01:49.4,,,0.274460882,0.117232763,,,,,,
01:49.4,,,0.250966216,0.090868211,,,,,,
01:49.4,,,0.227558461,0.065395571,,,,,,
01:49.4,,,0.689798014,0.520348811,,,,,,
01:49.5,,,0.676051207,0.502549029,,,,,,
01:49.5,,,0.662328968,0.485134164,,,,,,
01:49.5,,,0.648297007,0.467827944,,,,,,
01:49.5,,,,,5145.615234,,,,,
01:49.5,,,,,,22.76757813,,,,
01:49.9,,,,,,,,,,
01:50.9,,,0.323810792,-0.033172447,,,,,,
01:50.9,85.6061,55.04,,,,,96.8,8.18737152,,
01:50.9,,,0.322977632,-0.034464319,,,,,,
01:50.9,,,,,,,,,,
01:50.9,,,0.323140799,-0.034201392,,,,,,
01:50.9,,,0.32318809,-0.034129136,,,,,,
01:50.9,,,0.323816767,-0.033036432,,,,,,
01:50.9,,,0.325896006,-0.029139901,,,,,,
01:50.9,,,0.328472851,-0.023720441,,,,,,
01:50.9,,,0.016465581,-0.372371568,,,,,,
01:50.9,,,,,6582.115234,,,,,
01:50.9,,,,,,40.10253906,,,,
01:51.0,,,0.01887655,-0.367890077,,,,,,
01:51.0,,,0.021669434,-0.362541561,,,,,,
01:51.2,,,,,6623.371094,,,,,
01:51.2,,,,,,58.63183594,,,,
01:51.9,,,,,,,,,,
01:52.8,,,0.009499874,-0.297080969,,,,,,
01:52.9,,,0.009500997,-0.297049514,,,,,,
01:52.9,,,,,,,,,,
01:52.9,,,0.009502173,-0.2970169,,,,,,
01:52.9,,,0.009503224,-0.296987556,,,,,,
01:52.9,,,0.009505994,-0.296915761,,,,,,
01:53.0,,,0.009506907,-0.296888337,,,,,,
01:53.0,,,0.009506975,-0.296884812,,,,,,
01:53.0,,,0.009507831,-0.296860963,,,,,,
01:53.0,,,0.009508656,-0.296838012,,,,,,
01:53.1,,,,,5025.983398,,,,,
01:53.1,,,,,,19.49023438,,,,
01:53.1,,,,,,18.77148438,,,,
01:53.1,,,,,3947.81543,,,,,
01:53.5,,,0.009509392,-0.296817381,,,,,,
01:53.9,,,,,,,,,,
01:53.9,,,,,,,,,/IP_10_3_0_8/move_robot,8684
01:54.4,,,0.008462413,-0.298253861,,,,,,
01:54.5,,,0.00846258,-0.2982493,,,,,,
01:54.5,,,0.008463276,-0.298232718,,,,,,
01:54.5,,,0.00846334,-0.298230659,,,,,,
01:54.5,,,0.008463387,-0.298229322,,,,,,
01:54.5,,,0.008463439,-0.29822784,,,,,,
01:54.5,,,0.008463522,-0.298225531,,,,,,
01:54.5,,,0.008463588,-0.298223642,,,,,,
01:54.5,,,0.006939059,-0.301053485,,,,,,
01:54.6,,,0.006939246,-0.301047953,,,,,,
01:54.6,85.6061,54.42,,,,,98,8.18737152,,
01:54.6,85.6061,54.42,,,,,100,8.18737152,,
01:54.7,,,,,5854.428711,,,,,
01:54.7,,,,,,18.94824219,,,,
01:54.9,,,,,,,,,,
01:55.9,,,,,,,,,,
01:56.0,,,0.012281546,-0.30511415,,,,,,
01:56.2,,,0.01228245,-0.305093922,,,,,,
01:56.2,,,0.012281861,-0.305107082,,,,,,
01:56.2,,,0.012282636,-0.305089764,,,,,,
01:56.2,,,0.012283027,-0.305081049,,,,,,
01:56.2,,,,,6012.452148,,,,,
01:56.2,,,0.012283204,-0.30507708,,,,,,
01:56.2,,,,,,33.20410156,,,,
01:56.2,,,0.012283225,-0.305076584,,,,,,
01:56.3,,,0.012283364,-0.305073481,,,,,,
01:56.3,,,,,,,,,/IP_10_3_0_8/rosping_service,1858
01:56.4,,,,,6379.572266,,,,,
01:56.4,,,,,,30.33496094,,,,
01:56.5,,,0.012282158,-0.305100484,,,,,,
01:56.8,,,,,,,,,/IP_10_3_0_8/move_camera,2157
01:56.9,,,0.012282275,-0.305097829,,,,,,
01:56.9,,,,,,,,,,
01:57.2,,,,,,,,,/IP_10_3_0_8/object_detection,1105
01:58.0,,,,,,,,,,
01:58.5,,,0.010446526,-0.306311024,,,,,,
01:58.5,,,0.010446555,-0.306310328,,,,,,
01:58.5,,,0.010446636,-0.30630838,,,,,,
01:58.6,,,0.010446641,-0.306308258,,,,,,
01:58.6,,,0.010446643,-0.306308214,,,,,,
01:58.6,,,0.01044667,-0.306307575,,,,,,
01:58.6,,,0.010446694,-0.306307006,,,,,,
01:58.6,,,0.010446716,-0.306306466,,,,,,
01:58.6,,,0.010446738,-0.30630595,,,,,,
01:58.6,,,0.010446758,-0.306305462,,,,,,
01:58.7,,,,,,27.40429688,,,,
01:58.7,,,,,6132.811523,,,,,
01:58.7,,,,,,41.41796875,,,,
01:58.7,,,,,6185.453125,,,,,
01:59.0,,,,,,,,,,
01:59.5,,,,,,,,,/IP_10_3_0_8/move_camera,2260
02:00.0,,,,,,,,,,
02:01.0,,,,,,,,,,
02:01.1,,,0.008440345,-0.302052131,,,,,,
02:01.1,,,,,5776.19043,,,,,
02:01.1,,,,,,53.24707031,,,,
02:01.1,,,0.008440345,-0.302051952,,,,,,
02:01.1,,,0.008440345,-0.302051895,,,,,,
02:01.1,,,0.008440345,-0.30205173,,,,,,
02:01.2,,,0.008440345,-0.302051574,,,,,,
02:01.2,,,0.008440346,-0.302051424,,,,,,
02:01.2,,,0.008440346,-0.302051283,,,,,,
02:01.2,,,0.008440346,-0.302051148,,,,,,
02:01.2,,,0.008440347,-0.302050816,,,,,,
02:01.2,,,0.008440347,-0.302050682,,,,,,
02:01.2,85.6061,54.55,,,,,97.7,8.18737152,,
02:01.2,,,,,6094.487305,,,,,
02:01.2,,,,,,23.57714844,,,,
02:01.3,,,,,5914.878906,,,,,
02:01.3,,,,,,18.40527344,,,,
02:02.2,,,,,,,,,,
02:03.4,,,,,,,,,,
02:04.0,,,,,,,,,,
02:04.4,,,0.014182046,-0.475717194,,,,,,
02:04.4,,,0.014270723,-0.478329174,,,,,,
02:04.4,,,0.014341509,-0.480601765,,,,,,
02:04.5,,,0.014406588,-0.48287428,,,,,,
02:04.5,,,0.014465081,-0.485314854,,,,,,
02:04.5,,,0.014509819,-0.487352908,,,,,,
02:04.5,,,0.014550291,-0.489811674,,,,,,
02:04.5,,,0.014605347,-0.493257409,,,,,,
02:04.5,,,0.014620908,-0.495077688,,,,,,
02:04.5,,,0.014633237,-0.497126587,,,,,,
02:04.6,,,,,6325.982422,,,,,
02:04.6,,,,,,22.71386719,,,,
02:04.7,,,,,5494.453125,,,,,
02:04.7,,,,,,17.96289063,,,,
02:04.7,85.6061,54.16,,,,,97,8.18737152,,
02:04.7,,,,,4305.910156,,,,,
02:04.7,,,,,,38.81542969,,,,
02:04.7,85.6061,54.16,,,,,100,8.18737152,,
02:04.9,,,,,,,,,,
02:05.9,,,,,,,,,,
02:06.6,,,0.01199081,-0.576166229,,,,,,
02:06.6,,,0.011948116,-0.577047725,,,,,,
02:06.7,,,0.01189143,-0.578321095,,,,,,
02:06.7,,,0.011873696,-0.578802524,,,,,,
02:06.7,,,0.01184116,-0.579752056,,,,,,
02:06.7,,,0.011804108,-0.581103972,,,,,,
02:06.7,,,0.01178402,-0.581829655,,,,,,
02:06.8,,,0.011767361,-0.582425473,,,,,,
02:06.8,,,,,5500.729492,,,,,
02:06.8,,,,,,17.07226563,,,,
02:06.8,,,0.011761827,-0.582639114,,,,,,
02:06.8,,,0.011753771,-0.582892127,,,,,,
02:06.9,,,,,7747.171875,,,,,
02:06.9,,,,,,35.71484375,,,,
02:06.9,,,,,,,,,,
02:07.9,,,,,,,,,,
02:08.9,,,,,,,,,,
02:09.1,,,0.018696831,-0.611647822,,,,,,
02:09.2,,,0.01869094,-0.612077096,,,,,,
02:09.2,,,0.018683737,-0.612513934,,,,,,
02:09.2,,,0.018670501,-0.613144876,,,,,,
02:09.2,,,,,6851.179688,,,,,
02:09.2,,,,,,53.93652344,,,,
02:09.2,,,0.018649793,-0.613917541,,,,,,
02:09.2,,,0.018641992,-0.614173267,,,,,,
02:09.2,,,0.018633965,-0.614436983,,,,,,
02:09.2,,,0.018612051,-0.615151542,,,,,,
02:09.2,,,0.018586108,-0.616032058,,,,,,
02:09.2,,,0.018581447,-0.616208184,,,,,,
02:09.4,,,,,6196.68457,,,,,
02:09.4,,,,,,17.12988281,,,,
02:09.4,,,,,6730.181641,,,,,
02:09.4,,,,,,18.73046875,,,,
02:09.9,,,,,,,,,,
02:10.9,,,,,,,,,,
02:11.6,,,0.011724712,-0.624378886,,,,,,
02:11.6,,,0.011724752,-0.624378016,,,,,,
02:11.6,,,0.011724791,-0.624377182,,,,,,
02:11.6,,,0.011724937,-0.624374453,,,,,,
02:11.6,,,0.011725076,-0.624371845,,,,,,
02:11.7,,,0.011725104,-0.624371225,,,,,,
02:11.7,,,0.011725232,-0.624368832,,,,,,
02:11.8,,,0.011725362,-0.62436641,,,,,,
02:11.8,,,0.011725677,-0.624360641,,,,,,
02:11.8,,,0.011725928,-0.624356177,,,,,,
02:11.8,85.6061,53.89,,,,,98.5,8.18737152,,
02:11.9,,,,,7694.615234,,,,,
02:11.9,,,,,,18.25,,,,
02:11.9,,,,,6621.271484,,,,,
02:11.9,,,,,,18.21484375,,,,
02:11.9,,,,,,,,,,
02:13.3,,,,,,,,,,
02:13.9,,,,,,,,,,
02:14.0,,,0.017215941,-0.774743867,,,,,,
02:14.2,,,0.016906147,-0.786047112,,,,,,
02:14.3,,,0.016469474,-0.800449482,,,,,,
02:14.4,,,,,5689.995117,,,,,
02:14.4,,,,,,17.47753906,,,,
02:14.4,85.6061,53.86,,,,,95.9,8.18737152,,
02:14.4,,,,,5329.461914,,,,,
02:14.4,,,,,,52.71875,,,,
02:14.4,85.6061,53.48,,,,,100,8.18737152,,
02:14.4,,,0.016581619,-0.796887127,,,,,,
02:14.5,,,0.013240816,-0.698807425,,,,,,
02:14.5,,,,,7402.171875,,,,,
02:14.5,,,,,,29.3828125,,,,
02:14.6,,,0.012934968,-0.705511571,,,,,,
02:14.6,,,0.012583287,-0.712688845,,,,,,
02:14.6,,,0.01223782,-0.719423919,,,,,,
02:14.8,,,0.011682231,-0.72974108,,,,,,
02:14.9,,,0.011306729,-0.736296681,,,,,,
02:14.9,,,,,,,,,,
02:16.0,,,,,,,,,,
02:16.3,,,0.008293462,-0.958835642,,,,,,
02:16.4,,,0.008733929,-0.985329052,,,,,,
02:16.4,,,0.008719487,-0.986597034,,,,,,
02:16.4,,,0.00867388,-0.990325822,,,,,,
02:16.4,,,0.008625743,-0.992715819,,,,,,
02:16.4,,,0.008575632,-0.994882759,,,,,,
02:16.4,,,0.008519727,-0.99712623,,,,,,
02:16.5,,,0.00846402,-0.999219493,,,,,,
02:16.5,,,0.008402088,-1.00117668,,,,,,
02:16.5,,,0.008288478,-1.004231918,,,,,,
02:16.6,,,,,8276.780273,,,,,
02:16.6,,,,,,54.88867188,,,,
02:16.6,,,,,8542.225586,,,,,
02:16.6,,,,,,17.81152344,,,,
02:16.9,,,,,,,,,,
02:17.9,,,,,,,,,,
02:18.8,,,0.009398691,-1.09048532,,,,,,
02:18.8,,,0.009384297,-1.0907288,,,,,,
02:18.8,,,0.009334409,-1.091577909,,,,,,
02:18.9,,,0.009309211,-1.092018034,,,,,,
02:18.9,,,0.009282624,-1.09249735,,,,,,
02:19.0,,,,,,,,,,
02:19.2,,,,,6454.06543,,,,,
02:19.2,,,,,,17.02734375,,,,
02:19.2,,,,,7424.319336,,,,,
02:19.2,,,,,,18.97167969,,,,
02:19.7,,,0.009228151,-1.093513775,,,,,,
02:19.7,,,0.009191481,-1.094240133,,,,,,
02:19.7,,,0.009173856,-1.094594135,,,,,,
02:19.8,,,0.009164577,-1.094772847,,,,,,
02:19.9,,,0.009154048,-1.09497322,,,,,,
02:19.9,,,,,6468.078125,,,,,
02:19.9,,,,,,16.93945313,,,,
02:19.9,,,,,,,,,,
02:20.9,,,,,,,,,,
02:21.1,,,-0.021084739,-1.106770094,,,,,,
02:21.2,,,-0.021095563,-1.106875118,,,,,,
02:21.2,,,-0.021156324,-1.107461505,,,,,,
02:21.2,,,-0.021188921,-1.107766356,,,,,,
02:21.2,,,-0.021212669,-1.107985937,,,,,,
02:21.2,,,-0.021253257,-1.108352696,,,,,,
02:21.3,,,-0.02130323,-1.108797702,,,,,,
02:21.3,,,-0.02133412,-1.109070119,,,,,,
02:21.3,,,-0.02142411,-1.109835696,,,,,,
02:21.3,,,-0.021488466,-1.110384555,,,,,,
02:21.4,85.6061,53.78,,,,,98.3,8.18737152,,
02:21.4,,,,,7826.404297,,,,,
02:21.4,,,,,,29.5546875,,,,
02:21.5,,,,,7690.56543,,,,,
02:21.5,,,,,,18.36230469,,,,
02:21.9,,,,,,,,,,
02:23.0,,,,,,,,,,
02:23.5,,,,,,,,,/IP_10_3_0_8/trolley_docking_service,24061
02:23.6,,,,,,,,,/IP_10_3_0_8/rosping_service,10805
02:23.7,,,0.003608923,-1.120820407,,,,,,
02:23.7,,,0.003609038,-1.120816441,,,,,,
02:23.7,,,0.003609134,-1.120813246,,,,,,
02:23.7,,,-0.015766091,-1.120507791,,,,,,
02:23.7,,,-0.0157661,-1.120505739,,,,,,
02:23.7,,,-0.015766109,-1.120502119,,,,,,
02:23.8,,,-0.015766118,-1.120501437,,,,,,
02:23.8,,,-0.015766125,-1.120499648,,,,,,
02:23.8,,,-0.01576614,-1.120495458,,,,,,
02:23.8,,,-0.015766147,-1.120494586,,,,,,
02:23.9,,,,,7581.010742,,,,,
02:23.9,,,,,,36.54492188,,,,
02:23.9,,,,,,,,,,
02:24.2,85.6061,53.86,,,,,96.8,8.18737152,,
02:24.2,,,,,6628.665039,,,,,
02:24.2,,,,,,53.87890625,,,,
02:24.9,,,,,,,,,,
02:25.9,85.6061,54.19,,,,,100,8.18737152,,
02:25.9,,,0.006859991,-1.128100674,,,,,,
02:25.9,,,,,,,,,,
02:26.2,,,,,8436.466797,,,,,
02:26.2,,,,,,17.49121094,,,,
02:26.2,,,,,7955.62793,,,,,
02:26.2,,,,,,16.44042969,,,,
02:26.5,,,0.00686,-1.128100502,,,,,,
02:26.5,,,,,6522.279297,,,,,
02:26.5,,,,,,27.34863281,,,,
02:26.5,,,0.006860011,-1.128100323,,,,,,
02:26.5,,,0.006860038,-1.128099888,,,,,,
02:26.5,,,0.006860041,-1.128099838,,,,,,
02:26.5,,,0.006860063,-1.128099487,,,,,,
02:26.6,,,0.006860068,-1.128099402,,,,,,
02:26.6,,,0.006860073,-1.128099322,,,,,,
02:26.6,,,-0.014018058,-1.125731899,,,,,,
02:26.6,,,-0.014018065,-1.125731677,,,,,,
02:26.9,,,,,,,,,,
02:27.9,,,,,,,,,,
02:28.3,,,0.010732138,-1.130834895,,,,,,
02:28.4,,,0.010732156,-1.130834826,,,,,,
02:28.5,,,0.010732173,-1.130834765,,,,,,
02:28.5,,,0.010732173,-1.130834764,,,,,,
02:28.5,,,0.010732173,-1.130834762,,,,,,
02:28.5,,,0.010732174,-1.130834761,,,,,,
02:28.5,,,0.010732174,-1.130834759,,,,,,
02:28.5,,,0.010732188,-1.130834708,,,,,,
02:28.5,,,0.010732188,-1.130834707,,,,,,
02:28.5,,,0.010732188,-1.130834707,,,,,,
02:28.7,,,,,7368.336914,,,,,
02:28.7,,,,,,16.69042969,,,,
02:28.7,,,,,8540.458008,,,,,
02:28.7,,,,,,29.80761719,,,,
02:29.3,,,,,,,,,,
02:30.0,,,,,,,,,,
02:30.9,,,-0.004499257,-1.121629211,,,,,,
02:30.9,,,-0.004499257,-1.12162917,,,,,,
02:31.0,,,-0.004499257,-1.121629179,,,,,,
02:31.0,,,,,,,,,,
02:31.1,,,-0.004499257,-1.121629159,,,,,,
02:31.1,,,,,5713.700195,,,,,
02:31.1,,,,,,23.37695313,,,,
02:31.1,,,-0.004499257,-1.121629141,,,,,,
02:31.1,,,-0.015811505,-1.116783159,,,,,,
02:31.1,,,-0.015811556,-1.116783088,,,,,,
02:31.1,,,-0.015811565,-1.116783076,,,,,,
02:31.1,,,-0.015811595,-1.116783035,,,,,,
02:31.1,,,-0.01581161,-1.116783015,,,,,,
02:31.1,85.6061,54.01,,,,,96.8,8.18737152,,
02:31.1,,,,,4153.6875,,,,,
02:31.1,,,,,,49.97851563,,,,
02:31.2,,,,,4415.745117,,,,,
02:31.2,,,,,,53.28027344,,,,
02:32.0,,,,,,,,,,
02:32.9,,,,,,,,,,
02:33.1,,,0.006357729,-1.12764611,,,,,,
02:33.1,,,-0.008936723,-1.132695873,,,,,,
02:33.1,,,-0.008936731,-1.132695883,,,,,,
02:33.2,,,-0.008936749,-1.132695904,,,,,,
02:33.2,,,-0.008936765,-1.132695922,,,,,,
02:33.2,,,-0.00893678,-1.13269594,,,,,,
02:33.3,,,,,3669.647461,,,,,
02:33.3,,,,,,17.94042969,,,,
02:33.3,,,,,4802.975586,,,,,
02:33.3,,,,,,17.95214844,,,,
02:33.6,,,0.006357607,-1.127646081,,,,,,
02:33.7,,,0.006357631,-1.127646086,,,,,,
02:33.7,,,0.006357656,-1.127646092,,,,,,
02:33.9,,,,,,,,,,
02:33.9,,,0.006357677,-1.127646098,,,,,,
02:34.7,,,-0.012986763,-1.125077475,,,,,,
02:34.7,,,-0.012986778,-1.125077471,,,,,,
02:34.7,,,-0.012986791,-1.125077468,,,,,,
02:34.7,,,-0.012986823,-1.12507746,,,,,,
02:34.8,,,-0.012986836,-1.125077457,,,,,,
02:34.8,,,-0.012986838,-1.125077456,,,,,,
02:34.8,,,-0.012986847,-1.125077454,,,,,,
02:34.8,,,-0.012986858,-1.125077451,,,,,,
02:34.8,,,-0.012986867,-1.125077449,,,,,,
02:34.8,,,-0.012986876,-1.125077446,,,,,,
02:34.9,,,,,,,,,,
02:35.0,85.6061,53.95,,,,,96.4,8.18737152,,
02:35.0,,,,,3917.441406,,,,,
02:35.0,,,,,,17.73730469,,,,
02:35.0,85.6061,53.82,,,,,100,8.18737152,,
02:35.8,,,,,,,,,/IP_10_3_0_8/grab_trolley,11558
02:35.9,,,,,,,,,,
02:36.4,,,0.010547901,-1.127502811,,,,,,
02:36.4,,,0.010547902,-1.127502811,,,,,,
02:36.4,,,0.010547923,-1.127502812,,,,,,
02:36.4,,,,,5347.297852,,,,,
02:36.4,,,,,,18.95800781,,,,
02:36.4,,,0.010547943,-1.127502814,,,,,,
02:36.4,,,0.005120661,-1.134115757,,,,,,
02:36.4,,,0.005120676,-1.134115781,,,,,,
02:36.5,,,0.005120683,-1.134115792,,,,,,
02:36.5,,,0.005120693,-1.134115808,,,,,,
02:36.5,,,0.005120707,-1.13411583,,,,,,
02:36.5,,,0.005120713,-1.134115839,,,,,,
02:36.6,,,,,5344.611328,,,,,
02:36.6,,,,,,35.60351563,,,,
02:36.9,,,,,,,,,,
02:37.2,,,,,,,,,/IP_10_3_0_8/move_camera,2161
02:37.9,,,,,,,,,,
02:38.0,,,-0.001682266,-1.119753941,,,,,,
02:38.0,,,-0.00164445,-1.116875644,,,,,,
02:38.0,,,-0.001571284,-1.111632254,,,,,,
02:38.0,,,-0.001509417,-1.107146442,,,,,,
02:38.1,,,-0.001342188,-1.095783904,,,,,,
02:38.2,,,-0.001220597,-1.088260195,,,,,,
02:38.2,,,-0.001082522,-1.080003577,,,,,,
02:38.2,,,-0.000933842,-1.071183369,,,,,,
02:38.3,,,,,5612.229492,,,,,
02:38.3,,,,,,42.61621094,,,,
02:38.3,,,-0.000699196,-1.057300664,,,,,,
02:38.3,,,,,5654.134766,,,,,
02:38.3,,,,,,20.53710938,,,,
02:38.4,,,-0.00143161,-1.101708152,,,,,,
02:38.9,,,,,,,,,,
02:39.4,,,,,,,,,/IP_10_3_0_8/reverse_robot,2109
02:39.8,,,0.013329713,-0.799493612,,,,,,
02:39.8,,,0.013576131,-0.784917477,,,,,,
02:39.8,,,0.013740219,-0.775522651,,,,,,
02:39.8,,,0.013893229,-0.766921511,,,,,,
02:39.8,,,0.01404774,-0.758392238,,,,,,
02:39.9,,,0.014190512,-0.750756663,,,,,,
02:39.9,,,0.014330941,-0.743292745,,,,,,
02:39.9,,,-0.000382047,-0.811650564,,,,,,
02:39.9,,,,,,,,,,
02:39.9,,,-0.000270185,-0.805623977,,,,,,
02:39.9,,,,,6648.568359,,,,,
02:39.9,,,,,,55.04492188,,,,
02:39.9,,,-0.000113218,-0.79753965,,,,,,
02:40.7,85.6061,53.63,,,,,96.3,8.18737152,,
02:40.9,,,,,,,,,,
02:41.2,,,0.090613086,-0.507912232,,,,,,
02:41.2,,,,,5317.567383,,,,,
02:41.2,,,,,,25.32128906,,,,
02:41.3,,,0.095356828,-0.500929902,,,,,,
02:41.3,,,0.018675905,-0.539681674,,,,,,
02:41.3,,,0.025105103,-0.524033956,,,,,,
02:41.3,,,0.031694666,-0.508662692,,,,,,
02:41.3,,,0.038608694,-0.493080077,,,,,,
02:41.3,,,0.045681286,-0.47746097,,,,,,
02:41.4,,,0.056579924,-0.453704676,,,,,,
02:41.4,,,0.067939772,-0.429226922,,,,,,
02:41.4,,,0.071650008,-0.421276818,,,,,,
02:41.5,,,,,7167.581055,,,,,
02:41.5,,,,,,30.96289063,,,,
02:41.9,,,,,,,,,,
02:42.9,,,,,,,,,,
02:43.1,,,0.257830574,-0.156854752,,,,,,
02:43.1,,,0.255215024,-0.158721986,,,,,,
02:43.1,,,0.251572866,-0.161158435,,,,,,
02:43.1,,,0.245239095,-0.16517288,,,,,,
02:43.2,,,0.236854755,-0.169928022,,,,,,
02:43.2,,,0.233721188,-0.171586243,,,,,,
02:43.2,,,0.227389206,-0.174855764,,,,,,
02:43.2,,,0.220693179,-0.178059139,,,,,,
02:43.2,,,0.214554186,-0.180885137,,,,,,
02:43.3,,,0.261988446,-0.153646506,,,,,,
02:43.3,,,,,7798.235352,,,,,
02:43.3,,,,,,21.40136719,,,,
02:43.3,,,,,6201.664063,,,,,
02:43.3,,,,,,19.68554688,,,,
02:43.9,,,,,,,,,,
02:44.9,,,,,,,,,,
02:45.1,,,0.133372007,-0.018695216,,,,,,
02:45.1,,,0.133430235,-0.018702027,,,,,,
02:45.1,,,0.133453504,-0.01870483,,,,,,
02:45.2,,,0.133455803,-0.018705139,,,,,,
02:45.2,,,0.133475043,-0.018707426,,,,,,
02:45.2,,,0.13349332,-0.018709598,,,,,,
02:45.2,,,0.133511831,-0.018711783,,,,,,
02:45.3,,,0.133527215,-0.018713619,,,,,,
02:45.3,,,0.133543077,-0.018715507,,,,,,
02:45.3,85.6061,54.06,,,,,97.8,8.18737152,,
02:45.3,85.6061,54.06,,,,,100,8.18737152,,
02:45.3,,,,,4333.869141,,,,,
02:45.3,,,,,,29.64355469,,,,
02:45.4,,,,,3868.598633,,,,,
02:45.4,,,,,,18.61621094,,,,
02:45.9,,,,,,,,,,
02:46.0,,,0.133347518,-0.018692293,,,,,,
02:46.8,,,0.00238006,-0.006861805,,,,,,
02:46.8,,,0.002392685,-0.006862684,,,,,,
02:46.8,,,0.002412599,-0.006864066,,,,,,
02:46.8,,,0.002418323,-0.006864474,,,,,,
02:46.8,,,0.002420124,-0.006864602,,,,,,
02:46.9,,,0.002423632,-0.006864852,,,,,,
02:46.9,,,0.002426938,-0.006865087,,,,,,
02:46.9,,,0.002430122,-0.006865313,,,,,,
02:46.9,,,0.002438033,-0.006865864,,,,,,
02:46.9,,,0.002445247,-0.006866367,,,,,,
02:46.9,,,,,,,,,,
02:46.9,,,,,4903.648438,,,,,
02:46.9,,,,,,34.68554688,,,,
02:47.1,,,,,,,,,/IP_10_3_0_8/move_robot,7786
02:47.3,,,,,,,,,/IP_10_3_0_8/rosping_service,7186
02:47.9,,,,,,,,,,
02:48.4,,,,,,56.54003906,,,,
02:48.4,,,0.009879511,-0.008694427,,,,,,
02:48.4,,,,,4444.898438,,,,,
02:48.4,,,0.009880365,-0.008694488,,,,,,
02:48.4,,,0.009881744,-0.008694586,,,,,,
02:48.4,,,0.009882818,-0.008694662,,,,,,
02:48.5,,,0.009883188,-0.008694688,,,,,,
02:48.5,,,0.00988587,-0.008694878,,,,,,
02:48.5,,,0.009886438,-0.008694918,,,,,,
02:48.5,,,0.009887056,-0.008694962,,,,,,
02:48.5,,,0.009887671,-0.008695006,,,,,,
02:48.5,,,0.009888175,-0.008695042,,,,,,
02:48.6,,,,,4991.105469,,,,,
02:48.6,,,,,,22.90136719,,,,
02:48.9,,,,,,,,,,
02:49.9,,,,,,,,,,
02:50.0,,,0.000597716,-0.016500142,,,,,,
02:50.0,,,0.000599148,-0.016500272,,,,,,
02:50.0,,,0.00060044,-0.016500388,,,,,,
02:50.0,,,0.000600947,-0.016500434,,,,,,
02:50.0,,,0.000601511,-0.016500486,,,,,,
02:50.0,,,0.00060197,-0.016500528,,,,,,
02:50.0,,,0.000602651,-0.016500589,,,,,,
02:50.0,,,,,6644.042969,,,,,
02:50.0,,,,,,19.01367188,,,,
02:50.0,,,0.000603076,-0.016500628,,,,,,
02:50.0,,,0.00060348,-0.016500665,,,,,,
02:50.0,,,0.000604454,-0.016500753,,,,,,
02:50.2,85.6061,54.08,,,,,95.3,8.18737152,,
02:50.2,,,,,6409.348633,,,,,
02:50.2,,,,,,17.31152344,,,,
02:50.9,,,,,,,,,,
02:51.5,,,0.002587843,-0.007786615,,,,,,
02:51.5,,,0.002588518,-0.00778665,,,,,,
02:51.5,,,0.002588761,-0.007786663,,,,,,
02:51.5,,,0.00258899,-0.007786675,,,,,,
02:51.6,,,0.00258922,-0.007786687,,,,,,
02:51.6,,,0.002589428,-0.007786698,,,,,,
02:51.6,,,0.002589875,-0.007786721,,,,,,
02:51.6,,,0.002590058,-0.00778673,,,,,,
02:51.6,,,0.002590997,-0.007786779,,,,,,
02:51.6,,,0.002591365,-0.007786798,,,,,,
02:51.6,,,,,6134.881836,,,,,
02:51.6,,,,,,17.50488281,,,,
02:51.9,,,,,,,,,,
02:52.9,,,,,,,,,,
02:53.1,,,0.011473186,-0.007945001,,,,,,
02:53.2,,,0.011473364,-0.007945009,,,,,,
02:53.2,,,0.011473424,-0.007945012,,,,,,
02:53.2,,,0.011473443,-0.007945013,,,,,,
02:53.3,,,0.011473578,-0.00794502,,,,,,
02:53.3,,,0.011473715,-0.007945026,,,,,,
02:53.3,,,0.011473838,-0.007945032,,,,,,
02:53.3,,,0.011474135,-0.007945047,,,,,,
02:53.3,,,,,5588.702148,,,,,
02:53.3,,,,,,30.04492188,,,,
02:53.3,,,0.011474152,-0.007945048,,,,,,
02:53.4,,,0.011474171,-0.007945048,,,,,,
02:53.4,,,,,5311.751953,,,,,
02:53.4,,,,,,24.19824219,,,,
02:53.9,,,,,,,,,,
02:54.7,,,0.007757707,-0.008763009,,,,,,
02:54.7,,,0.007757889,-0.00876303,,,,,,
02:54.7,,,0.007757963,-0.008763038,,,,,,
02:54.7,,,0.007757991,-0.008763042,,,,,,
02:54.7,,,0.007758058,-0.008763049,,,,,,
02:54.7,,,0.00775812,-0.008763056,,,,,,
02:54.7,,,0.00775818,-0.008763063,,,,,,
02:54.8,,,0.007758237,-0.00876307,,,,,,
02:54.8,85.6061,54.01,,,,,96.3,8.18737152,,
02:54.8,,,0.007758291,-0.008763076,,,,,,
02:54.8,,,,,6636.855469,,,,,
02:54.8,,,,,,35.32226563,,,,
02:54.8,85.6061,54.01,,,,,100,8.18737152,,
02:54.8,,,0.007758418,-0.00876309,,,,,,
02:54.9,,,,,,,,,,
02:55.9,,,,,,,,,,
02:56.5,,,0.017071835,-0.007114428,,,,,,
02:56.5,,,0.017071873,-0.007114427,,,,,,
02:56.6,,,0.01707191,-0.007114426,,,,,,
02:56.6,,,0.017071995,-0.007114424,,,,,,
02:56.6,,,,,6404.591797,,,,,
02:56.6,,,,,,53.89160156,,,,
02:56.6,,,0.017072028,-0.007114423,,,,,,
02:56.6,,,0.017072031,-0.007114423,,,,,,
02:56.6,,,0.017072061,-0.007114422,,,,,,
02:56.6,,,0.017072087,-0.007114422,,,,,,
02:56.7,,,0.017072111,-0.007114421,,,,,,
02:56.7,,,0.017072136,-0.00711442,,,,,,
02:56.8,,,,,5507.826172,,,,,
02:56.8,,,,,,17.15820313,,,,
02:56.9,,,,,,,,,,
02:57.9,,,,,,,,,,
02:58.3,,,0.043868241,-0.011855076,,,,,,
02:58.3,,,0.023341481,-0.011529688,,,,,,
02:58.4,,,0.032605518,-0.012160563,,,,,,
02:58.4,,,0.042049566,-0.01280613,,,,,,
02:58.5,,,0.05141602,-0.013456139,,,,,,
02:58.5,,,0.06103194,-0.014128105,,,,,,
02:58.5,,,0.075499748,-0.015155658,,,,,,
02:58.5,,,0.090323514,-0.016233449,,,,,,
02:58.5,,,,,5721.980469,,,,,
02:58.5,,,,,,17.64355469,,,,
02:58.5,,,0.095129712,-0.016584815,,,,,,
02:58.5,,,0.104712771,-0.017288077,,,,,,
02:58.7,,,,,6330.65332,,,,,
02:58.7,,,,,,26.72265625,,,,
02:58.9,,,,,,,,,,
02:59.4,,,,,,,,,/IP_10_3_0_8/reverse_robot,2218
02:59.9,,,,,,,,,,
03:00.4,,,0.385568518,-0.03167374,,,,,,
03:00.4,,,0.386005406,-0.031698971,,,,,,
03:00.4,,,0.386873479,-0.031743772,,,,,,
03:00.4,,,0.387252373,-0.031760435,,,,,,
03:00.5,,,0.38677663,-0.031739514,,,,,,
03:00.5,,,0.385716844,-0.031708812,,,,,,
03:00.5,,,0.384042274,-0.031679585,,,,,,
03:00.5,,,0.380768289,-0.031699534,,,,,,
03:00.5,,,0.376519765,-0.031818945,,,,,,
03:00.5,,,0.37479224,-0.031898136,,,,,,
03:00.5,,,,,4564.74707,,,,,
03:00.5,,,,,,16.34082031,,,,
03:00.7,85.6061,53.87,,,,,95.6,8.18737152,,
03:00.7,,,,,4979.508789,,,,,
03:00.7,,,,,,38.25292969,,,,
03:00.9,,,,,,,,,,
03:01.9,,,,,,,,,,
03:01.9,,,0.180559352,-0.042528011,,,,,,
03:02.0,,,0.161708327,-0.047287676,,,,,,
03:02.1,,,,,4563.824219,,,,,
03:02.1,,,,,,20.13085938,,,,
03:02.2,,,,,5384.878906,,,,,
03:02.2,,,,,,41.45019531,,,,
03:02.3,,,0.141994976,-0.053409388,,,,,,
03:02.4,,,0.130332511,-0.057618431,,,,,,
03:02.4,,,0.151623757,-0.050244386,,,,,,
03:02.5,,,0.124885887,-0.05996204,,,,,,
03:02.9,,,,,,,,,,
03:02.9,,,0.117611508,-0.063055998,,,,,,
03:02.9,,,,,,,,,/IP_10_3_0_8/move_robot,3516
03:02.9,,,0.107149027,-0.068021119,,,,,,
03:03.0,,,0.099123629,-0.072341509,,,,,,
03:03.0,,,0.096689626,-0.073798965,,,,,,
03:03.6,,,0.170651649,-0.159538554,,,,,,
03:03.6,,,0.170689702,-0.159461768,,,,,,
03:03.6,,,0.170683148,-0.159459547,,,,,,
03:03.6,,,0.170676948,-0.159457386,,,,,,
03:03.6,,,0.170684917,-0.159434607,,,,,,
03:03.7,,,0.035906301,-0.288588213,,,,,,
03:03.7,,,0.035912482,-0.288540557,,,,,,
03:03.7,,,0.035917614,-0.288500962,,,,,,
03:03.7,,,0.035932457,-0.288395571,,,,,,
03:03.7,,,0.035936569,-0.288356105,,,,,,
03:03.7,,,,,7750.539063,,,,,
03:03.7,,,,,,54.85449219,,,,
03:03.9,,,,,,,,,,
03:04.9,,,,,,,,,,
03:05.2,85.6061,53.73,,,,,95.9,8.18737152,,
03:05.2,,,0.026774522,-0.312675803,,,,,,
03:05.2,,,0.026774594,-0.312671872,,,,,,
03:05.2,85.6061,53.73,,,,,100,8.18737152,,
03:05.2,,,0.026774807,-0.312660208,,,,,,
03:05.3,,,0.026774927,-0.312653598,,,,,,
03:05.3,,,,,6515.507813,,,,,
03:05.3,,,,,,26.73535156,,,,
03:05.3,,,0.026775039,-0.312647395,,,,,,
03:05.3,,,0.026775099,-0.312644096,,,,,,
03:05.3,,,0.026775268,-0.312634855,,,,,,
03:05.3,,,0.026775419,-0.31262653,,,,,,
03:05.3,,,0.026775467,-0.312623882,,,,,,
03:05.3,,,0.02677556,-0.312618764,,,,,,
03:05.6,,,,,6077.15332,,,,,
03:05.6,,,,,,23.83203125,,,,
03:05.9,,,,,,,,,,
03:06.9,,,,,,,,,,
03:07.1,,,0.028755386,-0.54330728,,,,,,
03:07.1,,,0.028570619,-0.562710858,,,,,,
03:07.1,,,0.028302217,-0.581127687,,,,,,
03:07.2,,,0.028208617,-0.587108869,,,,,,
03:07.2,,,0.027911989,-0.605138821,,,,,,
03:07.2,,,0.027678175,-0.616982352,,,,,,
03:07.2,,,0.027421646,-0.628729677,,,,,,
03:07.2,,,0.027143846,-0.640170868,,,,,,
03:07.2,,,0.026848303,-0.651343231,,,,,,
03:07.2,,,0.02654107,-0.662238423,,,,,,
03:07.2,,,,,5902.014648,,,,,
03:07.2,,,,,,19.20800781,,,,
03:07.4,,,,,5393.987305,,,,,
03:07.4,,,,,,18.38476563,,,,
03:07.8,,,,,,,,,,
03:08.7,,,0.01263429,-0.864807693,,,,,,
03:08.7,,,0.012324274,-0.869767261,,,,,,
03:08.7,,,0.011996209,-0.874978466,,,,,,
03:08.7,,,0.01174276,-0.879067157,,,,,,
03:08.7,,,0.011304307,-0.886211819,,,,,,
03:08.8,,,0.011047887,-0.890550085,,,,,,
03:08.8,,,0.010828713,-0.894313595,,,,,,
03:08.8,,,0.010607837,-0.898170032,,,,,,
03:08.9,,,0.010403177,-0.901822199,,,,,,
03:08.9,,,,,,,,,,
03:08.9,,,0.010195654,-0.90549764,,,,,,
03:09.3,,,,,8236.620117,,,,,
03:09.3,,,,,,31.99707031,,,,
03:09.9,,,,,,,,,,
03:10.2,,,0.009269212,-1.053221164,,,,,,
03:10.2,,,0.009216839,-1.053973587,,,,,,
03:10.3,,,0.009103919,-1.055590749,,,,,,
03:10.3,,,0.008999106,-1.05708281,,,,,,
03:10.3,,,0.013665718,-1.086420979,,,,,,
03:10.3,,,,,9246.601563,,,,,
03:10.3,,,,,,27.36425781,,,,
03:10.3,,,0.013563709,-1.087844642,,,,,,
03:10.3,,,0.013454877,-1.089347406,,,,,,
03:10.3,,,0.013281088,-1.091734104,,,,,,
03:10.3,,,0.013121847,-1.093892416,,,,,,
03:10.3,,,0.013071734,-1.094569096,,,,,,
03:10.4,85.6061,53.56,,,,,97.7,8.18737152,,
03:10.5,,,,,8142.407227,,,,,
03:10.5,,,,,,32.54492188,,,,
03:10.9,,,,,,,,,,
03:11.9,,,,,,,,,,
03:12.1,,,0.001641691,-1.12705215,,,,,,
03:12.1,,,0.001643073,-1.126986301,,,,,,
03:12.2,,,0.001643466,-1.126971066,,,,,,
03:12.2,,,0.001647418,-1.126727776,,,,,,
03:12.2,,,0.001656075,-1.126121496,,,,,,
03:12.2,,,0.001657615,-1.126033487,,,,,,
03:12.2,,,0.001660874,-1.125855605,,,,,,
03:12.2,,,,,8842.749023,,,,,
03:12.2,,,,,,56.57128906,,,,
03:12.4,,,,,7913.962891,,,,,
03:12.4,,,,,,19.59863281,,,,
03:12.8,,,0.001682446,-1.125725707,,,,,,
03:12.8,,,0.001659936,-1.126407592,,,,,,
03:12.9,,,0.001642339,-1.127024766,,,,,,
03:12.9,,,,,,,,,,
03:13.9,,,,,,,,,,
03:13.9,,,-0.006078654,-1.13326802,,,,,,
03:14.0,,,-0.006075449,-1.133170816,,,,,,
03:14.0,,,-0.006075414,-1.133169534,,,,,,
03:14.0,,,-0.006075347,-1.133167057,,,,,,
03:14.0,,,-0.006075314,-1.133165859,,,,,,
03:14.0,,,-0.006074914,-1.133152239,,,,,,
03:14.0,,,-0.006074562,-1.13314043,,,,,,
03:14.0,,,-0.006074541,-1.133139657,,,,,,
03:14.0,,,-0.006075534,-1.133168794,,,,,,
03:14.1,,,,,7740.012695,,,,,
03:14.1,,,,,,20.6328125,,,,
03:14.2,85.6061,53.87,,,,,98.5,8.18737152,,
03:14.2,,,,,6981.919922,,,,,
03:14.2,,,,,,21.35546875,,,,
03:14.2,85.6061,53.87,,,,,100,8.18737152,,
03:14.3,,,-0.006070712,-1.133030383,,,,,,
03:14.9,,,,,,,,,,
03:15.5,,,,,,,,,/IP_10_3_0_8/trolley_parking_service,12570
03:15.6,,,,,,,,,/IP_10_3_0_8/rosping_service,11756
03:15.8,,,-0.01223385,-1.145113188,,,,,,
03:15.8,,,-0.01223381,-1.145112024,,,,,,
03:15.8,,,-0.012233809,-1.145111983,,,,,,
03:15.9,,,-0.012233771,-1.145110866,,,,,,
03:15.9,,,-0.0084849,-1.13560639,,,,,,
03:15.9,,,,,,,,,,
03:16.1,,,-0.008484733,-1.135601856,,,,,,
03:16.1,,,-0.008484592,-1.135598174,,,,,,
03:16.2,,,-0.008484571,-1.135597554,,,,,,
03:16.6,,,-0.008484829,-1.13560449,,,,,,
03:16.9,,,,,8046.290039,,,,,
03:16.9,,,-0.008484798,-1.135603596,,,,,,
03:16.9,,,,,,18.62695313,,,,
03:16.9,,,,,,,,,,
03:17.6,,,0.00292323,-1.132842657,,,,,,
03:17.6,,,,,6264.063477,,,,,
03:17.6,,,,,,39.60351563,,,,
03:17.6,,,0.002923245,-1.132842425,,,,,,
03:17.7,,,0.002923258,-1.132842206,,,,,,
03:17.7,,,0.002923294,-1.132841621,,,,,,
03:17.7,,,0.00292333,-1.13284104,,,,,,
03:17.7,,,0.002923345,-1.132840789,,,,,,
03:17.8,,,0.00292335,-1.13284071,,,,,,
03:17.8,,,0.00292336,-1.132840555,,,,,,
03:17.8,,,0.002923369,-1.1328404,,,,,,
03:17.8,,,0.00292338,-1.13284023,,,,,,
03:17.9,,,,,,,,,,
03:18.0,,,,,7353.773438,,,,,
03:18.0,,,,,,21.65820313,,,,
03:18.9,,,,,,,,,,
03:19.3,,,-0.0054894,-1.142211127,,,,,,
03:19.3,,,-0.005489407,-1.142210897,,,,,,
03:19.4,,,-0.005489413,-1.142210679,,,,,,
03:19.4,,,-0.005489418,-1.142210544,,,,,,
03:19.4,,,-0.005489423,-1.142210348,,,,,,
03:19.4,,,-0.005489426,-1.142210271,,,,,,
03:19.4,,,-0.005489428,-1.142210197,,,,,,
03:19.4,,,,,7607.46875,,,,,
03:19.4,,,,,,33.66699219,,,,
03:19.4,,,-0.005489431,-1.142210114,,,,,,
03:19.4,,,-0.005489433,-1.142210056,,,,,,
03:19.5,,,-0.005489444,-1.142209663,,,,,,
03:19.7,,,,,9076.620117,,,,,
03:19.7,,,,,,53.9296875,,,,
03:19.9,,,,,,,,,,
03:20.9,,,,,,,,,,
03:21.3,,,-0.007722935,-1.128262073,,,,,,
03:21.3,,,-0.007722938,-1.128262013,,,,,,
03:21.3,,,-0.007722942,-1.128261956,,,,,,
03:21.3,,,-0.007722945,-1.128261902,,,,,,
03:21.3,,,-0.007722953,-1.12826176,,,,,,
03:21.3,,,-0.007722956,-1.128261715,,,,,,
03:21.3,,,-0.007722956,-1.128261711,,,,,,
03:21.3,85.6061,53.27,,,,,97.3,8.18737152,,
03:21.3,,,-0.007722959,-1.128261667,,,,,,
03:21.3,,,-0.007722961,-1.128261627,,,,,,
03:21.3,,,-0.007722963,-1.128261588,,,,,,
03:21.3,,,,,8718.844727,,,,,
03:21.3,,,,,,18.47363281,,,,
03:21.6,,,,,7654.108398,,,,,
03:21.6,,,,,,23.60546875,,,,
03:21.9,,,,,,,,,,
03:22.9,,,,,,,,,,
03:23.2,,,0.004985354,-1.143063096,,,,,,
03:23.2,,,0.004985456,-1.143063121,,,,,,
03:23.2,,,0.004985499,-1.143063132,,,,,,
03:23.2,,,0.00498551,-1.143063135,,,,,,
03:23.3,,,0.004985547,-1.143063144,,,,,,
03:23.3,,,0.004985583,-1.143063153,,,,,,
03:23.3,,,0.004985615,-1.143063161,,,,,,
03:23.3,,,0.004985646,-1.143063169,,,,,,
03:23.3,,,0.004985674,-1.143063175,,,,,,
03:23.3,,,0.004985748,-1.143063194,,,,,,
03:23.3,,,,,7825.640625,,,,,
03:23.3,,,,,,18.46191406,,,,
03:23.6,,,,,7771.243164,,,,,
03:23.6,,,,,,18.12402344,,,,
03:23.9,,,,,,,,,,
03:24.9,,,,,,,,,,
03:25.3,,,0.006331262,-1.136791961,,,,,,
03:25.3,,,0.00633127,-1.136791961,,,,,,
03:25.3,,,0.006331305,-1.136791962,,,,,,
03:25.3,,,0.006331338,-1.136791963,,,,,,
03:25.4,,,0.006331352,-1.136791964,,,,,,
03:25.4,,,0.006331363,-1.136791964,,,,,,
03:25.4,,,0.006331375,-1.136791964,,,,,,
03:25.4,,,0.006331391,-1.136791965,,,,,,
03:25.5,,,0.006331406,-1.136791965,,,,,,
03:25.5,,,0.006331412,-1.136791965,,,,,,
03:25.7,85.6061,53.74,,,,,96.3,8.18737152,,
03:25.7,85.6061,53.74,,,,,100,8.18737152,,
03:25.7,,,,,8556.547852,,,,,
03:25.7,,,,,,29.41210938,,,,
03:25.7,,,,,8038.588867,,,,,
03:25.7,,,,,,22.63964844,,,,
03:25.9,,,,,,,,,,
03:27.0,,,,,,,,,,
03:27.9,,,0.003743354,-1.127471007,,,,,,
03:28.0,,,0.003743387,-1.127471,,,,,,
03:28.0,,,,,,,,,,
03:28.1,,,0.003743393,-1.127470999,,,,,,
03:28.1,,,,,,,,,/IP_10_3_0_8/release_trolley,12562
03:28.1,,,,,7578.685547,,,,,
03:28.1,,,,,,32.39648438,,,,
03:28.1,,,0.003743418,-1.127470994,,,,,,
03:28.1,,,0.003743432,-1.127470991,,,,,,
03:28.1,,,0.003743448,-1.127470988,,,,,,
03:28.1,,,0.00374347,-1.127470984,,,,,,
03:28.1,,,0.003743522,-1.127470974,,,,,,
03:28.1,,,0.003743542,-1.12747097,,,,,,
03:28.2,,,0.003743547,-1.127470969,,,,,,
03:28.2,,,,,6668.862305,,,,,
03:28.2,,,,,,52.83300781,,,,
03:28.9,,,,,,,,,,
03:29.9,,,,,,,,,,
03:30.3,,,-0.003444193,-1.002700745,,,,,,
03:30.3,,,,,6218.100586,,,,,
03:30.3,,,,,,16.81933594,,,,
03:30.3,,,-0.002994454,-0.992914031,,,,,,
03:30.3,,,-0.002546938,-0.983319888,,,,,,
03:30.4,,,-0.002094756,-0.97377552,,,,,,
03:30.4,,,-0.00162274,-0.963965724,,,,,,
03:30.4,,,-0.000943766,-0.949824672,,,,,,
03:30.4,,,-0.000433274,-0.939279985,,,,,,
03:30.4,,,0.000521875,-0.919759074,,,,,,
03:30.4,,,0.000982423,-0.910431971,,,,,,
03:30.4,,,0.001536996,-0.899131406,,,,,,
03:30.5,,,,,4980.241211,,,,,
03:30.5,,,,,,25.40234375,,,,
03:30.6,85.6061,53.67,,,,,95.2,8.18737152,,
03:30.6,,,,,6337.089844,,,,,
03:30.6,,,,,,17.78808594,,,,
03:31.2,,,,,,,,,,
03:31.9,,,,,,,,,/IP_10_3_0_8/reverse_robot,3413
03:32.5,,,,,,,,,,
03:33.0,,,,,,,,,,
03:33.3,,,0.018081652,-0.432458293,,,,,,
03:33.4,,,0.017994628,-0.426230147,,,,,,
03:33.5,,,0.015011573,-0.398859853,,,,,,
03:33.5,,,0.013130694,-0.389185778,,,,,,
03:33.5,,,0.01071048,-0.378853357,,,,,,
03:33.5,,,0.007946143,-0.36831513,,,,,,
03:33.6,,,0.002619892,-0.350827963,,,,,,
03:33.6,,,-0.004784133,-0.331664019,,,,,,
03:33.6,,,-0.008032131,-0.324061796,,,,,,
03:33.6,,,-0.013953604,-0.311218079,,,,,,
03:33.7,,,,,5898.311523,,,,,
03:33.7,,,,,,17.52929688,,,,
03:33.8,,,,,5454.387695,,,,,
03:33.8,,,,,,27.55664063,,,,
03:33.9,,,,,4755.379883,,,,,
03:33.9,,,,,,39.83203125,,,,
03:34.0,,,,,,,,,,
03:35.5,,,,,,,,,,
03:35.9,,,,,,,,,,
03:36.2,,,0.104494884,-0.128621702,,,,,,
03:36.2,,,0.128099806,-0.126494629,,,,,,
03:36.3,,,0.152869525,-0.124167445,,,,,,
03:36.3,,,0.182713417,-0.121281786,,,,,,
03:36.3,,,0.203597462,-0.119256713,,,,,,
03:36.3,,,0.24206808,-0.115471497,,,,,,
03:36.3,,,-0.012522907,-0.00637808,,,,,,
03:36.3,85.6061,53.93,,,,,96.3,8.18737152,,
03:36.3,,,-0.001837008,0.001641163,,,,,,
03:36.3,85.6061,53.93,,,,,100,8.18737152,,
03:36.3,,,0.019730459,0.017844189,,,,,,
03:36.3,,,0.042394041,0.034893582,,,,,,
03:36.4,,,,,5252.038086,,,,,
03:36.4,,,,,,38.78417969,,,,
03:36.5,,,,,4625.371094,,,,,
03:36.5,,,,,,57.31152344,,,,
03:36.6,,,,,4596.249023,,,,,
03:36.6,,,,,,29.625,,,,
03:36.9,,,,,,,,,,
03:37.9,,,,,,,,,,
03:38.1,,,0.497248913,0.470731657,,,,,,
03:38.2,,,0.510764555,0.486795709,,,,,,
03:38.2,,,0.528845768,0.510019867,,,,,,
03:38.2,,,0.548378978,0.540412642,,,,,,
03:38.3,,,0.556887467,0.555318512,,,,,,
03:38.3,,,0.565545023,0.571959848,,,,,,
03:38.3,,,0.570876099,0.583598908,,,,,,
03:38.3,,,0.576442521,0.59680998,,,,,,
03:38.3,,,0.581267539,0.609643236,,,,,,
03:38.3,,,0.587407058,0.628187551,,,,,,
03:38.3,,,,,5419.046875,,,,,
03:38.3,,,,,,25.50585938,,,,
03:38.4,,,,,5197.204102,,,,,
03:38.4,,,,,,20.70117188,,,,
03:38.9,,,,,,,,,,
03:39.9,,,1.057058286,0.945553921,,,,,,
03:39.9,,,1.061572027,0.938375899,,,,,,
03:39.9,,,1.066049235,0.931730196,,,,,,
03:39.9,,,,,,,,,,
03:40.1,,,,,5903.397461,,,,,
03:40.1,,,,,,18.39746094,,,,
03:40.1,85.6061,53.78,,,,,96.5,8.18737152,,
03:40.3,,,1.070277824,0.925707823,,,,,,
03:40.3,,,1.074432546,0.920255529,,,,,,
03:40.3,,,1.07965131,0.9136674,,,,,,
03:40.3,,,1.083734834,0.909297684,,,,,,
03:40.4,,,1.088110603,0.904866576,,,,,,
03:40.4,,,1.089530312,0.903567459,,,,,,
03:40.4,,,1.090724041,0.902521692,,,,,,
03:40.9,,,,,,,,,,
03:41.4,,,1.084293987,1.091965275,,,,,,
03:41.4,,,,,6233.749023,,,,,
03:41.4,,,,,,31.77832031,,,,
03:41.4,,,1.081708212,1.092290494,,,,,,
03:41.5,,,1.079775722,1.092494394,,,,,,
03:41.5,,,1.077884804,1.092639121,,,,,,
03:41.5,,,1.077463047,1.092654361,,,,,,
03:41.5,,,1.077886245,1.092627493,,,,,,
03:41.5,,,1.078850897,1.092579668,,,,,,
03:41.5,,,1.08074109,1.09251168,,,,,,
03:41.5,,,1.083188979,1.092436996,,,,,,
03:41.5,,,1.086458638,1.092363626,,,,,,
03:41.7,,,,,6664.032227,,,,,
03:41.7,,,,,,25.93945313,,,,
03:41.9,,,,,,,,,,
03:42.9,,,,,,,,,,
03:43.2,,,1.144854473,1.097571717,,,,,,
03:43.2,,,1.144853666,1.097571728,,,,,,
03:43.3,,,1.144853316,1.097571735,,,,,,
03:43.3,,,1.173820662,1.098464825,,,,,,
03:43.3,,,1.173817656,1.098464813,,,,,,
03:43.3,,,1.173811755,1.098464801,,,,,,
03:43.4,,,1.17380913,1.09846479,,,,,,
03:43.4,,,1.173805297,1.098464774,,,,,,
03:43.4,,,1.17380189,1.09846476,,,,,,
03:43.5,,,1.173800792,1.098464755,,,,,,
03:43.5,,,,,6987.72168,,,,,
03:43.5,,,,,,31.67480469,,,,
03:43.6,,,,,5427.698242,,,,,
03:43.6,,,,,,54.28027344,,,,
03:44.0,,,,,,,,,,
03:44.4,,,,,,,,,/IP_10_3_0_8/move_robot,12408
03:44.9,,,,,,,,,,
03:45.3,,,1.17797013,1.097412979,,,,,,
03:45.3,,,1.177968971,1.097412977,,,,,,
03:45.3,,,1.177967809,1.097412975,,,,,,
03:45.3,,,1.177966678,1.097412973,,,,,,
03:45.3,,,1.177708169,1.099913244,,,,,,
03:45.3,,,1.177704621,1.099913234,,,,,,
03:45.4,,,1.177702905,1.099913226,,,,,,
03:45.4,,,1.177702587,1.099913224,,,,,,
03:45.4,,,1.177701357,1.09991322,,,,,,
03:45.4,,,1.177700118,1.099913215,,,,,,
03:45.4,85.6061,53.91,,,,,96.1,8.18737152,,
03:45.4,85.6061,53.91,,,,,90,8.18737152,,
03:45.5,,,,,5965.854492,,,,,
03:45.5,,,,,,17.56445313,,,,
03:45.5,,,,,5051.606445,,,,,
03:45.5,,,,,,22.23046875,,,,
03:45.9,,,,,,,,,,
03:46.9,,,,,,,,,,
03:47.1,,,1.179342628,1.108109707,,,,,,
03:47.2,,,1.179342236,1.108109722,,,,,,
03:47.2,,,1.179341867,1.108109736,,,,,,
03:47.2,,,1.179341468,1.108109751,,,,,,
03:47.2,,,1.179341158,1.108109763,,,,,,
03:47.3,,,1.179341096,1.108109765,,,,,,
03:47.3,,,1.179340791,1.108109777,,,,,,
03:47.3,,,1.179340493,1.108109788,,,,,,
03:47.3,,,1.179340203,1.1081098,,,,,,
03:47.3,,,1.179339942,1.10810981,,,,,,
03:47.3,,,,,6107.772461,,,,,
03:47.3,,,,,,47.10644531,,,,
03:47.4,,,,,6329.275391,,,,,
03:47.4,,,,,,31.91601563,,,,
03:47.9,,,,,,,,,,
03:49.0,,,,,,,,,,
03:49.4,,,1.172531502,1.106726441,,,,,,
03:49.5,,,1.172531401,1.106726442,,,,,,
03:49.5,,,1.172531148,1.106726445,,,,,,
03:49.5,,,1.172531053,1.106726446,,,,,,
03:49.5,,,1.172531046,1.106726447,,,,,,
03:49.5,,,1.179802296,1.106725423,,,,,,
03:49.5,,,1.179802189,1.106725425,,,,,,
03:49.5,,,1.179802087,1.106725428,,,,,,
03:49.5,,,1.17980199,1.106725431,,,,,,
03:49.5,,,1.179801776,1.106725436,,,,,,
03:49.5,,,,,5647.708008,,,,,
03:49.5,,,,,,28.48730469,,,,
03:49.7,,,,,6378.59375,,,,,
03:49.7,,,,,,20.79980469,,,,
03:49.9,,,,,,,,,,
03:50.9,,,,,,,,,,
03:51.4,,,1.180443855,1.103261027,,,,,,
03:51.4,,,1.180443847,1.103261025,,,,,,
03:51.5,,,1.180443824,1.103261021,,,,,,
03:51.5,,,1.180443802,1.103261018,,,,,,
03:51.6,,,1.18044375,1.103261008,,,,,,
03:51.6,85.6061,53.78,,,,,94.7,8.18737152,,
03:51.6,,,1.180443703,1.103261,,,,,,
03:51.6,,,1.180443718,1.103261003,,,,,,
03:51.6,,,1.180443701,1.103261,,,,,,
03:51.6,,,,,,,,,/IP_10_3_0_8/move_camera,2211
03:51.6,,,1.180443684,1.103260997,,,,,,
03:51.6,,,1.180443631,1.103260988,,,,,,
03:51.6,,,,,4124.549805,,,,,
03:51.6,,,,,,47.59960938,,,,
03:51.8,,,,,4868.083984,,,,,
03:51.8,,,,,,54,,,,
03:51.9,,,,,,,,,,
03:52.9,,,,,,,,,,
03:53.7,,,1.030507389,1.043772062,,,,,,
03:53.7,,,1.017890838,1.036958563,,,,,,
03:53.7,,,1.002763907,1.028322323,,,,,,
03:53.7,,,0.9788062,1.013922438,,,,,,
03:53.8,,,0.953893858,0.998182607,,,,,,
03:53.8,,,0.945438461,0.992738972,,,,,,
03:53.8,,,0.928543947,0.981778481,,,,,,
03:53.9,,,0.910432494,0.969909087,,,,,,
03:53.9,,,0.89200393,0.957545873,,,,,,
03:53.9,,,0.873283969,0.944841756,,,,,,
03:53.9,,,,,6856.526367,,,,,
03:53.9,,,,,,24.13671875,,,,
03:54.0,,,,,,,,,,
03:54.9,,,,,6319.572266,,,,,
03:54.9,,,,,,22.40820313,,,,
03:54.9,,,,,,,,,,
03:55.8,,,0.375363627,0.182933818,,,,,,
03:55.8,,,0.361237901,0.165929583,,,,,,
03:55.8,85.6061,53.65,,,,,94,8.18737152,,
03:55.8,,,0.348168967,0.150323458,,,,,,
03:55.8,85.6061,53.65,,,,,100,8.18737152,,
03:55.8,,,0.335144602,0.134851744,,,,,,
03:55.9,,,0.3168833,0.113276987,,,,,,
03:55.9,,,0.299012621,0.092205351,,,,,,
03:55.9,,,,,6580.793945,,,,,
03:55.9,,,,,,21.37792969,,,,
03:55.9,,,0.293317834,0.08548981,,,,,,
03:55.9,,,0.282514816,0.072744638,,,,,,
03:55.9,,,,,,,,,,
03:56.0,,,0.272228874,0.060597714,,,,,,
03:56.0,,,0.262708495,0.049291978,,,,,,
03:56.7,,,,,5499.474609,,,,,
03:56.7,,,,,,21.31152344,,,,
03:56.9,,,,,,,,,,
03:58.0,,,,,,,,,,
03:58.5,,,0.020886207,-0.338767151,,,,,,
03:58.6,,,0.020885998,-0.338762869,,,,,,
03:58.6,,,0.020889775,-0.338707351,,,,,,
03:58.6,,,,,7511.399414,,,,,
03:58.6,,,,,,32.27539063,,,,
03:58.6,,,0.020891619,-0.338677199,,,,,,
03:58.6,,,0.020893913,-0.338639721,,,,,,
03:58.6,,,0.020894832,-0.338624459,,,,,,
03:58.6,,,0.020900675,-0.338543697,,,,,,
03:58.7,,,0.020899653,-0.338552914,,,,,,
03:58.7,,,0.020903101,-0.338502803,,,,,,
03:58.7,,,0.020903986,-0.338487522,,,,,,
03:58.9,,,,,6267.673828,,,,,
03:58.9,,,,,,18.3828125,,,,
03:58.9,,,,,5681.166992,,,,,
03:58.9,,,,,,36.09667969,,,,
03:59.0,,,,,,,,,,
04:00.0,,,,,,,,,,
04:01.0,,,,,,,,,,
04:01.2,,,0.016740369,-0.33848992,,,,,,
04:01.2,,,0.016742811,-0.338454097,,,,,,
04:01.2,,,0.016743479,-0.338444225,,,,,,
04:01.2,,,0.016743637,-0.33844171,,,,,,
04:01.2,,,0.016744219,-0.338433103,,,,,,
04:01.3,,,0.016744777,-0.338424854,,,,,,
04:01.3,,,0.016745304,-0.338417061,,,,,,
04:01.3,,,0.016745806,-0.338409651,,,,,,
04:01.3,,,0.016746283,-0.338402591,,,,,,
04:01.3,,,0.016747526,-0.338384447,,,,,,
04:01.3,,,,,5454.175781,,,,,
04:01.3,,,,,,52.93554688,,,,
04:01.3,,,,,,,,,/IP_10_3_0_8/move_robot,9694
04:01.4,85.6061,53.31,,,,,97.4,8.18737152,,
04:01.4,,,,,5591.472656,,,,,
04:01.4,,,,,,16.74804688,,,,
04:01.5,,,,,5692.667969,,,,,
04:01.5,,,,,,17.58105469,,,,
04:01.6,,,,,,,,,/IP_10_3_0_8/rosping_service,704
04:02.0,,,,,,,,,,
04:03.0,,,,,,,,,,
04:03.6,,,,,,,,,/IP_10_3_0_8/move_camera,2261
04:04.0,,,0.017052422,-0.338483201,,,,,,
04:04.2,,,0.017052645,-0.338479918,,,,,,
04:04.2,,,,,4637.019531,,,,,
04:04.2,,,,,,35.32421875,,,,
04:04.2,,,0.017052722,-0.338478668,,,,,,
04:04.2,,,0.017052847,-0.338476779,,,,,,
04:04.2,85.6061,53.31,,,,,97.2,8.18737152,,
04:04.2,,,0.017053149,-0.33847225,,,,,,
04:04.2,,,,,5086.130859,,,,,
04:04.2,,,,,,18.140625,,,,
04:04.2,85.6061,53.31,,,,,100,8.18737152,,
04:04.3,,,0.017053213,-0.338471239,,,,,,
04:04.3,,,0.017053234,-0.338470915,,,,,,
04:04.3,,,0.017053272,-0.338470302,,,,,,
04:04.3,,,0.017053374,-0.338468761,,,,,,
04:04.3,,,0.017053471,-0.338467299,,,,,,
04:04.4,,,,,,,,,,
04:04.9,,,,,,,,,/IP_10_3_0_8/object_detection,1357
04:05.0,,,,,,,,,,
